month,current,overdue_1_30,overdue_31_60,overdue_61_90,overdue_90_plus,total_ap,overdue_ap,overdue_pct,weighted_age_days,supplier_count,trailing_12m_supplier_count,top5_spend_concentration,single_source_ap,critical_supplier_ap
2023-10,53174988.18,0.0,0.0,0.0,0.0,53174988.18,0.0,0.0,0.0,77,77,0.8492373871370437,1264247.8199999998,52283971.529999994
2023-11,40804091.28,0.0,0.0,0.0,0.0,40804091.28,0.0,0.0,13.109029906571662,81,84,0.6415881874713446,2817496.0100000002,38948004.06
2023-12,42391184.31999999,93236.69000000003,0.0,0.0,0.0,42484421.01,93236.69000000003,0.002194608936251101,13.73651885623285,85,87,0.590401177733803,3045101.08,40326321.309999995
2024-01,10815875.379999999,0.0,0.0,0.0,0.0,10815875.379999999,0.0,0.0,9.640257735661889,81,88,0.5510567366049325,2414305.9099999997,8935521.269999998
2024-02,24434711.949999996,113156.92999999975,0.0,0.0,0.0,24547868.879999995,113156.92999999976,0.0046096437353954035,8.120644898931035,86,90,0.4982195091055034,2832570.7199999993,22705473.51
2024-03,35902197.39,1497028.2899999982,0.0,0.0,0.0,37399225.68,1497028.2899999984,0.040028323121153946,17.01558751897667,87,90,0.4873501722522708,1582264.0699999994,35632695.9
2024-04,37883005.8,47967.609999999855,0.0,0.0,0.0,37930973.41,47967.609999999855,0.001264602663409472,13.108095598435632,86,92,0.4421625904963546,2573709.96,36123286.81999999
2024-05,32995197.349999998,13151.759999999678,0.0,0.0,0.0,33008349.11,13151.759999999682,0.00039843737583396163,13.364398798919513,84,92,0.42197306755926106,1981477.9,31159039.87
2024-06,37483321.53999999,72377.80999999988,0.0,0.0,0.0,37555699.35,72377.80999999987,0.001927212413899566,15.203861892669027,86,92,0.4140145838332605,1865575.02,35719359.16
2024-07,27201316.759999998,0.0,0.0,0.0,0.0,27201316.759999998,0.0,0.0,12.945468835457948,84,92,0.40441640611366814,2199817.51,25449306.03
2024-08,19408451.54,0.0,0.0,0.0,0.0,19408451.54,0.0,0.0,12.014217400055392,87,92,0.38955720178312203,2275611.73,17745519.799999997
2024-09,40454641.129999995,373142.8399999998,0.0,0.0,0.0,40827783.97,373142.83999999973,0.009139434074457305,14.711385889602564,88,92,0.398307629905327,1898946.8799999983,38768589.14
2024-10,40207989.029999994,71708.07999999962,0.0,0.0,0.0,40279697.11,71708.07999999962,0.0017802537045939475,13.32690642221167,85,92,0.33945169083488663,2546100.8799999994,38299321.419999994
2024-11,40789006.60999999,76622.40999999963,0.0,0.0,0.0,40865629.01999999,76622.40999999963,0.0018749842309413605,13.752132681597956,88,92,0.3344400317682168,2439116.289999999,38761234.469999984
2024-12,42057811.82999999,68624.11999999962,0.0,0.0,0.0,42126435.949999996,68624.11999999963,0.0016290036992792324,13.569235996571411,88,92,0.3472763299533108,2559364.3899999987,39983129.08999999
2025-01,14433549.609999998,0.0,0.0,0.0,0.0,14433549.609999998,0.0,0.0,11.189040829437376,85,92,0.34793843742872865,2490076.3599999985,12521000.639999997
2025-02,27872342.799999997,78389.85999999958,0.0,0.0,0.0,27950732.659999996,78389.85999999958,0.00280457263691633,12.86426997724359,89,92,0.32661878550795714,2108123.0699999994,26123608.34
2025-03,41662417.669999994,470190.0599999974,0.0,0.0,0.0,42132607.730000004,470190.0599999974,0.011159766397872504,16.109729133065454,90,92,0.31346257422694745,1943888.5699999991,40136247.89999998
2025-04,32358915.73,9504.060000000003,0.0,0.0,0.0,32368419.79,9504.060000000005,0.0002936213773072796,13.232776579112697,88,92,0.31382902163323056,2071912.739999999,30499167.529999994
2025-05,38809934.31,70258.31999999945,0.0,0.0,0.0,38880192.629999995,70258.31999999944,0.0018070466025877673,15.0165415191257,85,92,0.3268030594952639,2648762.9199999985,36852993.86
2025-06,38408457.92,17779.849999999387,0.0,0.0,0.0,38426237.769999996,17779.849999999395,0.00046270077509072253,13.20973676211133,85,92,0.3106007684406254,2790019.1799999992,36352180.27999999
2025-07,28039838.839999996,0.0,0.0,0.0,0.0,28039838.839999996,0.0,0.0,12.823851568898673,86,92,0.31550281482082515,2522885.959999999,26066812.44999999
2025-08,19716692.27,0.0,0.0,0.0,0.0,19716692.27,0.0,0.0,12.843155897163069,85,92,0.32706539983099414,1702314.4799999988,18009310.64
2025-09,44176744.6,362946.76999999944,0.0,0.0,0.0,44539691.37,362946.76999999944,0.008148838908310547,15.139337646021053,87,92,0.2953686424673892,2407425.549999999,42379729.69
2025-10,40831637.42999999,75949.96999999954,0.0,0.0,0.0,40907587.39999999,75949.96999999954,0.001856623057657992,13.266175831723581,85,92,0.28023660733263717,2942247.089999999,38722809.190000005
2025-11,40432395.15,44688.98999999947,0.0,0.0,0.0,40477084.14,44688.989999999474,0.00110405655321988,13.253929795052672,85,92,0.2671554392099876,3038628.599999998,38274957.58999999
2025-12,43610461.9,97758.69999999953,0.0,0.0,0.0,43708220.599999994,97758.69999999952,0.002236620449380626,14.46788866074315,85,92,0.26523694227325406,2199742.27,41425077.410000004
2026-01,13107153.719999997,0.0,0.0,0.0,0.0,13107153.719999997,0.0,0.0,10.45044939779649,83,92,0.2612857074508475,2811919.089999998,11105771.959999999
2026-02,26712874.91,120275.50999999959,0.0,0.0,0.0,26833150.42,120275.50999999957,0.004482347697434462,10.47465350511012,89,92,0.2807036914104054,2265237.4599999986,24880579.15
2026-03,45705063.42,1968754.7400000016,0.0,0.0,0.0,47673818.16,1968754.7400000016,0.04129635124656023,16.624764306480298,89,92,0.26286884266095595,3406338.9599999986,45531967.81000001
2026-04,44109045.629999995,90937.37999999954,0.0,0.0,0.0,44199983.01,90937.37999999954,0.0020574075781754366,13.506731768764086,86,92,0.2807243112351479,2022489.7499999977,42040586.05
2026-05,39887997.21000001,43770.66000000005,0.0,0.0,0.0,39931767.87,43770.66000000005,0.0010961362928507891,13.172944043261063,86,92,0.2787758246446764,3176268.2099999976,37814459.150000006
2026-06,35447459.01,14301.429999999713,0.0,0.0,0.0,35461760.44,14301.42999999971,0.00040329159699212355,13.435142942384616,86,92,0.2849778222158144,2055557.1299999964,33382343.939999994
2026-07,30567630.63,0.0,0.0,0.0,0.0,30567630.63,0.0,0.0,12.619215940192088,87,92,0.28999129981540317,2586922.7599999974,28544113.88
2026-08,33310531.94999999,0.0,0.0,0.0,0.0,33310531.94999999,0.0,0.0,13.935368045060596,89,92,0.2938856890276217,2886141.9199999976,31255435.99
2026-09,60646145.77999999,1492553.8999999997,0.0,0.0,0.0,62138699.67999999,1492553.8999999997,0.024019715695473336,18.52864393573033,89,92,0.30972380716648645,3232695.629999998,59509008.21
