month,cash,trade_receivables_gross,credit_loss_allowance,trade_receivables,inventory_gross,inventory_provision,inventory_legal_transfer_value,unrealized_ic_markup_reserve,inventory,ppe_gross,cip,accumulated_depreciation,trade_payables,tax_payable,debt,share_capital,retained_earnings,assets,liabilities,equity,balance_check,contract_liabilities
2023-10,53192111.57999999,26882870.93,46499.02,26836371.91,40208386.96,47635.969999999994,40208386.96,2978399.034074074,37182351.95592593,104000000.0,0.0,-23602222.22,53174988.18000001,2575319.73,42000000.0,93120000.0,5082644.805925926,197608613.22592592,99405968.42,98202644.80592592,0.0,1655660.51
2023-11,24013059.309999995,51400574.04,89428.86000000002,51311145.18,41586407.32,51836.12,41586407.32,3080474.616296296,38454096.583703704,104000000.0,0.0,-24324444.44,40804091.279999994,4138976.42,42000000.0,93120000.0,9885018.983703703,193453856.6337037,90448837.64999999,103005018.9837037,1.4901161193847656e-08,3505769.95
2023-12,26472735.449999996,53358162.03,96842.84,53261319.19,43349184.39,59753.060000000005,43349184.39,3211050.6955555556,40078380.634444445,104000000.0,0.0,-25046666.660000004,42484421.010000005,1288985.4600000002,41475000.0,93120000.0,15185931.704444442,198765768.61444443,90459836.91,108305931.70444444,0.0,5211430.44
2024-01,24788373.019999996,39665460.5,73682.27,39591778.23,31827177.14,16999.160000000003,31827177.14,2357568.677037037,29452609.302962963,104000000.0,0.0,-25768888.880000003,10815875.379999999,2409145.6900000004,41475000.0,93120000.0,17734943.272962958,172063871.67296296,61208928.4,110854943.27296296,0.0,6508907.33
2024-02,41766740.05,42667879.67,77822.11000000002,42590057.56,32596400.650000002,35608.14,32596400.650000002,2414548.196296296,30146244.313703705,104000000.0,0.0,-26491111.1,24547868.880000003,3595099.1500000004,41475000.0,93120000.0,21256004.6037037,192011930.8237037,77635926.22,114376004.60370371,0.0,8017958.19
2024-03,53489767.719999984,41748931.83,75526.23999999999,41673405.589999996,35933928.67,63804.06,35933928.67,2661772.494074074,33208352.115925927,104000000.0,0.0,-27213333.32,37399225.68000001,1049570.5400000005,40956562.5,93120000.0,24705854.42592592,205158192.10592592,87332337.68,117825854.42592593,-1.4901161193847656e-08,7926978.960000001
2024-04,53836171.4,46605061.14,84966.26000000001,46520094.88,37357458.69,69102.96,37357458.69,2767219.162222222,34521136.567777775,104000000.0,0.0,-27935555.54,37930973.410000004,2405528.9800000004,40956562.5,93120000.0,28879537.097777773,210941847.3077778,88942310.21000001,121999537.09777777,1.4901161193847656e-08,7649245.32
2024-05,56690494.18999999,44928769.43,82193.12,44846576.31,36961809.03,64718.340000000004,36961809.03,2737911.7800000003,34159178.91,104000000.0,0.0,-28657777.759999998,33008349.11,3646321.93,40956562.5,93120000.0,32774977.409999996,211038471.65,85143494.24,125894977.41,1.4901161193847656e-08,7532260.7
2024-06,60178990.57999999,46057833.81,84467.29000000001,45973366.52,38677385.67999999,77064.75,38677385.67999999,2864991.5318518514,35735329.39814814,104000000.0,0.0,-29379999.979999997,37555699.349999994,1093174.2400000002,40444605.47000001,93120000.0,36821674.41814815,216507686.51814815,86566012.10000001,129941674.41814816,-1.4901161193847656e-08,7472533.04
2024-07,60248722.33999999,43224272.35,79410.96,43144861.39,35233094.669999994,90726.37,35233094.669999994,2609858.864444444,32532509.435555555,104000000.0,0.0,-30102222.199999996,27201316.76,2226545.6600000006,40444605.47000001,93120000.0,40260666.98555556,209823870.96555555,76443203.98000002,133380666.98555556,-2.9802322387695312e-08,6570736.09
2024-08,67567291.47999999,38467504.41,72000.56,38395503.849999994,29538062.219999995,73407.79000000001,29538062.219999995,2188004.6088888887,27276649.821111105,104000000.0,0.0,-30824444.419999994,19408451.540000003,3305023.8600000003,40444605.47000001,93120000.0,43041761.771111116,206415000.7311111,70253238.96000002,136161761.77111113,-5.960464477539063e-08,7095158.090000001
2024-09,75307632.24,46278973.41,93848.25,46185125.16,38225377.06999999,137446.27,38225377.06999999,2831509.4125925917,35256421.3874074,104000000.0,0.0,-31546666.639999993,40827783.970000006,1099558.0200000005,39939047.900000006,93120000.0,47673433.497407414,229202512.1474074,88409078.65000002,140793433.4974074,-2.9802322387695312e-08,6542688.760000001
2024-10,76828732.43999998,50220278.22999999,90138.79,50130139.43999999,40233818.64,164117.99000000002,40233818.64,2980282.862222222,37089417.787777774,104000000.0,0.0,-32268888.859999992,40279697.11,2777930.49,39939047.900000006,93120000.0,52816544.07777778,235779400.80777776,89842856.73,145936544.07777777,-2.9802322387695312e-08,6846181.23
2024-11,82498535.70999998,52023015.949999996,94851.64,51928164.309999995,41849170.25999999,145451.78,41849170.25999999,3099938.537777777,38603779.942222215,104000000.0,0.0,-32991111.07999999,40865629.02,4548730.220000001,39939047.900000006,93120000.0,58318374.17222223,244039368.88222224,92600994.71000001,151438374.17222223,0.0,7247587.57
2024-12,83851011.07999998,52881296.68,96910.03000000001,52784386.65,43655737.55,141374.6,43655737.55,3233758.3370370367,40280604.61296296,104000000.0,0.0,-33713333.29999999,42126435.95,1397438.46,39439809.81,93120000.0,63896905.302962966,247202669.042963,90185763.74,157016905.30296296,5.960464477539063e-08,7222079.5200000005
2025-01,81451197.79999998,42156299.62,79333.34000000003,42076966.279999994,33255625.029999994,81215.86,33255625.029999994,2463379.6318518515,30711029.538148142,104000000.0,0.0,-34435555.51999999,14433549.610000009,2585539.2600000002,39439809.81,93120000.0,66928333.71814814,223803638.09814814,63755304.38000001,160048333.71814814,-2.9802322387695312e-08,7296405.700000001
2025-02,98537278.05999999,43598610.16,80675.21000000002,43517934.949999996,34507871.72,114665.37000000002,34507871.72,2556138.645925926,31837067.704074077,104000000.0,225502.03,-35157777.73999999,27950732.66000001,3927676.68,39439809.81,93120000.0,71017581.23407407,242960005.00407407,78822423.77000001,164137581.23407406,0.0,7504204.62
2025-03,106466355.46,47606365.64999999,85885.30000000002,47520480.349999994,38716835.23,134157.66999999998,38716835.23,2867913.72074074,35714763.83925925,104000000.0,696864.49,-35879999.959999986,42132607.73000002,1214403.2500000002,38946812.18000001,93120000.0,75723507.79925928,258518464.1792593,89674956.38000003,168843507.79925928,0.0,7381133.220000001
2025-04,104334431.86,47206355.88999999,86383.78000000001,47119972.10999999,37540499.74999999,93117.57999999999,37540499.74999999,2780777.7592592584,34666604.41074073,104000000.0,1373770.99,-36602222.179999985,32368419.790000014,2706672.7600000002,38946812.18000001,93120000.0,80511743.71074075,254892557.1907408,81260813.48000002,173631743.71074075,2.9802322387695312e-08,7238908.750000001
2025-05,113758002.29999998,50103481.919999994,91559.67000000001,50011922.24999999,38913181.889999986,103470.01,38913181.889999986,2882457.9177777763,35927253.96222221,104000000.0,2198324.63,-37324444.39999998,38880192.63,4493570.21,38946812.18000001,93120000.0,86053043.80222222,268571058.7422222,89398014.94000001,179173043.80222222,-2.9802322387695312e-08,7077439.920000001
2025-06,113784437.78,50565528.06,91852.30000000002,50473675.760000005,39808505.529999994,126183.87000000001,39808505.529999994,2948778.187407407,36733543.47259259,104000000.0,3100000.01,-38046666.61999998,38426237.77000001,1379651.9500000002,38459977.02,93120000.0,91592704.6525926,270044990.4025926,85332285.75000001,184712704.6525926,0.0,7066419.010000001
2025-07,116502008.02000001,46562876.39,86498.73000000001,46476377.660000004,36160650.79999999,131280.49,36160650.79999999,2678566.725925925,33350803.58407406,104000000.0,4001675.3899999997,-38768888.83999998,28039838.84000001,2828275.6400000006,38459977.02,93120000.0,96120875.12407409,265561975.8140741,76321100.69000001,189240875.1240741,0.0,6993009.190000001
2025-08,124914458.72,38763631.029999994,72332.34,38691298.68999999,30807961.459999993,119270.69,30807961.459999993,2282071.2192592584,28406619.550740734,104000000.0,4826229.029999999,-39491111.05999998,19716692.27000001,3956469.5500000003,38459977.02,93120000.0,99212393.85074073,261347494.93074074,69015101.08000001,192332393.85074073,0.0,6881962.24
2025-09,132241465.64,51645844.36,101985.31000000001,51543859.05,39574514.06999999,198625.07,39574514.06999999,2931445.486666666,36444443.51333333,104000000.0,5745219.9399999995,-40213333.27999998,44539691.370000005,1335013.06,37979227.33000001,93120000.0,105141288.95333335,289761654.86333334,91500365.91000003,198261288.95333335,-2.9802322387695312e-08,7646434.15
2025-10,133037927.03,53268599.68,96478.30000000002,53172121.38,41312162.13999999,138260.61000000002,41312162.13999999,3060160.158518518,38113741.37148148,104000000.0,6677214.14,-40935555.49999998,40907587.40000001,3306370.0100000002,37979227.33000001,93120000.0,111321075.94148149,294065448.4214815,89624372.48000002,204441075.94148147,0.0,7431187.740000001
2025-11,138684756.27,54549805.13999999,99703.46,54450101.67999999,42247952.97999999,141719.02000000002,42247952.97999999,3129477.9985185177,38976755.96148147,110200000.02,1355458.23,-41657777.71999998,40477084.140000015,5338023.72,37979227.33000001,93120000.0,117678644.7014815,302009294.4414815,91210649.74000002,210798644.70148152,-5.960464477539063e-08,7416314.550000001
2025-12,140446380.22,55841971.33,101744.06,55740227.269999996,44595555.629999995,125893.88,44595555.629999995,3303374.4911111104,41166287.258888885,110200000.02,2162847.88,-42444583.26999997,43708220.60000002,1635342.41,37504487.000000015,93120000.0,124153810.91888891,307271159.3788889,89997348.46000002,217273810.91888893,-5.960464477539063e-08,7149298.450000001
2026-01,137858393.18,43682773.54,80053.92000000001,43602719.62,33273678.089999996,62792.79000000001,33273678.089999996,2464716.895555555,30746168.40444444,110200000.02,3217293.7199999997,-43231388.81999998,13107153.72000001,2986455.29,37504487.000000015,93120000.0,127568119.00444447,282393186.1244445,61705067.12000002,220688119.00444448,0.0,8106971.110000001
2026-02,153335676.84000003,45601196.60999999,85611.63,45515584.97999999,34925009.30999999,98990.82,34925009.30999999,2587037.7266666656,32238980.76333332,110200000.02,4496178.68,-44018194.369999975,26833150.420000017,4483950.05,37504487.000000015,93120000.0,132146109.29333335,301768226.9133334,76502117.62000003,225266109.29333335,2.9802322387695312e-08,7680530.150000002
2026-03,164272607.73000002,51812106.00999999,93415.40000000001,51718690.60999999,40667675.67999999,155622.14,40667675.67999999,3012420.42074074,37499633.11925925,110200000.02,5910531.9799999995,-44804999.91999997,47673818.16000001,1374309.4999999998,37035680.900000006,93120000.0,137238844.46925926,324796463.5392593,94437619.07000002,230358844.46925926,2.9802322387695312e-08,8353810.510000001
2026-04,163792426.83,51179628.849999994,93294.98000000003,51086333.87,43664651.16,120366.67,43664651.16,3234418.604444444,40309865.88555555,110200000.02,7356746.2299999995,-45591805.46999997,44199983.01000002,2885630.48,37035680.900000006,93120000.0,141838071.78555557,327153567.3655556,92195495.58000001,234958071.78555557,0.0,8074201.190000001
2026-05,163660050.25,53528859.239999995,97432.02000000002,53431427.21999999,43589259.349999994,146469.16,43589259.349999994,3228834.0259259255,40213956.16407407,110200000.02,8724947.62,-46378611.019999966,39931767.87000001,4502549.0,37035680.900000006,93120000.0,146933658.7540741,329851770.2540741,89798111.50000001,240053658.7540741,0.0,8328113.730000002
2026-06,162748204.26999998,51435327.849999994,94624.46000000002,51340703.38999999,42332279.05999999,147995.69,42332279.05999999,3135724.374814814,39048558.995185174,110200000.02,10005839.05,-47165416.56999997,35461760.44000001,1347409.6999999997,36572734.88,93120000.0,152164511.0851852,326177889.15518516,80893378.07000001,245284511.0851852,-2.9802322387695312e-08,7511473.050000001
2026-07,168790628.22,50506596.08,93544.56000000001,50413051.519999996,38560598.19999999,143120.5,38560598.19999999,2856340.6074074064,35561137.09259258,110200000.02,11141027.71,-47952222.11999997,30567630.63000001,2888246.5999999996,36572734.88,93120000.0,157070388.1125926,328153622.4425926,77963234.33000001,250190388.1125926,0.0,7934622.2200000025
2026-08,180336812.26999998,49800600.08999999,91830.77000000002,49708769.319999985,36995900.86999999,153849.87,36995900.86999999,2740437.1014814805,34101613.89851851,118300000.0,3923623.5200000005,-48739027.669999965,33310531.950000014,4449901.39,36572734.88,93120000.0,162037082.86851856,337631791.3385185,82474708.47000001,255157082.86851856,-8.940696716308594e-08,8141540.250000002
2026-09,191977842.04,60495750.35999999,117895.08000000002,60377855.279999994,48649490.04999999,258033.55,48649490.04999999,3603665.929629629,44787790.57037036,121700000.0,1050000.0,-49593333.21999997,62138699.680000015,1505403.1099999999,36115575.67,93120000.0,168620932.76037037,370300154.6703704,108559221.91000001,261740932.76037037,0.0,8799543.450000001
