month,legal_revenue,legal_ebit,legal_net_income,group_revenue,group_ebit,group_net_income,revenue_elimination,ebit_consolidation_adjustment,net_income_consolidation_adjustment,revenue_check,ebit_check
2023-10,82678815.75,10744863.590000004,8023803.860000003,26882870.93,7766464.94,5045405.21,-55795944.82,-2978398.650000003,-2978398.650000003,0.0,0.0
2023-11,48695422.46,6577121.360000002,4867601.090000002,31197268.990000002,6475045.25,4765524.98,-17498153.47,-102076.1100000022,-102076.11000000127,0.0,0.0
2023-12,50906789.58,7261036.539999999,5395008.289999999,32341363.26,7130460.58,5264432.33,-18565426.319999997,-130575.95999999903,-130575.95999999903,0.0,0.0
2024-01,25109564.43,2924239.230000001,1652306.3000000007,25058748.71,3777722.41,2505789.48,-50815.71999999881,853483.1799999992,853483.1799999992,0.0,0.0
2024-02,40358524.02,4872874.85,3538854.249999999,26973449.31,4815896.2700000005,3481875.6700000004,-13385074.710000005,-56978.57999999914,-56978.57999999868,0.0,0.0
2024-03,42689168.79,4981847.489999999,3661784.3599999994,25438984.5,4734624.14,3414561.0100000002,-17250184.29,-247223.34999999963,-247223.34999999916,0.0,0.0
2024-04,45106985.54,5742898.840000002,4244339.540000002,29215995.72,5637451.92,4138892.62,-15890989.82,-105446.92000000179,-105446.92000000179,0.0,0.0
2024-05,41315818.9,5214656.699999998,3827613.6699999985,27400445.990000002,5243964.399999999,3856921.3699999996,-13915372.909999996,29307.700000001118,29307.700000001118,0.0,0.0
2024-06,44628462.46,5603903.63,4145216.3600000003,27932397.34,5476824.08,4018136.81,-16696065.120000001,-127079.54999999981,-127079.55000000028,0.0,0.0
2024-07,36993825.13,4422922.899999999,3149314.17,26792592.75,4678055.149999999,3404446.42,-10201232.380000003,255132.25,255132.25,0.0,0.0
2024-08,29922605.38,3542772.6199999996,2324108.1199999996,24288043.27,3964626.33,2745961.83,-5634562.109999999,421853.7100000004,421853.7100000004,0.0,0.0
2024-09,51956021.730000004,7072355.95,5260883.390000001,28461129.3,6428851.45,4617378.89,-23494892.430000003,-643504.5,-643504.5000000009,0.0,0.0
2024-10,48476583.4,7072131.57,5283307.01,30885609.31,6923357.19,5134532.630000001,-17590974.09,-148774.3799999999,-148774.37999999896,0.0,0.0
2024-11,49730072.28,7492924.719999999,5611969.499999998,31897234.84,7373268.84,5492313.62,-17832837.44,-119655.87999999896,-119655.87999999803,0.0,0.0
2024-12,51276284.72,7614821.910000001,5708070.790000001,32562691.740000002,7481001.930000001,5574250.8100000005,-18713592.979999997,-133819.98000000045,-133819.98000000045,0.0,0.0
2025-01,28751046.82,3545522.869999999,2254465.139999999,26525286.6,4315902.06,3024844.3299999996,-2225760.219999999,770379.1900000004,770379.1900000004,0.0,0.0
2025-02,41873972.489999995,5618751.649999998,4181414.1699999976,27263138.29,5525992.91,4088655.4299999997,-14610834.199999996,-92758.73999999743,-92758.7399999979,0.0,0.0
2025-03,48357418.26,6702731.03,5021953.9,29147246.599999998,6390956.39,4710179.26,-19210171.66,-311774.6400000006,-311774.6400000006,0.0,0.0
2025-04,42439559.519999996,6282879.989999999,4710858.139999999,29085283.46,6370015.61,4797993.76,-13354276.059999995,87135.62000000104,87135.62000000104,0.0,0.0
2025-05,47960209.13,7517258.960000003,5650190.850000003,31515032.98,7415579.38,5548511.27,-16445176.150000002,-101679.58000000287,-101679.5800000038,0.0,0.0
2025-06,48023705.01,7468725.9399999995,5617677.63,31716558.18,7402405.390000001,5551357.08,-16307146.829999998,-66320.54999999888,-66320.54999999981,0.0,0.0
2025-07,39453369.82,5788449.119999999,4269881.24,29102642.189999998,6058660.38,4540092.5,-10350727.630000003,270211.2600000007,270211.2599999998,0.0,0.0
2025-08,30700910.97,3902817.13,2704860.3599999994,24140344.03,4299313.46,3101356.69,-6560566.939999998,396496.3300000001,396496.33000000054,0.0,0.0
2025-09,56226605.33,8767374.830000002,6584673.400000002,32140220.330000002,8117999.9399999995,5935298.51,-24086384.999999996,-649374.8900000025,-649374.8900000025,0.0,0.0
2025-10,50663319.44,8354015.700000001,6313146.0,32931734.369999997,8225300.92,6184431.22,-17731585.07,-128714.78000000119,-128714.78000000026,0.0,0.0
2025-11,51159691.32,8530542.09,6429892.91,33875829.53,8461225.17,6360575.99,-17283861.79,-69316.91999999993,-69316.91999999993,0.0,0.0
2025-12,53917252.21,8814340.759999998,6650492.209999998,34310730.54,8640444.23,6476595.68,-19606521.67,-173896.52999999747,-173896.5299999984,0.0,0.0
2026-01,28833875.81,3993871.0999999996,2575569.7199999997,27709924.77,4832529.11,3414227.73,-1123951.039999999,838658.0100000007,838658.0100000002,0.0,0.0
2026-02,43650247.4,6263093.669999999,4698861.209999999,28485337.98,6140773.199999999,4576540.739999999,-15164909.419999998,-122320.46999999974,-122320.46999999974,0.0,0.0
2026-03,53952667.04,7344641.709999998,5515394.689999999,32459524.63,6919259.57,5090012.55,-21493142.41,-425382.1399999978,-425382.13999999873,0.0,0.0
2026-04,51508434.49,6393868.179999999,4817399.749999998,31591002.869999997,6171871.11,4595402.680000001,-19917431.620000005,-221997.06999999844,-221997.0699999975,0.0,0.0
2026-05,50021730.129999995,6766918.77,5085170.52,33213021.37,6772503.62,5090755.37,-16808708.759999994,5584.850000000559,5584.850000000559,0.0,0.0
2026-06,46718977.82,6818638.390000002,5126178.320000002,31589284.07,6911748.33,5219288.260000001,-15129693.75,93109.93999999762,93109.93999999855,0.0,0.0
2026-07,42817790.65,6224505.55,4611800.789999999,31663921.45,6503889.31,4891184.549999999,-11153869.2,279383.7599999998,279383.7599999998,0.0,0.0
2026-08,43920496.67,6468863.67,4836739.869999999,31152568.47,6584768.550000001,4952644.75,-12767928.200000003,115904.88000000082,115904.88000000082,0.0,0.0
2026-09,68122819.21,9895762.99,7428139.09,37606637.93,9032533.68,6564909.78,-30516181.279999994,-863229.3100000005,-863229.3099999996,0.0,0.0
