month,events_contract_liabilities,software_contract_liabilities,contract_liabilities,customer_advances
2023-10,783212.39,872448.12,1655660.51,1655660.51
2023-11,2616297.96,889471.99,3505769.95,2805386.75
2023-12,4316688.13,894742.31,5211430.4399999995,2872808.44
2024-01,5617547.1,891360.23,6508907.33,2800997.66
2024-02,7108968.76,908989.43,8017958.1899999995,3215923.09
2024-03,7010525.69,916453.27,7926978.960000001,1844070.72
2024-04,6723666.22,925579.1,7649245.319999999,2860954.5
2024-05,6593269.52,938991.18,7532260.699999999,2357367.38
2024-06,6524125.43,948407.61,7472533.04,2127698.85
2024-07,5593934.24,976801.85,6570736.09,2446603.97
2024-08,6101417.92,993740.17,7095158.09,2608798.96
2024-09,5568563.23,974125.53,6542688.760000001,2358493.41
2024-10,5843755.33,1002425.9,6846181.23,2838424.93
2024-11,6232221.76,1015365.81,7247587.57,2808343.46
2024-12,6196783.4,1025296.12,7222079.5200000005,2638131.49
2025-01,6235056.45,1061349.25,7296405.7,2815745.86
2025-02,6437525.68,1066678.94,7504204.619999999,2695582.92
2025-03,6334349.17,1046784.05,7381133.22,2416435.43
2025-04,6178977.15,1059931.6,7238908.75,2532717.59
2025-05,6011187.14,1066252.78,7077439.92,3052233.28
2025-06,5984435.35,1081983.66,7066419.01,3109619.36
2025-07,5901537.26,1091471.93,6993009.1899999995,2845577.53
2025-08,5776131.01,1105831.23,6881962.24,2109620.43
2025-09,6519773.09,1126661.06,7646434.15,3101886.66
2025-10,6279960.51,1151227.23,7431187.74,2947496.15
2025-11,6247877.87,1168436.68,7416314.55,3073906.5100000002
2025-12,5982160.65,1167137.8,7149298.45,2721112.75
2026-01,6955692.97,1151278.14,8106971.109999999,3222548.67
2026-02,6509015.92,1171514.23,7680530.15,2733250.3
2026-03,7134061.29,1219749.22,8353810.51,3516166.75
2026-04,6824833.05,1249368.14,8074201.1899999995,2647352.28
2026-05,7076272.99,1251840.74,8328113.73,3137103.77
2026-06,6226109.91,1285363.14,7511473.05,2518368.54
2026-07,6657080.22,1277542.0,7934622.22,3225009.72
2026-08,6838507.51,1303032.74,8141540.25,3450421.47
2026-09,7351691.44,1305393.57,8657085.01,3509208.34
