month,entity,product_family,opening_backlog,bookings,recognized_revenue,ending_backlog,book_to_bill,backlog_coverage_months,project_units,rollforward_gap
2023-10,ES01,Customer Experience,0.0,156334.46,156334.46,0.0,1.0,0.0,1.0,0.0
2023-11,ES01,Customer Experience,0.0,463138.57630636654,443537.76,19600.816306366527,1.0441919901168426,0.0653499717201991,2.0,0.0
2023-12,ES01,Customer Experience,19600.816306366527,1146427.197217766,1054231.29,111796.72352413251,1.0874532069881608,0.20276250461036596,5.0,0.0
2024-01,ES01,Customer Experience,111796.72352413251,767423.9304589898,688654.86,190565.79398312233,1.1143810565120964,0.2614760016731462,4.0,0.0
2024-02,ES01,Customer Experience,190565.79398312233,1162680.6068765498,1037766.88,315479.5208596721,1.1203678102316676,0.340365573254933,4.0,0.0
2024-03,ES01,Customer Experience,315479.5208596721,493438.6979798023,446797.89,362120.3288394745,1.1043890515682657,0.49988550237714513,2.0,0.0
2024-04,ES01,Customer Experience,362120.3288394745,413179.52906519553,386445.62,388854.23790467007,1.0691789677036463,0.6234934450118207,2.0,0.0
2024-05,ES01,Customer Experience,388854.23790467007,703857.4977921214,689540.91,403170.8256967914,1.0207624922386713,0.7942768925166533,4.0,0.0
2024-07,ES01,Customer Experience,403170.8256967914,350452.3266844686,362252.94999999995,391370.20238126,0.9674243555075773,0.8163526474351684,2.0,0.0
2024-08,ES01,Customer Experience,391370.20238126,355014.6619440457,386603.47,359781.3943253057,0.9182914523349873,0.7503797180824281,2.0,0.0
2024-09,ES01,Customer Experience,359781.3943253057,639747.2886829632,725525.35,274003.33300826896,0.8817711037704792,0.5575285965620742,4.0,0.0
2024-10,ES01,Customer Experience,274003.33300826896,516138.6511130372,597304.96,192837.02412130614,0.8641124478742604,0.33842262808444007,3.0,0.0
2024-11,ES01,Customer Experience,192837.02412130614,459072.21102905425,528679.7,123229.53515036043,0.8683371255394415,0.19966870470826206,3.0,0.0
2024-12,ES01,Customer Experience,123229.53515036043,349502.92311168753,391064.37,81668.08826204797,0.8937222358346978,0.16150055795239784,2.0,0.0
2025-01,ES01,Customer Experience,81668.08826204797,1031268.609278225,1101872.13,11064.56754027307,0.9359240343779501,0.016419388913097955,5.0,0.0
2025-02,ES01,Customer Experience,11064.56754027307,708496.2649017676,717303.89,2256.9424420406576,0.987721208234027,0.0030633895556138905,4.0,0.0
2025-03,ES01,Customer Experience,2256.9424420406576,169115.30955426712,162571.71,8800.541996307787,1.0402505426944646,0.013322394969476445,1.0,0.0
2025-04,ES01,Customer Experience,8800.541996307787,523926.68499556766,483093.88,49633.34699187544,1.0845235402186582,0.10924679030643175,2.0,0.0
2025-05,ES01,Customer Experience,49633.34699187544,637990.6594209671,573235.42,114388.5864128425,1.1129644770048701,0.28153702099116934,3.0,0.0
2025-06,ES01,Customer Experience,114388.5864128425,1107637.0999231052,988338.06,233687.62633594777,1.1207067143838467,0.3428738056481927,4.0,0.0
2025-07,ES01,Customer Experience,233687.62633594777,1399715.455722661,1265078.87,368324.21205860865,1.1064254481798916,0.3909121106371025,6.0,0.0
2025-09,ES01,Customer Experience,368324.21205860865,200591.99177415285,187020.93,381895.2738327615,1.0725644010761408,0.46945912464179046,1.0,0.0
2025-10,ES01,Customer Experience,381895.2738327615,872120.7587900284,850917.87,403098.16262278997,1.0249176677768306,0.5250912763810318,4.0,0.0
2025-11,ES01,Customer Experience,403098.16262278997,839310.8400231814,863809.99,378599.01264597126,0.9716382650577836,0.5972382072281555,4.0,0.0
2025-12,ES01,Customer Experience,378599.01264597126,654281.5528051978,709753.75,323126.81545116904,0.921843037539707,0.3998299852451787,3.0,0.0
2026-01,ES01,Customer Experience,323126.81545116904,798110.7525537086,902786.46,218451.1080048778,0.884052639152019,0.26464484870299576,4.0,0.0
2026-02,ES01,Customer Experience,218451.1080048778,666844.2520134657,771155.77,114139.59001834353,0.8647335310912161,0.14365035345448315,4.0,0.0
2026-03,ES01,Customer Experience,114139.59001834353,1336152.7199816564,1450292.31,0.0,0.9212989069642494,0.0,7.0,0.0
2026-04,ES01,Customer Experience,0.0,182281.99,182281.99,0.0,1.0,0.0,1.0,0.0
2026-05,ES01,Customer Experience,0.0,565926.98,565926.98,0.0,1.0,0.0,2.0,0.0
2026-06,ES01,Customer Experience,0.0,301690.12,301690.12,0.0,1.0,0.0,1.0,0.0
2026-07,ES01,Customer Experience,0.0,876598.763724446,845928.8,30669.9637244459,1.0362559635331554,0.0536956093054395,3.0,0.0
2026-08,ES01,Customer Experience,30669.9637244459,706549.2291031958,653309.72,83909.47282764176,1.0814919898990571,0.13977700886745034,3.0,0.0
2026-09,ES01,Customer Experience,83909.47282764176,1160586.7383582944,1044242.75,200253.46118593612,1.1114146958246005,0.23619611067857732,4.004332159722223,0.0
2023-10,ES01,Deployment & Integration,0.0,312967.14745184174,272400.96,40566.18745184172,1.1489208681637602,0.14892086816376018,2.0,0.0
2023-11,ES01,Deployment & Integration,40566.18745184172,885411.0721646908,796024.65,129952.60961653257,1.1122910228529868,0.2432600050021874,5.0,0.0
2023-12,ES01,Deployment & Integration,129952.60961653257,1286168.8525659936,1211170.43,204951.03218252608,1.0619222701515207,0.26972019856096,7.0,0.0
2024-01,ES01,Deployment & Integration,204951.03218252608,772586.9908291013,767648.4,209889.62301162735,1.0064334021006247,0.22692049968702452,5.0,0.0
2024-02,ES01,Deployment & Integration,209889.62301162735,289527.1209924873,303068.42000000004,196348.3240041146,0.9553193334775272,0.2581393852883589,2.0,0.0
2024-04,ES01,Deployment & Integration,196348.3240041146,667359.8015364433,727505.29,136202.83554055786,0.9173263902128371,0.22722916393329942,5.0,0.0
2024-05,ES01,Deployment & Integration,136202.83554055786,582312.1415347465,647765.12,70749.85707530438,0.8989556917401581,0.12646407711720112,4.0,0.0
2024-06,ES01,Deployment & Integration,70749.85707530438,464435.4505375759,514125.29,21060.01761288027,0.9033507193111934,0.03343929111230686,3.0,0.0
2024-07,ES01,Deployment & Integration,21060.01761288027,797730.5123871197,818790.53,0.0,0.9742791143262486,0.0,4.0,0.0
2024-08,ES01,Deployment & Integration,0.0,700360.68,700360.68,0.0,1.0,0.0,4.0,0.0
2024-09,ES01,Deployment & Integration,0.0,345342.844011566,336084.17,9258.674011566036,1.0275486763079797,0.01497169703323473,2.0,0.0
2024-10,ES01,Deployment & Integration,9258.674011566036,832200.955706993,768992.73,72466.89971855911,1.082196129093435,0.12041440898537036,5.0,0.0
2024-11,ES01,Deployment & Integration,72466.89971855911,216657.24574794178,192028.73,97095.41546650088,1.128254328130701,0.22456632649069813,1.0,0.0
2024-12,ES01,Deployment & Integration,97095.41546650088,1004463.0379982024,867530.26,234028.19346470316,1.157842076884099,0.383956643235724,5.0,0.0
2025-01,ES01,Deployment & Integration,234028.19346470316,527212.9181535768,452195.30000000005,309045.8116182799,1.1658965012541633,0.6132857971614155,3.0,0.0
2025-02,ES01,Deployment & Integration,309045.8116182799,1143093.2577718797,993096.5700000001,459042.4993901595,1.1510393775419843,0.595431650496391,6.0,0.0
2025-03,ES01,Deployment & Integration,459042.4993901595,626578.3660862836,561544.26,524076.60547644296,1.1158129656356626,0.7834370693880864,3.0,0.0
2025-04,ES01,Deployment & Integration,524076.60547644296,433718.7895910221,406772.17,551023.2250674651,1.0662449930904125,0.8427953088933311,3.0,0.0
2025-05,ES01,Deployment & Integration,551023.2250674651,654292.9343468003,647291.04,558025.1194142653,1.0108172273585005,1.0361894144019994,4.0,0.0
2025-06,ES01,Deployment & Integration,558025.1194142653,720087.3714919974,750862.11,527250.3809062628,0.9590141277630821,0.8763526807407125,5.0,0.0
2025-07,ES01,Deployment & Integration,527250.3809062628,734782.5824798741,798937.31,463095.653386137,0.9196999229887938,0.6323303411723935,4.0,0.0
2025-08,ES01,Deployment & Integration,463095.653386137,564001.8517462565,626946.1,400151.40513239347,0.8996018186352168,0.5514903806473347,4.0,0.0
2025-09,ES01,Deployment & Integration,400151.40513239347,689769.1083058055,764576.0900000001,325344.42343819886,0.902158879053889,0.4455838011680182,5.0,0.0
2025-10,ES01,Deployment & Integration,325344.42343819886,407616.6211133335,439747.4,293213.64455153234,0.9269335557488992,0.4803448593577077,3.0,0.0
2025-11,ES01,Deployment & Integration,293213.64455153234,850668.1995505656,877261.0,266620.8441020979,0.969686557991938,0.3842565776930312,5.0,0.0
2025-12,ES01,Deployment & Integration,266620.8441020979,694993.6068574918,679300.24,282314.2109595897,1.0231022542513628,0.42425435421587376,4.0,0.0
2026-01,ES01,Deployment & Integration,282314.2109595897,1690539.6759906511,1568159.74,404694.14695024095,1.0780404781917505,0.38854107250584746,9.0,0.0
2026-02,ES01,Deployment & Integration,404694.14695024095,522842.0956560704,464707.0,462829.24260631134,1.1251005378788579,0.5119477296412384,2.0,0.0
2026-03,ES01,Deployment & Integration,462829.24260631134,1249958.5330243795,1081064.1,631723.6756306908,1.1562298045272055,0.6086105068704969,6.0,0.0
2026-04,ES01,Deployment & Integration,631723.6756306908,207471.39083973502,177918.79,661276.2764704258,1.1661016289495618,1.150919803452161,1.0,0.0
2026-05,ES01,Deployment & Integration,661276.2764704258,1399356.280913633,1213637.25,846995.3073840588,1.1530268050965253,1.0276491245243098,6.0,0.0
2026-06,ES01,Deployment & Integration,846995.3073840588,950441.2209162051,849182.48,948254.0483002639,1.1192426166354787,1.2695645295109186,5.0,0.0
2026-07,ES01,Deployment & Integration,948254.0483002639,401159.51671195804,374729.82,974683.7450122219,1.070530006691109,1.1995863776540114,2.0,0.0
2026-08,ES01,Deployment & Integration,974683.7450122219,911731.481334054,898059.0900000001,988356.1363462757,1.0152243783135182,1.3973178069280316,5.0,0.0
2026-09,ES01,Deployment & Integration,988356.1363462757,1159613.076509531,1204430.8,943538.4128558065,0.9627892914308824,1.1426581288453497,7.007581279513889,0.0
2023-10,ES01,Managed Programs,0.0,318084.39129261376,304879.52999999997,13204.861292613787,1.0433117346140417,0.04331173461404177,3.0,0.0
2023-11,ES01,Managed Programs,13204.861292613787,2087388.6662022253,2095631.57,4961.957494838862,0.9960666254909613,0.004134084191353134,14.0,0.0
2023-12,ES01,Managed Programs,4961.957494838862,1251261.7825051611,1256223.74,0.0,0.9960501005220306,0.0,9.0,0.0
2024-01,ES01,Managed Programs,0.0,449658.44,449658.44,0.0,1.0,0.0,3.0,0.0
2024-02,ES01,Managed Programs,0.0,617905.3,617905.3,0.0,1.0,0.0,4.0,0.0
2024-03,ES01,Managed Programs,0.0,395932.57,395932.57,0.0,1.0,0.0,3.0,0.0
2024-04,ES01,Managed Programs,0.0,752322.3300000001,752322.3300000001,0.0,1.0,0.0,5.0,0.0
2024-05,ES01,Managed Programs,0.0,118450.83,118450.83,0.0,1.0,0.0,1.0,0.0
2024-06,ES01,Managed Programs,0.0,483953.56999999995,483953.56999999995,0.0,1.0,0.0,3.0,0.0
2024-07,ES01,Managed Programs,0.0,685811.86,685811.86,0.0,1.0,0.0,5.0,0.0
2024-08,ES01,Managed Programs,0.0,583975.0757617494,575297.75,8677.32576174941,1.0150831908550824,0.014917498451401758,4.0,0.0
2024-09,ES01,Managed Programs,8677.32576174941,535867.8718423932,506354.94,38190.25760414259,1.0582850674714326,0.06482210509536261,4.0,0.0
2024-10,ES01,Managed Programs,38190.25760414259,840124.3097622284,773568.12,104746.44736637094,1.086037917077333,0.1693811003010002,6.0,0.0
2024-11,ES01,Managed Programs,104746.44736637094,728367.5545190052,666031.75,167082.25188537617,1.0935928422616568,0.25758396499255215,5.0,0.0
2024-12,ES01,Managed Programs,167082.25188537617,519102.82156976516,480803.42,205381.6534551414,1.0796570905626361,0.32084144178144175,4.0,0.0
2025-01,ES01,Managed Programs,205381.6534551414,422259.29294173844,403452.26,224188.68639687984,1.0466152623404277,0.4338331371174438,3.0,0.0
2025-02,ES01,Managed Programs,224188.68639687984,527631.7195055346,527567.74,224252.66590241448,1.0001212725886814,0.47651709709366025,4.0,0.0
2025-03,ES01,Managed Programs,224252.66590241448,516386.3279167495,544636.12,196002.873819164,0.9481308876773533,0.39847266140670495,3.0,0.0
2025-04,ES01,Managed Programs,196002.873819164,687335.298752786,764096.1,119242.07257195003,0.8995403834056817,0.19480816070804144,6.0,0.0
2025-05,ES01,Managed Programs,119242.07257195003,639311.9492684392,741090.1,17463.92184038926,0.862664268849954,0.025559174085472824,5.0,0.0
2025-06,ES01,Managed Programs,17463.92184038926,855392.2681596107,872856.19,0.0,0.9799922117291862,0.0,6.0,0.0
2025-07,ES01,Managed Programs,0.0,1067563.16,1067563.16,0.0,1.0,0.0,7.0,0.0
2025-08,ES01,Managed Programs,0.0,744845.1900000001,744845.1900000001,0.0,1.0,0.0,5.0,0.0
2025-09,ES01,Managed Programs,0.0,585007.8,585007.8,0.0,1.0,0.0,4.0,0.0
2025-10,ES01,Managed Programs,0.0,750319.01,750319.01,0.0,1.0,0.0,5.0,0.0
2025-11,ES01,Managed Programs,0.0,976161.2052081826,965363.37,10797.835208182572,1.0111852547379985,0.014079907805990511,6.0,0.0
2025-12,ES01,Managed Programs,10797.835208182572,275109.5502052077,260686.58000000002,25220.805413390277,1.0553268611111768,0.03828354814890982,2.0,0.0
2026-01,ES01,Managed Programs,25220.805413390277,1076311.0213571105,992425.62,109106.20677050075,1.0845256306030375,0.14754213421944615,7.0,0.0
2026-02,ES01,Managed Programs,109106.20677050075,777655.1814096277,710976.11,175785.27818012843,1.0937852488596667,0.2684990444958074,5.0,0.0
2026-03,ES01,Managed Programs,175785.27818012843,1245426.1716809121,1151550.33,269661.1198610405,1.0815212667959655,0.283361451464485,7.0,0.0
2026-04,ES01,Managed Programs,269661.1198610405,1186026.210559305,1129729.29,325958.0404203455,1.0498322218053717,0.3268016538349269,8.0,0.0
2026-05,ES01,Managed Programs,325958.0404203455,944186.7107313462,940293.38,329851.37115169165,1.0041405489118154,0.30716488915665574,7.0,0.0
2026-06,ES01,Managed Programs,329851.37115169165,683264.6540732395,717515.45,295600.57522493124,0.952264726945238,0.3181307976784883,5.0,0.0
2026-07,ES01,Managed Programs,295600.57522493124,912937.8216605848,1010914.18,197624.21688551607,0.9030814283964091,0.22215593316915574,6.0,0.0
2026-08,ES01,Managed Programs,197624.21688551607,698634.2388911387,807663.48,88594.97577665478,0.8650065976626041,0.10480093427246619,5.0,0.0
2026-09,ES01,Managed Programs,88594.97577665478,445622.4096125787,527641.44,6575.94538923353,0.8445553662589101,0.00840835204508419,4.004332159722223,0.0
2023-10,ES01,Training & Enablement,0.0,582701.19,582701.19,0.0,1.0,0.0,6.0,0.0
2023-11,ES01,Training & Enablement,0.0,956401.04,956401.04,0.0,1.0,0.0,8.0,0.0
2023-12,ES01,Training & Enablement,0.0,393590.95999999996,393590.95999999996,0.0,1.0,0.0,4.0,0.0
2024-01,ES01,Training & Enablement,0.0,879480.26,879480.26,0.0,1.0,0.0,9.0,0.0
2024-02,ES01,Training & Enablement,0.0,661193.8200000001,661193.8200000001,0.0,1.0,0.0,6.0,0.0
2024-03,ES01,Training & Enablement,0.0,892014.7219900584,864471.4299999999,27543.291990058497,1.0318614254146705,0.03435545817357865,8.0,0.0
2024-04,ES01,Training & Enablement,27543.291990058497,1165116.7246456482,1083046.31,109613.70663570659,1.0757773826362496,0.1260549939477095,10.0,0.0
2024-05,ES01,Training & Enablement,109613.70663570659,542388.0523655866,491298.43999999994,160703.31900129328,1.1039889570290244,0.19768195772913064,5.0,0.0
2024-06,ES01,Training & Enablement,160703.31900129328,443986.2833063053,399387.20999999996,205302.3923075986,1.1116687570097834,0.3120520868106102,4.0,0.0
2024-07,ES01,Training & Enablement,205302.3923075986,699793.4558747292,637623.47,267472.37818232784,1.097502662307473,0.5250358870769439,6.0,0.0
2024-08,ES01,Training & Enablement,267472.37818232784,712013.9680109209,669239.72,310246.6261932488,1.0639146881642365,0.5454884456465161,6.0,0.0
2024-09,ES01,Training & Enablement,310246.6261932488,455806.72288574034,448340.86,317712.48907898914,1.0166522027141143,0.54303513442609,5.0,0.0
2024-10,ES01,Training & Enablement,317712.48907898914,1155551.4949742758,1198950.54,274313.4440532648,0.9638024725976401,0.35524682792078977,11.0,0.0
2024-11,ES01,Training & Enablement,274313.4440532648,963325.229022977,1053495.12,184143.55307624163,0.9144088194950317,0.20454436333188042,10.0,0.0
2024-12,ES01,Training & Enablement,184143.55307624163,828240.0202221788,944484.12,67899.45329842041,0.8769231823846639,0.06371687022017145,10.0,0.0
2025-01,ES01,Training & Enablement,67899.45329842041,502819.25670157955,570718.71,0.0,0.8810281630710505,0.0,5.0,0.0
2025-02,ES01,Training & Enablement,0.0,435752.56,435752.56,0.0,1.0,0.0,4.0,0.0
2025-03,ES01,Training & Enablement,0.0,502894.04000000004,502894.04000000004,0.0,1.0,0.0,5.0,0.0
2025-04,ES01,Training & Enablement,0.0,393851.38,393851.38,0.0,1.0,0.0,4.0,0.0
2025-05,ES01,Training & Enablement,0.0,729972.58,729972.58,0.0,1.0,0.0,7.0,0.0
2025-06,ES01,Training & Enablement,0.0,731730.7509661191,711870.24,19860.510966119124,1.0278990606014364,0.03245722130535542,7.0,0.0
2025-07,ES01,Training & Enablement,19860.510966119124,445546.4178634876,415323.23,50083.69882960676,1.072770280303097,0.08090342621157666,4.0,0.0
2025-08,ES01,Training & Enablement,50083.69882960676,317313.2302648674,287825.07,79571.85909447417,1.1024516740840797,0.16870137778083283,2.0,0.0
2025-09,ES01,Training & Enablement,79571.85909447417,624392.561559831,561572.61,142391.81065430527,1.1118643438821403,0.3377626072165722,4.0,0.0
2025-10,ES01,Training & Enablement,142391.81065430527,1322625.968879356,1203046.02,261971.75953366142,1.0993976513711055,0.3829168510692811,11.0,0.0
2025-11,ES01,Training & Enablement,261971.75953366142,666234.7538743706,624291.82,303914.69340803206,1.0671848205128984,0.38165686797682025,6.0,0.0
2025-12,ES01,Training & Enablement,303914.69340803206,837937.9413314604,820913.9,320938.73473949253,1.0207379133566388,0.36356672202865337,7.0,0.0
2026-01,ES01,Training & Enablement,320938.73473949253,547607.8042040098,565707.8300000001,302838.7089435023,0.9680046397873081,0.45179273212938803,5.0,0.0
2026-02,ES01,Training & Enablement,302838.7089435023,665097.7976118649,724500.78,243435.72655536712,0.9180083941550274,0.34593311198510285,7.0,0.0
2026-03,ES01,Training & Enablement,243435.72655536712,584494.2275514057,664723.55,163206.40410677274,0.8793042273760356,0.2504533008042173,7.0,0.0
2026-04,ES01,Training & Enablement,163206.40410677274,351709.7463637595,409672.24,105243.91047053225,0.8585149590896359,0.1755141105258746,4.0,0.0
2026-05,ES01,Training & Enablement,105243.91047053225,664058.7195294678,769302.63,0.0,0.8631956965095359,0.0,6.0,0.0
2026-06,ES01,Training & Enablement,0.0,564147.3,564147.3,0.0,1.0,0.0,5.0,0.0
2026-07,ES01,Training & Enablement,0.0,802165.4199999999,802165.4199999999,0.0,1.0,0.0,7.0,0.0
2026-08,ES01,Training & Enablement,0.0,926947.55,926947.55,0.0,1.0,0.0,8.0,0.0
2026-09,ES01,Training & Enablement,0.0,1133161.6220822455,1106723.81,26437.81208224548,1.0238883557427445,0.027968265594868418,10.010830399305558,0.0
2023-12,US01,Customer Experience,0.0,603835.3090886789,547797.11,56038.19908867893,1.102297361679544,0.10229736167954397,3.0,0.0
2024-01,US01,Customer Experience,56038.19908867893,535888.6428868397,493190.06,98736.78197551862,1.086576324930068,0.18969836482330255,3.0,0.0
2024-02,US01,Customer Experience,98736.78197551862,1407118.9840860157,1337649.31,168206.45606153435,1.05193414564391,0.21214648494107138,5.0,0.0
2024-03,US01,Customer Experience,168206.45606153435,373435.68282319885,371837.31,169804.8288847332,1.0042985810735314,0.2312706586852318,2.0,0.0
2024-04,US01,Customer Experience,169804.8288847332,808779.9457939746,849718.77,128866.0046787078,0.9518207368703584,0.15106173797020778,4.0,0.0
2024-05,US01,Customer Experience,128866.0046787078,518990.00134576863,574434.22,73421.7860244764,0.9034802998779715,0.12264284393597738,2.0,0.0
2024-06,US01,Customer Experience,73421.7860244764,138416.49559743045,159548.91,52289.371621906845,0.867548989193536,0.09905154174893681,1.0,0.0
2024-07,US01,Customer Experience,52289.371621906845,136088.96460723973,160071.68,28306.65622914658,0.8501751503279015,0.09498295600852451,1.0,0.0
2024-08,US01,Customer Experience,28306.65622914658,280873.5637708534,309180.22,0.0,0.9084460958429146,0.0,2.0,0.0
2024-09,US01,Customer Experience,0.0,765392.8400000001,765392.8400000001,0.0,1.0,0.0,3.0,0.0
2024-10,US01,Customer Experience,0.0,838655.08,838655.08,0.0,1.0,0.0,4.0,0.0
2024-11,US01,Customer Experience,0.0,767721.4,767721.4,0.0,1.0,0.0,4.0,0.0
2024-12,US01,Customer Experience,0.0,453244.57860613,442849.87,10394.708606129978,1.0234723081348764,0.015217511632324038,2.0,0.0
2025-01,US01,Customer Experience,10394.708606129978,1018110.2975569401,954152.3,74352.70616307005,1.067031225053841,0.10304231061207049,4.0,0.0
2025-02,US01,Customer Experience,74352.70616307005,201779.33056057003,184271.1,91860.93672364004,1.0950134370531788,0.17427905435403973,1.0,0.0
2025-03,US01,Customer Experience,91860.93672364004,663019.518999784,601306.91,153573.54572342406,1.10263079963572,0.2648230214315644,3.0,0.0
2025-04,US01,Customer Experience,153573.54572342406,662813.502784491,608879.0700000001,207507.97850791505,1.0885798764350547,0.44642746230937785,3.0,0.0
2025-05,US01,Customer Experience,207507.97850791505,831367.2421598454,787827.95,251047.27066776052,1.055264975252332,0.376945225803947,4.0,0.0
2025-06,US01,Customer Experience,251047.27066776052,743007.976401032,736828.39,257226.85706879245,1.008386737651398,0.3616910071374804,4.0,0.0
2025-07,US01,Customer Experience,257226.85706879245,156316.68892004143,163516.88,250026.66598883388,0.9559666801374966,0.44431459347903984,1.0,0.0
2025-08,US01,Customer Experience,250026.66598883388,158626.71966154638,174896.54,233756.84565038027,0.9069746014503567,0.6521979804255759,1.0,0.0
2025-09,US01,Customer Experience,233756.84565038027,480091.0229680514,551959.63,161888.2386184316,0.8697937256173089,0.5454620575671005,2.0,0.0
2025-12,US01,Customer Experience,161888.2386184316,342486.0076437662,402552.37,101821.8762621978,0.8507862160736159,0.2704651310557589,2.0,0.0
2026-01,US01,Customer Experience,101821.8762621978,179983.817980842,210950.38,70855.31424303981,0.8532045212757711,0.1823876483504508,1.0,0.0
2026-02,US01,Customer Experience,70855.31424303981,145176.32171712106,165606.38,50425.25596016087,0.8766348356695017,0.19416505603070341,1.0,0.0
2026-03,US01,Customer Experience,50425.25596016087,273792.1553049263,298551.67,25665.741265087156,0.9170679075582672,0.11405164026060446,1.0,0.0
2026-04,US01,Customer Experience,25665.741265087156,355761.59427287173,367679.91,13747.425537958916,0.9675850776640795,0.049579700130391674,1.0,0.0
2026-05,US01,Customer Experience,13747.425537958916,386460.60524997354,379053.08999999997,21154.940787932486,1.0195421576697175,0.06071534787150132,2.0,0.0
2026-07,US01,Customer Experience,21154.940787932486,670956.9901854566,630569.89,61542.040973389056,1.064048570707137,0.1340490347189841,3.0,0.0
2026-08,US01,Customer Experience,61542.040973389056,536375.6480725271,490517.8,107399.8890459162,1.0934886523435585,0.21477962030853437,2.0,0.0
2026-09,US01,Customer Experience,107399.8890459162,401785.0779266185,364323.58,144861.3869725347,1.1028247963709032,0.29256823998487913,2.0021660798611114,0.0
2023-10,US01,Deployment & Integration,0.0,254066.28,254066.28,0.0,1.0,0.0,2.0,0.0
2023-11,US01,Deployment & Integration,0.0,455558.92000000004,455558.92000000004,0.0,1.0,0.0,3.0,0.0
2023-12,US01,Deployment & Integration,0.0,321823.74,321823.74,0.0,1.0,0.0,2.0,0.0
2024-01,US01,Deployment & Integration,0.0,256198.84,256198.84,0.0,1.0,0.0,2.0,0.0
2024-02,US01,Deployment & Integration,0.0,593784.7,593784.7,0.0,1.0,0.0,3.0,0.0
2024-03,US01,Deployment & Integration,0.0,147169.27,147169.27,0.0,1.0,0.0,1.0,0.0
2024-04,US01,Deployment & Integration,0.0,537238.0863887938,531068.3,6169.786388793727,1.0116176890783986,0.01455112823329829,3.0,0.0
2024-05,US01,Deployment & Integration,6169.786388793727,806202.5198571827,756700.75,55671.55624597648,1.0654178945338468,0.11639153154536247,5.0,0.0
2024-06,US01,Deployment & Integration,55671.55624597648,533385.1861516655,480197.54,108859.20239764202,1.110762012965884,0.18471933182454883,3.0,0.0
2024-07,US01,Deployment & Integration,108859.20239764202,643855.6315412173,564839.63,187875.2039388594,1.1398910369324073,0.3128233055208042,2.0,0.0
2024-08,US01,Deployment & Integration,187875.2039388594,1178578.8036318743,1026797.06,339656.9475707337,1.1478205865060367,0.4918206427703442,5.0,0.0
2024-09,US01,Deployment & Integration,339656.9475707337,370241.3183748776,326723.74,383174.5259456113,1.1331938057971473,0.5992218979604547,2.0,0.0
2024-10,US01,Deployment & Integration,383174.5259456113,470856.7044249806,428630.77,425400.46037059184,1.098513539811854,0.7161014823850115,3.0,0.0
2024-11,US01,Deployment & Integration,425400.46037059184,793625.4107755588,756039.61,462986.26114615065,1.04971406296498,0.9189917871577084,5.0,0.0
2024-12,US01,Deployment & Integration,462986.26114615065,739246.4781066154,742852.55,459380.1892527661,0.9951456424382138,0.7149801158309947,5.0,0.0
2025-01,US01,Deployment & Integration,459380.1892527661,124603.25000036412,131974.6,452008.83925313025,0.944145691673732,0.8314759678831093,1.0,0.0
2025-02,US01,Deployment & Integration,452008.83925313025,546943.2404600705,604062.81,394889.26971320075,0.9054410094540839,0.8010520330664779,4.0,0.0
2025-03,US01,Deployment & Integration,394889.26971320075,363451.9902478257,410376.72000000003,347964.53996102646,0.8856545036176167,0.91057288336378,2.0,0.0
2025-04,US01,Deployment & Integration,347964.53996102646,235198.0583751747,264811.41,318351.1883362012,0.8881719196887126,0.7465724942196279,2.0,0.0
2025-05,US01,Deployment & Integration,318351.1883362012,783735.6168463728,858829.53,243257.27518257406,0.9125624928690712,0.4757258306581178,5.0,0.0
2025-06,US01,Deployment & Integration,243257.27518257406,459684.79650336405,481520.47000000003,221421.60168593813,0.9546526578680321,0.41383053499760775,3.0,0.0
2025-07,US01,Deployment & Integration,221421.60168593813,296636.5711513442,294504.30000000005,223553.8728372823,1.0072402037978534,0.41022714899538565,2.0,0.0
2025-08,US01,Deployment & Integration,223553.8728372823,313234.55191821605,295134.91000000003,241653.51475549827,1.0613266723283126,0.6767996945763443,2.0,0.0
2025-09,US01,Deployment & Integration,241653.51475549827,992500.3438557757,896035.72,338118.1386112741,1.1076571186869377,0.6827566349482804,5.0,0.0
2025-10,US01,Deployment & Integration,338118.1386112741,626312.4071850083,550215.53,414215.0157962823,1.1383037610461635,0.7135953391227405,3.0,0.0
2025-11,US01,Deployment & Integration,414215.0157962823,1052593.3100373282,916875.13,549933.1958336105,1.148022533927088,0.6981427660677342,6.0,0.0
2025-12,US01,Deployment & Integration,549933.1958336105,337901.23596047505,297670.89,590163.5417940855,1.1351504205213854,1.0032463736430888,2.0,0.0
2026-01,US01,Deployment & Integration,590163.5417940855,408988.5289732181,371170.01,627982.0607673037,1.101890017927952,1.1880728621390748,2.0,0.0
2026-02,US01,Deployment & Integration,627982.0607673037,141824.81735231646,134567.25,635239.6281196201,1.0539326422462856,2.3720432564181237,1.0,0.0
2026-03,US01,Deployment & Integration,635239.6281196201,479734.29283995565,479981.74,634992.1809595758,0.9994844654714483,1.9325756558194855,2.0,0.0
2026-04,US01,Deployment & Integration,634992.1809595758,373795.2711317975,394356.08,614431.3720913732,0.9478623256722642,1.8270243366644194,2.0,0.0
2026-05,US01,Deployment & Integration,614431.3720913732,313316.2309226136,345100.13,582647.4730139867,0.9078994868028986,1.433400050442878,2.0,0.0
2026-06,US01,Deployment & Integration,582647.4730139867,454808.0586592846,513075.97,524379.5616732714,0.8864341447510875,1.2559666810475194,3.0,0.0
2026-07,US01,Deployment & Integration,524379.5616732714,398453.5321396957,449144.26,473688.83381296706,0.8871393171977656,1.0870070909313316,3.0,0.0
2026-08,US01,Deployment & Integration,473688.83381296706,951008.1243584387,1045185.23,379511.72817140585,0.9098943393588127,0.5671675240507802,6.0,0.0
2026-09,US01,Deployment & Integration,379511.72817140585,577609.0712066437,607494.4500000001,349626.3493780495,0.950805511402851,0.49903278203889356,3.003249119791667,0.0
2023-10,US01,Managed Programs,0.0,452497.22,452497.22,0.0,1.0,0.0,3.0,0.0
2023-11,US01,Managed Programs,0.0,526836.5599999999,526836.5599999999,0.0,1.0,0.0,4.0,0.0
2023-12,US01,Managed Programs,0.0,494870.27,494870.27,0.0,1.0,0.0,4.0,0.0
2024-01,US01,Managed Programs,0.0,1312810.81,1312810.81,0.0,1.0,0.0,9.0,0.0
2024-02,US01,Managed Programs,0.0,862749.02,862749.02,0.0,1.0,0.0,5.0,0.0
2024-03,US01,Managed Programs,0.0,344982.82146322826,338356.72,6626.1014632282895,1.0195831826931894,0.007907304794856802,3.0,0.0
2024-04,US01,Managed Programs,6626.1014632282895,710183.3997849439,661369.68,55439.8212481722,1.073807011813641,0.08930021945981795,5.0,0.0
2024-05,US01,Managed Programs,55439.8212481722,389457.4242866651,347882.61,97014.63553483732,1.1195081705482925,0.21597058526976748,3.0,0.0
2024-06,US01,Managed Programs,97014.63553483732,1179149.3351744832,1026358.8300000001,249805.14070932055,1.1488665569082532,0.36815254876774384,6.0,0.0
2024-07,US01,Managed Programs,249805.14070932055,507541.31859061704,438723.75,318622.7092999376,1.1568585438801,0.5272401991898216,3.0,0.0
2024-08,US01,Managed Programs,318622.7092999376,780757.6177108741,683605.88,415774.44701081177,1.1421165916695657,0.5805045097288954,5.0,0.0
2024-09,US01,Managed Programs,415774.44701081177,114887.1199617115,103767.1,426894.46697252325,1.1071632527237583,1.0445206887694496,1.0,0.0
2024-10,US01,Managed Programs,426894.46697252325,259703.61011834507,245471.30000000002,441126.7770908682,1.0579795280276962,1.2812970521292955,2.0,0.0
2024-11,US01,Managed Programs,441126.7770908682,416907.0965148577,415667.81,442366.06360572594,1.0029814348983572,1.7349815878958257,3.0,0.0
2024-12,US01,Managed Programs,442366.06360572594,462259.2498069356,485780.80000000005,418844.5134126615,0.9515799097184071,1.0955721749027658,3.0,0.0
2025-01,US01,Managed Programs,418844.5134126615,591668.3196512343,648353.57,362159.26306389587,0.912570466221439,0.7010428835451035,4.0,0.0
2025-02,US01,Managed Programs,362159.26306389587,665777.4255140714,745862.0,282074.68857796723,0.8926281611264166,0.4501200530157948,5.0,0.0
2025-03,US01,Managed Programs,282074.68857796723,209684.95751006456,234241.58000000002,257518.0660880318,0.895165399371301,0.47440867465508413,2.0,0.0
2025-04,US01,Managed Programs,257518.0660880318,333811.45326177304,362937.94,228391.57934980484,0.9197480243089853,0.51016646011764,3.0,0.0
2025-05,US01,Managed Programs,228391.57934980484,576512.6124889591,599179.8200000001,205724.37183876382,0.9621696079299851,0.515876037308566,4.0,0.0
2025-06,US01,Managed Programs,205724.37183876382,338573.81727691315,333514.0,210784.18911567703,1.0151712290246082,0.48806504044562093,3.0,0.0
2025-07,US01,Managed Programs,210784.18911567703,583330.4799155383,545329.94,248784.72903121542,1.0696835752600313,0.5049676515982708,4.0,0.0
2025-08,US01,Managed Programs,248784.72903121542,144665.74951485023,129584.82,263865.6585460656,1.116378828282898,0.7849805628691082,1.0,0.0
2025-09,US01,Managed Programs,263865.6585460656,1336990.783980835,1165370.43,435486.01252690074,1.1472667827866845,0.7099215081879251,8.0,0.0
2025-10,US01,Managed Programs,435486.01252690074,774861.0570027179,669679.76,540667.3095296186,1.1570620814383248,0.8255996255451316,5.0,0.0
2025-11,US01,Managed Programs,540667.3095296186,821125.2569689952,717711.24,644081.3264986139,1.1440886128089554,0.7569230546921268,4.0,0.0
2025-12,US01,Managed Programs,644081.3264986139,425259.7866969694,382921.56,686419.5531955832,1.1105663172817153,1.1632175617546032,3.0,0.0
2026-01,US01,Managed Programs,686419.5531955832,227235.5629119317,213922.86,699732.2561075148,1.0622313244686972,1.596886942255868,2.0,0.0
2026-02,US01,Managed Programs,699732.2561075148,892532.800321409,886016.66,706248.3964289237,1.0073544218924833,1.4288224418748459,6.0,0.0
2026-03,US01,Managed Programs,706248.3964289237,463731.5217552923,485417.14,684562.7781842161,0.9553258085515733,1.2954109232131072,4.0,0.0
2026-04,US01,Managed Programs,684562.7781842161,765160.0133195365,836196.31,613526.4815037525,0.9150483016596144,0.8337354324775255,5.0,0.0
2026-05,US01,Managed Programs,613526.4815037525,230770.50062150354,258301.88,585995.1021252561,0.8934139411664505,1.1127085565881358,1.0,0.0
2026-06,US01,Managed Programs,585995.1021252561,219620.39936697044,245626.15,559989.3514922265,0.8941246661520789,1.2535911813053702,2.0,0.0
2026-07,US01,Managed Programs,559989.3514922265,449506.2961351999,490160.79,519334.85762742633,0.9170588617159686,1.5672689819429606,3.0,0.0
2026-08,US01,Managed Programs,519334.85762742633,869430.0619634277,907270.34,481494.5795908541,0.9582921689729521,0.8791438718268925,6.0,0.0
2026-09,US01,Managed Programs,481494.5795908541,741423.8435583647,733524.52,489393.90314921876,1.0107689972768255,0.6889780692750018,6.006498239583334,0.0
2023-10,US01,Training & Enablement,0.0,465331.57014427363,427922.49,37409.08014427364,1.087420224499707,0.08742022449970704,4.0,0.0
2023-11,US01,Training & Enablement,37409.08014427364,472994.46303265775,432645.06,77758.48317693139,1.093262137403482,0.18071442079574435,5.0,0.0
2023-12,US01,Training & Enablement,77758.48317693139,249770.61865300804,231769.12,95759.98182993941,1.0776699616109688,0.2629957900157451,2.0,0.0
2024-01,US01,Training & Enablement,95759.98182993941,893086.6864178077,856011.35,132835.31824774714,1.043311734614042,0.26210159385000686,8.0,0.0
2024-02,US01,Training & Enablement,132835.31824774714,681702.3707095799,684394.35,130143.33895732707,0.9960666254909614,0.2203112314122493,6.0,0.0
2024-03,US01,Training & Enablement,130143.33895732707,185980.84795053466,197009.66,119114.52690786173,0.9440189275517488,0.20567538940347876,2.0,0.0
2024-04,US01,Training & Enablement,119114.52690786173,785470.2939487543,876567.85,28016.97085661604,0.8960747236494635,0.04781129577913046,7.0,0.0
2024-05,US01,Training & Enablement,28016.97085661604,372765.03914338397,400782.01,0.0,0.930094240366188,0.0,3.0,0.0
2024-06,US01,Training & Enablement,0.0,482573.22,482573.22,0.0,1.0,0.0,5.0,0.0
2024-07,US01,Training & Enablement,0.0,681316.37,681316.37,0.0,1.0,0.0,6.0,0.0
2024-08,US01,Training & Enablement,0.0,638768.97,638768.97,0.0,1.0,0.0,6.0,0.0
2024-09,US01,Training & Enablement,0.0,740884.87,740884.87,0.0,1.0,0.0,6.0,0.0
2024-10,US01,Training & Enablement,0.0,352162.01,352162.01,0.0,1.0,0.0,3.0,0.0
2024-11,US01,Training & Enablement,0.0,903476.6313211416,890051.81,13424.821321141557,1.0150831908550824,0.020308855109689307,9.0,0.0
2024-12,US01,Training & Enablement,13424.821321141557,458151.4168048462,432918.72,38657.518125987786,1.0582850674714326,0.06923186769326525,4.0,0.0
2025-01,US01,Training & Enablement,38657.518125987786,889562.6020120475,819089.82,109130.30013803544,1.0860379170773329,0.15283925143103755,7.0,0.0
2025-02,US01,Training & Enablement,109130.30013803544,495159.4823827702,452782.3,151507.48252080573,1.093592842261657,0.2666147875140021,4.0,0.0
2025-03,US01,Training & Enablement,151507.48252080573,1003561.1205718658,929518.39,225550.2130926716,1.0796570905626361,0.3073741965381757,7.0,0.0
2025-04,US01,Training & Enablement,225550.2130926716,1015790.2449724512,970547.9,270792.5580651228,1.0466152623404277,0.3452740978098248,7.0,0.0
2025-05,US01,Training & Enablement,270792.5580651228,824217.4828674537,824117.54,270892.5009325766,1.0001212725886817,0.2983196265421375,7.0,0.0
2025-06,US01,Training & Enablement,270892.5009325766,668386.8318990876,704952.07,234327.2628316643,0.9481308876773533,0.2812357433417855,7.0,0.0
2025-07,US01,Training & Enablement,234327.2628316643,459322.887790629,510619.53,183030.62062229333,0.8995403834056817,0.2692036992788421,5.0,0.0
2025-08,US01,Training & Enablement,183030.62062229333,663327.2285168186,768928.6,77429.24913911195,0.8626642688499538,0.1170510073102214,7.0,0.0
2025-09,US01,Training & Enablement,77429.24913911195,989515.2708608881,1066944.52,0.0,0.9274289827749319,0.0,8.0,0.0
2025-10,US01,Training & Enablement,0.0,932243.29,932243.29,0.0,1.0,0.0,8.0,0.0
2025-11,US01,Training & Enablement,0.0,612505.13,612505.13,0.0,1.0,0.0,5.0,0.0
2025-12,US01,Training & Enablement,0.0,1037131.73,1037131.73,0.0,1.0,0.0,10.0,0.0
2026-01,US01,Training & Enablement,0.0,898338.8,898338.8,0.0,1.0,0.0,7.0,0.0
2026-02,US01,Training & Enablement,0.0,950718.8033492775,940202.4,10516.403349277447,1.0111852547379985,0.010971070360158219,9.0,0.0
2026-03,US01,Training & Enablement,10516.403349277447,831786.6178095067,788179.14,54123.88115878415,1.0553268611111768,0.061815352401143865,7.0,0.0
2026-04,US01,Training & Enablement,54123.88115878415,762577.0284441076,703143.39,113557.51960289176,1.0845256306030375,0.14010654573411066,6.0,0.0
2026-05,US01,Training & Enablement,113557.51960289176,931748.5769864388,851856.96,193449.13658933062,1.0937852488596664,0.24767518333304966,7.0,0.0
2026-06,US01,Training & Enablement,193449.13658933062,376516.81219366036,348136.30000000005,221829.64878299087,1.0815212667959655,0.34968006440786714,3.0,0.0
2026-07,US01,Training & Enablement,221829.64878299087,1302504.8541071997,1240679.06,283655.4428901905,1.0498322218053713,0.3486606217874309,9.0,0.0
2026-08,US01,Training & Enablement,283655.4428901905,610932.5754827093,608413.41,286174.6083728998,1.0041405489118151,0.3907302857311028,5.0,0.0
2026-09,US01,Training & Enablement,286174.6083728998,752047.6970878683,789746.46,248475.8454607682,0.9522647269452381,0.2824831511722107,7.007581279513889,0.0
