month,factory,factory_name,produced_units,capacity_units,utilization,capacity_increase_pct,actual_fixed_factory_cost,absorbed_fixed_cost,absorption_variance,under_absorption,over_absorption,fixed_cost_absorption_pct
2023-10,CZ01,Brno Smart Manufacturing,8645.5,14500.0,0.5962,0.0,620000.0,2170263.8,-1550263.8,0.0,1550263.8,3.5004
2023-10,CN01,Suzhou Manufacturing Hub,9697.0,21000.0,0.4618,0.0,760000.0,1913350.48,-1153350.48,0.0,1153350.48,2.5176
2023-11,CZ01,Brno Smart Manufacturing,2555.5,14500.0,0.1762,0.0,620000.0,721835.49,-101835.49,0.0,101835.49,1.1643
2023-11,CN01,Suzhou Manufacturing Hub,2839.73,21000.0,0.1352,0.0,760000.0,577129.28,182870.72,182870.72,0.0,0.7594
2023-12,CZ01,Brno Smart Manufacturing,2664.17,14500.0,0.1837,0.0,620000.0,751026.75,-131026.75,0.0,131026.75,1.2113
2023-12,CN01,Suzhou Manufacturing Hub,3096.06,21000.0,0.1474,0.0,760000.0,647620.48,112379.52,112379.52,0.0,0.8521
2024-01,CZ01,Brno Smart Manufacturing,29.25,14500.0,0.002,0.0,620000.0,1150.01,618849.99,618849.99,0.0,0.0019
2024-01,CN01,Suzhou Manufacturing Hub,50.85,21000.0,0.0024,0.0,760000.0,2115.4,757884.6,757884.6,0.0,0.0028
2024-02,CZ01,Brno Smart Manufacturing,2011.64,14500.0,0.1387,0.0,620000.0,565673.93,54326.07,54326.07,0.0,0.9124
2024-02,CN01,Suzhou Manufacturing Hub,2423.96,21000.0,0.1154,0.0,760000.0,440827.8,319172.2,319172.2,0.0,0.58
2024-03,CZ01,Brno Smart Manufacturing,2401.38,14500.0,0.1656,0.0,620000.0,690469.72,-70469.72,0.0,70469.72,1.1137
2024-03,CN01,Suzhou Manufacturing Hub,3030.99,21000.0,0.1443,0.0,760000.0,608328.4,151671.6,151671.6,0.0,0.8004
2024-04,CZ01,Brno Smart Manufacturing,2209.0,14500.0,0.1523,0.0,620000.0,624341.28,-4341.28,0.0,4341.28,1.007
2024-04,CN01,Suzhou Manufacturing Hub,2664.56,21000.0,0.1269,0.0,760000.0,562665.61,197334.39,197334.39,0.0,0.7403
2024-05,CZ01,Brno Smart Manufacturing,2032.32,14500.0,0.1402,0.0,620000.0,566653.64,53346.36,53346.36,0.0,0.914
2024-05,CN01,Suzhou Manufacturing Hub,2376.59,21000.0,0.1132,0.0,760000.0,484653.7,275346.3,275346.3,0.0,0.6377
2024-06,CZ01,Brno Smart Manufacturing,2358.49,14500.0,0.1627,0.0,620000.0,675047.61,-55047.61,0.0,55047.61,1.0888
2024-06,CN01,Suzhou Manufacturing Hub,2763.86,21000.0,0.1316,0.0,760000.0,588650.74,171349.26,171349.26,0.0,0.7745
2024-07,CZ01,Brno Smart Manufacturing,1440.04,14500.0,0.0993,0.0,620000.0,432466.6,187533.4,187533.4,0.0,0.6975
2024-07,CN01,Suzhou Manufacturing Hub,1596.68,21000.0,0.076,0.0,760000.0,338025.45,421974.55,421974.55,0.0,0.4448
2024-08,CZ01,Brno Smart Manufacturing,985.5,14500.0,0.068,0.0,620000.0,244201.93,375798.07,375798.07,0.0,0.3939
2024-08,CN01,Suzhou Manufacturing Hub,1161.86,21000.0,0.0553,0.0,760000.0,180011.94,579988.06,579988.06,0.0,0.2369
2024-09,CZ01,Brno Smart Manufacturing,3316.88,14500.0,0.2288,0.0,620000.0,947222.61,-327222.61,0.0,327222.61,1.5278
2024-09,CN01,Suzhou Manufacturing Hub,3810.85,21000.0,0.1815,0.0,760000.0,856416.36,-96416.36,0.0,96416.36,1.1269
2024-10,CZ01,Brno Smart Manufacturing,2534.95,14500.0,0.1748,0.0,620000.0,696190.72,-76190.72,0.0,76190.72,1.1229
2024-10,CN01,Suzhou Manufacturing Hub,3068.76,21000.0,0.1461,0.0,760000.0,648144.37,111855.63,111855.63,0.0,0.8528
2024-11,CZ01,Brno Smart Manufacturing,2378.22,14500.0,0.164,0.0,620000.0,682873.6,-62873.6,0.0,62873.6,1.1014
2024-11,CN01,Suzhou Manufacturing Hub,2955.77,21000.0,0.1408,0.0,760000.0,687157.16,72842.84,72842.84,0.0,0.9042
2024-12,CZ01,Brno Smart Manufacturing,2770.21,14500.0,0.191,0.0,620000.0,737050.74,-117050.74,0.0,117050.74,1.1888
2024-12,CN01,Suzhou Manufacturing Hub,3369.34,21000.0,0.1604,0.0,760000.0,699066.75,60933.25,60933.25,0.0,0.9198
2025-01,CZ01,Brno Smart Manufacturing,140.4,14500.0,0.0097,0.0,620000.0,93802.52,526197.48,526197.48,0.0,0.1513
2025-01,CN01,Suzhou Manufacturing Hub,195.02,21000.0,0.0093,0.0,760000.0,78791.82,681208.18,681208.18,0.0,0.1037
2025-02,CZ01,Brno Smart Manufacturing,2075.12,14500.0,0.1431,0.0,620000.0,617832.51,2167.49,2167.49,0.0,0.9965
2025-02,CN01,Suzhou Manufacturing Hub,2667.13,21000.0,0.127,0.0,760000.0,504198.6,255801.4,255801.4,0.0,0.6634
2025-03,CZ01,Brno Smart Manufacturing,2547.91,14500.0,0.1757,0.0,620000.0,798017.85,-178017.85,0.0,178017.85,1.2871
2025-03,CN01,Suzhou Manufacturing Hub,3266.07,21000.0,0.1555,0.0,760000.0,692591.62,67408.38,67408.38,0.0,0.9113
2025-04,CZ01,Brno Smart Manufacturing,1935.73,14500.0,0.1335,0.0,620000.0,551811.63,68188.37,68188.37,0.0,0.89
2025-04,CN01,Suzhou Manufacturing Hub,2623.08,21000.0,0.1249,0.0,760000.0,493036.15,266963.85,266963.85,0.0,0.6487
2025-05,CZ01,Brno Smart Manufacturing,2277.62,14500.0,0.1571,0.0,620000.0,736374.4,-116374.4,0.0,116374.4,1.1877
2025-05,CN01,Suzhou Manufacturing Hub,2724.72,21000.0,0.1297,0.0,760000.0,561321.24,198678.76,198678.76,0.0,0.7386
2025-06,CZ01,Brno Smart Manufacturing,2506.98,14500.0,0.1729,0.0,620000.0,700988.15,-80988.15,0.0,80988.15,1.1306
2025-06,CN01,Suzhou Manufacturing Hub,2845.44,21000.0,0.1355,0.0,760000.0,569798.37,190201.63,190201.63,0.0,0.7497
2025-07,CZ01,Brno Smart Manufacturing,1481.97,14500.0,0.1022,0.0,620000.0,445181.69,174818.31,174818.31,0.0,0.718
2025-07,CN01,Suzhou Manufacturing Hub,1666.72,21000.0,0.0794,0.0,760000.0,365291.43,394708.57,394708.57,0.0,0.4806
2025-08,CZ01,Brno Smart Manufacturing,1109.99,14500.0,0.0766,0.0,620000.0,301158.7,318841.3,318841.3,0.0,0.4857
2025-08,CN01,Suzhou Manufacturing Hub,1161.26,21000.0,0.0553,0.0,760000.0,214395.14,545604.86,545604.86,0.0,0.2821
2025-09,CZ01,Brno Smart Manufacturing,3614.18,14500.0,0.2493,0.0,620000.0,985002.22,-365002.22,0.0,365002.22,1.5887
2025-09,CN01,Suzhou Manufacturing Hub,4084.91,21000.0,0.1945,0.0,760000.0,917185.38,-157185.38,0.0,157185.38,1.2068
2025-10,CZ01,Brno Smart Manufacturing,2628.97,14500.0,0.1813,0.0,620000.0,728613.7,-108613.7,0.0,108613.7,1.1752
2025-10,CN01,Suzhou Manufacturing Hub,3020.21,21000.0,0.1438,0.0,760000.0,677053.57,82946.43,82946.43,0.0,0.8909
2025-11,CZ01,Brno Smart Manufacturing,2680.64,16820.0,0.1594,0.16,620000.0,680831.42,-60831.42,0.0,60831.42,1.0981
2025-11,CN01,Suzhou Manufacturing Hub,3117.73,21000.0,0.1485,0.0,760000.0,693158.56,66841.44,66841.44,0.0,0.9121
2025-12,CZ01,Brno Smart Manufacturing,2853.26,16820.0,0.1696,0.16,620000.0,767345.71,-147345.71,0.0,147345.71,1.2377
2025-12,CN01,Suzhou Manufacturing Hub,3483.31,21000.0,0.1659,0.0,760000.0,793609.06,-33609.06,0.0,33609.06,1.0442
2026-01,CZ01,Brno Smart Manufacturing,37.67,16820.0,0.0022,0.16,620000.0,48141.22,571858.78,571858.78,0.0,0.0776
2026-01,CN01,Suzhou Manufacturing Hub,32.04,21000.0,0.0015,0.0,760000.0,42482.78,717517.22,717517.22,0.0,0.0559
2026-02,CZ01,Brno Smart Manufacturing,2283.7,16820.0,0.1358,0.16,620000.0,621642.92,-1642.92,0.0,1642.92,1.0026
2026-02,CN01,Suzhou Manufacturing Hub,2641.85,21000.0,0.1258,0.0,760000.0,571967.12,188032.88,188032.88,0.0,0.7526
2026-03,CZ01,Brno Smart Manufacturing,2894.51,16820.0,0.1721,0.16,620000.0,776402.4,-156402.4,0.0,156402.4,1.2523
2026-03,CN01,Suzhou Manufacturing Hub,3431.39,21000.0,0.1634,0.0,760000.0,835955.95,-75955.95,0.0,75955.95,1.0999
2026-04,CZ01,Brno Smart Manufacturing,2558.57,16820.0,0.1521,0.16,620000.0,707972.93,-87972.93,0.0,87972.93,1.1419
2026-04,CN01,Suzhou Manufacturing Hub,3074.76,21000.0,0.1464,0.0,760000.0,759867.18,132.82,132.82,0.0,0.9998
2026-05,CZ01,Brno Smart Manufacturing,2355.77,16820.0,0.1401,0.16,620000.0,611196.12,8803.88,8803.88,0.0,0.9858
2026-05,CN01,Suzhou Manufacturing Hub,2729.84,21000.0,0.13,0.0,760000.0,652394.84,107605.16,107605.16,0.0,0.8584
2026-06,CZ01,Brno Smart Manufacturing,2225.31,16820.0,0.1323,0.16,620000.0,579461.28,40538.72,40538.72,0.0,0.9346
2026-06,CN01,Suzhou Manufacturing Hub,2614.09,21000.0,0.1245,0.0,760000.0,595438.57,164561.43,164561.43,0.0,0.7835
2026-07,CZ01,Brno Smart Manufacturing,1515.31,16820.0,0.0901,0.16,620000.0,443875.75,176124.25,176124.25,0.0,0.7159
2026-07,CN01,Suzhou Manufacturing Hub,1778.33,21000.0,0.0847,0.0,760000.0,426055.49,333944.51,333944.51,0.0,0.5606
2026-08,CZ01,Brno Smart Manufacturing,1580.57,16820.0,0.094,0.16,620000.0,516922.7,103077.3,103077.3,0.0,0.8337
2026-08,CN01,Suzhou Manufacturing Hub,1846.39,25200.0,0.0733,0.2,760000.0,474449.04,285550.96,285550.96,0.0,0.6243
2026-09,CZ01,Brno Smart Manufacturing,3870.93,16820.0,0.2301,0.16,620000.0,1139074.17,-519074.17,0.0,519074.17,1.8372
2026-09,CN01,Suzhou Manufacturing Hub,4807.1,25200.0,0.1908,0.2,760000.0,1155796.26,-395796.26,0.0,395796.26,1.5208
