shock,driver,shock_display,entity,division,base_revenue,base_gross_profit,base_opex,revenue_impact,gross_profit_impact,opex_benefit,ebit_impact,interest_expense_impact,net_income_impact,ending_cash_impact,net_debt_impact,methodology
Price +1%,price,+1.0%,DE01,Hardware,70474129.39,21400807.93,8476990.54,704741.29,704741.29,0.0,704741.29,0.0,535603.38,439194.77,-439194.77,Revenue shock with unchanged unit costs.
Price +1%,price,+1.0%,DE01,Software,12071458.87,8826995.15,2287166.34,120714.59,120714.59,0.0,120714.59,0.0,91743.09,80733.92,-80733.92,Revenue shock with unchanged unit costs.
Price +1%,price,+1.0%,ES01,Events,42920623.55,16815034.79,6524339.43,429206.24,429206.24,0.0,429206.24,0.0,326196.74,293577.07,-293577.07,Revenue shock with unchanged unit costs.
Price +1%,price,+1.0%,ES01,Hardware,63914653.11,18927724.67,5857052.23,639146.53,639146.53,0.0,639146.53,0.0,485751.36,398316.12,-398316.12,Revenue shock with unchanged unit costs.
Price +1%,price,+1.0%,ES01,Spare Parts,26829457.58,11727687.02,2672919.55,268294.58,268294.58,0.0,268294.58,0.0,203903.88,171279.26,-171279.26,Revenue shock with unchanged unit costs.
Price +1%,price,+1.0%,JP01,Hardware,43267466.06,14268146.69,5041347.56,432674.66,432674.66,0.0,432674.66,0.0,328832.74,269642.85,-269642.85,Revenue shock with unchanged unit costs.
Price +1%,price,+1.0%,JP01,Software,10068520.4,7356265.18,1815996.0,100685.2,100685.2,0.0,100685.2,0.0,76520.76,67338.26,-67338.26,Revenue shock with unchanged unit costs.
Price +1%,price,+1.0%,JP01,Spare Parts,37800376.61,16530702.6,4756621.45,378003.77,378003.77,0.0,378003.77,0.0,287282.86,241317.6,-241317.6,Revenue shock with unchanged unit costs.
Price +1%,price,+1.0%,US01,Events,32856280.37,13134058.11,7814582.32,328562.8,328562.8,0.0,328562.8,0.0,249707.73,224736.96,-224736.96,Revenue shock with unchanged unit costs.
Price +1%,price,+1.0%,US01,Hardware,75558599.84,22921931.95,11085141.14,755586.0,755586.0,0.0,755586.0,0.0,574245.36,470881.19,-470881.19,Revenue shock with unchanged unit costs.
Price +1%,price,+1.0%,US01,Software,15403655.98,11277566.9,3470763.42,154036.56,154036.56,0.0,154036.56,0.0,117067.79,103019.65,-103019.65,Revenue shock with unchanged unit costs.
Volume +1%,volume,+1.0%,DE01,Hardware,70474129.39,21400807.93,8476990.54,704741.29,214008.08,38118.0,252126.08,0.0,191615.82,157124.97,-157124.97,Demand elasticity applied to Revenue and marginal contribution.
Volume +1%,volume,+1.0%,DE01,Software,12071458.87,8826995.15,2287166.34,120714.59,88269.95,5389.51,93659.46,0.0,71181.19,62639.45,-62639.45,Demand elasticity applied to Revenue and marginal contribution.
Volume +1%,volume,+1.0%,ES01,Events,42920623.55,16815034.79,6524339.43,429206.24,168150.35,23505.68,191656.03,0.0,145658.58,131092.72,-131092.72,Demand elasticity applied to Revenue and marginal contribution.
Volume +1%,volume,+1.0%,ES01,Hardware,63914653.11,18927724.67,5857052.23,639146.53,189277.25,34630.86,223908.1,0.0,170170.16,139539.53,-139539.53,Demand elasticity applied to Revenue and marginal contribution.
Volume +1%,volume,+1.0%,ES01,Spare Parts,26829457.58,11727687.02,2672919.55,268294.58,117276.87,9267.62,126544.49,0.0,96173.81,80786.0,-80786.0,Demand elasticity applied to Revenue and marginal contribution.
Volume +1%,volume,+1.0%,JP01,Hardware,43267466.06,14268146.69,5041347.56,432674.66,142681.47,22847.32,165528.79,0.0,125801.88,103157.54,-103157.54,Demand elasticity applied to Revenue and marginal contribution.
Volume +1%,volume,+1.0%,JP01,Software,10068520.4,7356265.18,1815996.0,100685.2,73562.65,4511.95,78074.6,0.0,59336.69,52216.29,-52216.29,Demand elasticity applied to Revenue and marginal contribution.
Volume +1%,volume,+1.0%,JP01,Spare Parts,37800376.61,16530702.6,4756621.45,378003.77,165307.03,13103.33,178410.36,0.0,135591.87,113897.17,-113897.17,Demand elasticity applied to Revenue and marginal contribution.
Volume +1%,volume,+1.0%,US01,Events,32856280.37,13134058.11,7814582.32,328562.8,131340.58,17937.88,149278.47,0.0,113451.63,102106.47,-102106.47,Demand elasticity applied to Revenue and marginal contribution.
Volume +1%,volume,+1.0%,US01,Hardware,75558599.84,22921931.95,11085141.14,755586.0,229219.32,40702.49,269921.81,0.0,205140.58,168215.27,-168215.27,Demand elasticity applied to Revenue and marginal contribution.
Volume +1%,volume,+1.0%,US01,Software,15403655.98,11277566.9,3470763.42,154036.56,112775.67,6871.5,119647.17,0.0,90931.85,80020.03,-80020.03,Demand elasticity applied to Revenue and marginal contribution.
Industrial production -1%,industrial,-1.0%,DE01,Hardware,70474129.39,21400807.93,8476990.54,-704741.29,-214008.08,-38118.0,-252126.08,0.0,-191615.82,-157124.97,157124.97,Demand elasticity applied to Revenue and marginal contribution.
Industrial production -1%,industrial,-1.0%,DE01,Software,12071458.87,8826995.15,2287166.34,-30178.65,-22067.49,-1347.38,-23414.87,0.0,-17795.3,-15659.86,15659.86,Demand elasticity applied to Revenue and marginal contribution.
Industrial production -1%,industrial,-1.0%,ES01,Events,42920623.55,16815034.79,6524339.43,-278984.05,-109297.73,-15278.69,-124576.42,0.0,-94678.08,-85210.27,85210.27,Demand elasticity applied to Revenue and marginal contribution.
Industrial production -1%,industrial,-1.0%,ES01,Hardware,63914653.11,18927724.67,5857052.23,-639146.53,-189277.25,-34630.86,-223908.1,0.0,-170170.16,-139539.53,139539.53,Demand elasticity applied to Revenue and marginal contribution.
Industrial production -1%,industrial,-1.0%,ES01,Spare Parts,26829457.58,11727687.02,2672919.55,-147562.02,-64502.28,-5097.19,-69599.47,0.0,-52895.6,-44432.3,44432.3,Demand elasticity applied to Revenue and marginal contribution.
Industrial production -1%,industrial,-1.0%,JP01,Hardware,43267466.06,14268146.69,5041347.56,-432674.66,-142681.47,-22847.32,-165528.79,0.0,-125801.88,-103157.54,103157.54,Demand elasticity applied to Revenue and marginal contribution.
Industrial production -1%,industrial,-1.0%,JP01,Software,10068520.4,7356265.18,1815996.0,-25171.3,-18390.66,-1127.99,-19518.65,0.0,-14834.17,-13054.07,13054.07,Demand elasticity applied to Revenue and marginal contribution.
Industrial production -1%,industrial,-1.0%,JP01,Spare Parts,37800376.61,16530702.6,4756621.45,-207902.07,-90918.86,-7206.83,-98125.7,0.0,-74575.53,-62643.44,62643.44,Demand elasticity applied to Revenue and marginal contribution.
Industrial production -1%,industrial,-1.0%,US01,Events,32856280.37,13134058.11,7814582.32,-213565.82,-85371.38,-11659.62,-97031.0,0.0,-73743.56,-66369.21,66369.21,Demand elasticity applied to Revenue and marginal contribution.
Industrial production -1%,industrial,-1.0%,US01,Hardware,75558599.84,22921931.95,11085141.14,-755586.0,-229219.32,-40702.49,-269921.81,0.0,-205140.58,-168215.27,168215.27,Demand elasticity applied to Revenue and marginal contribution.
Industrial production -1%,industrial,-1.0%,US01,Software,15403655.98,11277566.9,3470763.42,-38509.14,-28193.92,-1717.88,-29911.79,0.0,-22732.96,-20005.01,20005.01,Demand elasticity applied to Revenue and marginal contribution.
Inflation +100 bps,inflation,+100 bps,DE01,Hardware,70474129.39,21400807.93,8476990.54,246659.45,-244073.76,-20750.62,-264824.38,0.0,-201266.53,-165038.55,165038.55,Division price pass-through less direct-cost and non-people OPEX inflation.
Inflation +100 bps,inflation,+100 bps,DE01,Software,12071458.87,8826995.15,2287166.34,66393.02,33948.39,-6562.52,27385.87,0.0,20813.26,18315.67,-18315.67,Division price pass-through less direct-cost and non-people OPEX inflation.
Inflation +100 bps,inflation,+100 bps,ES01,Events,42920623.55,16815034.79,6524339.43,128761.87,-132294.02,-19085.03,-151379.05,0.0,-115048.08,-103543.27,103543.27,Division price pass-through less direct-cost and non-people OPEX inflation.
Inflation +100 bps,inflation,+100 bps,ES01,Hardware,63914653.11,18927724.67,5857052.23,223701.29,-226168.0,-18819.84,-244987.84,0.0,-186190.76,-152676.42,152676.42,Division price pass-through less direct-cost and non-people OPEX inflation.
Inflation +100 bps,inflation,+100 bps,ES01,Spare Parts,26829457.58,11727687.02,2672919.55,107317.83,-43699.88,-7955.13,-51655.01,0.0,-39257.81,-32976.56,32976.56,Division price pass-through less direct-cost and non-people OPEX inflation.
Inflation +100 bps,inflation,+100 bps,JP01,Hardware,43267466.06,14268146.69,5041347.56,151436.13,-138557.06,-12738.87,-151295.93,0.0,-114984.91,-94287.62,94287.62,Division price pass-through less direct-cost and non-people OPEX inflation.
Inflation +100 bps,inflation,+100 bps,JP01,Software,10068520.4,7356265.18,1815996.0,55376.86,28254.31,-5473.61,22780.7,0.0,17313.33,15235.73,-15235.73,Division price pass-through less direct-cost and non-people OPEX inflation.
Inflation +100 bps,inflation,+100 bps,JP01,Spare Parts,37800376.61,16530702.6,4756621.45,151201.51,-61495.23,-11207.99,-72703.22,0.0,-55254.45,-46413.73,46413.73,Division price pass-through less direct-cost and non-people OPEX inflation.
Inflation +100 bps,inflation,+100 bps,US01,Events,32856280.37,13134058.11,7814582.32,98568.84,-98653.38,-14465.67,-113119.05,0.0,-85970.48,-77373.43,77373.43,Division price pass-through less direct-cost and non-people OPEX inflation.
Inflation +100 bps,inflation,+100 bps,US01,Hardware,75558599.84,22921931.95,11085141.14,264455.1,-261911.58,-22025.34,-283936.92,0.0,-215792.06,-176949.49,176949.49,Division price pass-through less direct-cost and non-people OPEX inflation.
Inflation +100 bps,inflation,+100 bps,US01,Software,15403655.98,11277566.9,3470763.42,84720.11,43459.22,-8290.26,35168.95,0.0,26728.41,23521.0,-23521.0,Division price pass-through less direct-cost and non-people OPEX inflation.
Wage inflation +100 bps,wages,+100 bps,DE01,Hardware,70474129.39,21400807.93,8476990.54,0.0,0.0,-64019.29,-64019.29,0.0,-48654.66,-39896.82,39896.82,Fully loaded personnel cost exposed to the annual wage shock.
Wage inflation +100 bps,wages,+100 bps,DE01,Software,12071458.87,8826995.15,2287166.34,0.0,0.0,-16309.14,-16309.14,0.0,-12394.95,-10907.56,10907.56,Fully loaded personnel cost exposed to the annual wage shock.
Wage inflation +100 bps,wages,+100 bps,ES01,Events,42920623.55,16815034.79,6524339.43,0.0,0.0,-46158.36,-46158.36,0.0,-35080.36,-31572.32,31572.32,Fully loaded personnel cost exposed to the annual wage shock.
Wage inflation +100 bps,wages,+100 bps,ES01,Hardware,63914653.11,18927724.67,5857052.23,0.0,0.0,-39750.68,-39750.68,0.0,-30210.52,-24772.63,24772.63,Fully loaded personnel cost exposed to the annual wage shock.
Wage inflation +100 bps,wages,+100 bps,ES01,Spare Parts,26829457.58,11727687.02,2672919.55,0.0,0.0,-18774.06,-18774.06,0.0,-14268.29,-11985.36,11985.36,Fully loaded personnel cost exposed to the annual wage shock.
Wage inflation +100 bps,wages,+100 bps,JP01,Hardware,43267466.06,14268146.69,5041347.56,0.0,0.0,-37674.61,-37674.61,0.0,-28632.7,-23478.82,23478.82,Fully loaded personnel cost exposed to the annual wage shock.
Wage inflation +100 bps,wages,+100 bps,JP01,Software,10068520.4,7356265.18,1815996.0,0.0,0.0,-12686.35,-12686.35,0.0,-9641.63,-8484.63,8484.63,Fully loaded personnel cost exposed to the annual wage shock.
Wage inflation +100 bps,wages,+100 bps,JP01,Spare Parts,37800376.61,16530702.6,4756621.45,0.0,0.0,-36358.23,-36358.23,0.0,-27632.25,-23211.09,23211.09,Fully loaded personnel cost exposed to the annual wage shock.
Wage inflation +100 bps,wages,+100 bps,US01,Events,32856280.37,13134058.11,7814582.32,0.0,0.0,-63680.15,-63680.15,0.0,-48396.92,-43557.23,43557.23,Fully loaded personnel cost exposed to the annual wage shock.
Wage inflation +100 bps,wages,+100 bps,US01,Hardware,75558599.84,22921931.95,11085141.14,0.0,0.0,-88826.08,-88826.08,0.0,-67507.82,-55356.41,55356.41,Fully loaded personnel cost exposed to the annual wage shock.
Wage inflation +100 bps,wages,+100 bps,US01,Software,15403655.98,11277566.9,3470763.42,0.0,0.0,-26417.37,-26417.37,0.0,-20077.2,-17667.94,17667.94,Fully loaded personnel cost exposed to the annual wage shock.
Energy index +10%,energy,+10.0%,DE01,Hardware,70474129.39,21400807.93,8476990.54,0.0,-1226833.04,0.0,-1226833.04,0.0,-932393.11,-764562.35,764562.35,Direct cost exposed through division energy elasticity.
Energy index +10%,energy,+10.0%,DE01,Software,12071458.87,8826995.15,2287166.34,0.0,-3244.46,0.0,-3244.46,0.0,-2465.79,-2169.9,2169.9,Direct cost exposed through division energy elasticity.
Energy index +10%,energy,+10.0%,ES01,Events,42920623.55,16815034.79,6524339.43,0.0,-78316.77,0.0,-78316.77,0.0,-59520.74,-53568.67,53568.67,Direct cost exposed through division energy elasticity.
Energy index +10%,energy,+10.0%,ES01,Hardware,63914653.11,18927724.67,5857052.23,0.0,-1124673.21,0.0,-1124673.21,0.0,-854751.64,-700896.35,700896.35,Direct cost exposed through division energy elasticity.
Energy index +10%,energy,+10.0%,ES01,Spare Parts,26829457.58,11727687.02,2672919.55,0.0,-120814.16,0.0,-120814.16,0.0,-91818.77,-77127.76,77127.76,Direct cost exposed through division energy elasticity.
Energy index +10%,energy,+10.0%,JP01,Hardware,43267466.06,14268146.69,5041347.56,0.0,-724982.98,0.0,-724982.98,0.0,-550987.07,-451809.4,451809.4,Direct cost exposed through division energy elasticity.
Energy index +10%,energy,+10.0%,JP01,Software,10068520.4,7356265.18,1815996.0,0.0,-2712.26,0.0,-2712.26,0.0,-2061.31,-1813.96,1813.96,Direct cost exposed through division energy elasticity.
Energy index +10%,energy,+10.0%,JP01,Spare Parts,37800376.61,16530702.6,4756621.45,0.0,-170157.39,0.0,-170157.39,0.0,-129319.62,-108628.48,108628.48,Direct cost exposed through division energy elasticity.
Energy index +10%,energy,+10.0%,US01,Events,32856280.37,13134058.11,7814582.32,0.0,-59166.67,0.0,-59166.67,0.0,-44966.67,-40470.0,40470.0,Direct cost exposed through division energy elasticity.
Energy index +10%,energy,+10.0%,US01,Hardware,75558599.84,22921931.95,11085141.14,0.0,-1315916.7,0.0,-1315916.7,0.0,-1000096.69,-820079.29,820079.29,Direct cost exposed through division energy elasticity.
Energy index +10%,energy,+10.0%,US01,Software,15403655.98,11277566.9,3470763.42,0.0,-4126.09,0.0,-4126.09,0.0,-3135.83,-2759.53,2759.53,Direct cost exposed through division energy elasticity.
EUR strengthening +5%,fx,+5.0% EUR,DE01,Hardware,70474129.39,21400807.93,8476990.54,0.0,0.0,0.0,0.0,0.0,0.0,0.0,-0.0,Translation-only shock for non-EUR entities; no transaction-cash claim.
EUR strengthening +5%,fx,+5.0% EUR,DE01,Software,12071458.87,8826995.15,2287166.34,0.0,0.0,0.0,0.0,0.0,0.0,0.0,-0.0,Translation-only shock for non-EUR entities; no transaction-cash claim.
EUR strengthening +5%,fx,+5.0% EUR,ES01,Events,42920623.55,16815034.79,6524339.43,0.0,0.0,0.0,0.0,0.0,0.0,0.0,-0.0,Translation-only shock for non-EUR entities; no transaction-cash claim.
EUR strengthening +5%,fx,+5.0% EUR,ES01,Hardware,63914653.11,18927724.67,5857052.23,0.0,0.0,0.0,0.0,0.0,0.0,0.0,-0.0,Translation-only shock for non-EUR entities; no transaction-cash claim.
EUR strengthening +5%,fx,+5.0% EUR,ES01,Spare Parts,26829457.58,11727687.02,2672919.55,0.0,0.0,0.0,0.0,0.0,0.0,0.0,-0.0,Translation-only shock for non-EUR entities; no transaction-cash claim.
EUR strengthening +5%,fx,+5.0% EUR,JP01,Hardware,43267466.06,14268146.69,5041347.56,-2060355.53,-679435.56,240064.17,-439371.39,0.0,-333922.25,0.0,-0.0,Translation-only shock for non-EUR entities; no transaction-cash claim.
EUR strengthening +5%,fx,+5.0% EUR,JP01,Software,10068520.4,7356265.18,1815996.0,-479453.35,-350298.34,86476.0,-263822.34,0.0,-200504.98,0.0,-0.0,Translation-only shock for non-EUR entities; no transaction-cash claim.
EUR strengthening +5%,fx,+5.0% EUR,JP01,Spare Parts,37800376.61,16530702.6,4756621.45,-1800017.93,-787176.31,226505.78,-560670.53,0.0,-426109.6,0.0,-0.0,Translation-only shock for non-EUR entities; no transaction-cash claim.
EUR strengthening +5%,fx,+5.0% EUR,US01,Events,32856280.37,13134058.11,7814582.32,-1564584.78,-625431.34,372122.97,-253308.37,0.0,-192514.36,0.0,-0.0,Translation-only shock for non-EUR entities; no transaction-cash claim.
EUR strengthening +5%,fx,+5.0% EUR,US01,Hardware,75558599.84,22921931.95,11085141.14,-3598028.56,-1091520.57,527863.86,-563656.71,0.0,-428379.1,0.0,-0.0,Translation-only shock for non-EUR entities; no transaction-cash claim.
EUR strengthening +5%,fx,+5.0% EUR,US01,Software,15403655.98,11277566.9,3470763.42,-733507.43,-537027.0,165274.45,-371752.55,0.0,-282531.94,0.0,-0.0,Translation-only shock for non-EUR entities; no transaction-cash claim.
Policy rate +100 bps,policy_rate,+100 bps,CN01,Corporate,0.0,0.0,0.0,0.0,0.0,0.0,0.0,120385.25,-91492.79,-91492.79,91492.79,Closing gross debt exposed to a 100 bps annual interest-rate increase.
Policy rate +100 bps,policy_rate,+100 bps,CZ01,Corporate,0.0,0.0,0.0,0.0,0.0,0.0,0.0,120385.25,-91492.79,-91492.79,91492.79,Closing gross debt exposed to a 100 bps annual interest-rate increase.
Policy rate +100 bps,policy_rate,+100 bps,DE01,Corporate,0.0,0.0,0.0,0.0,0.0,0.0,0.0,68791.57,-52281.6,-52281.6,52281.6,Closing gross debt exposed to a 100 bps annual interest-rate increase.
Policy rate +100 bps,policy_rate,+100 bps,ES01,Corporate,0.0,0.0,0.0,0.0,0.0,0.0,0.0,17197.89,-13070.4,-13070.4,13070.4,Closing gross debt exposed to a 100 bps annual interest-rate increase.
Policy rate +100 bps,policy_rate,+100 bps,JP01,Corporate,0.0,0.0,0.0,0.0,0.0,0.0,0.0,17197.89,-13070.4,-13070.4,13070.4,Closing gross debt exposed to a 100 bps annual interest-rate increase.
Policy rate +100 bps,policy_rate,+100 bps,US01,Corporate,0.0,0.0,0.0,0.0,0.0,0.0,0.0,17197.89,-13070.4,-13070.4,13070.4,Closing gross debt exposed to a 100 bps annual interest-rate increase.
