month,entity,functional_currency,closing_fx_to_eur,historical_equity_fx_to_eur,retained_earnings_effective_fx_to_eur,translated_assets,translated_liabilities,translated_share_capital,translated_retained_earnings,translated_other_equity,translated_equity_before_cta,fx_translation_reserve,translated_equity,translation_balance_check
2023-10,CN01,CNY,0.1295337550245841,0.1295337550245841,0.12953375504906664,61526830.03,37869292.17,21520000.0,2137537.86,0.0,23657537.86,0.0,23657537.86,0.0
2023-10,CZ01,CZK,0.0406762613338856,0.0406762613338856,0.04067626133191265,64731892.57,40592267.44,21520000.0,2619625.13,0.0,24139625.13,0.0,24139625.13,0.0
2023-10,DE01,EUR,1.0,1.0,1.0,64210216.14,49637418.97,14020000.0,552797.17,0.0,14572797.17,0.0,14572797.17,0.0
2023-10,ES01,EUR,1.0,1.0,1.0,29580273.53,16494103.93,12020000.0,1066169.6,0.0,13086169.6,0.0,13086169.6,0.0
2023-10,JP01,JPY,0.0063276030176914,0.0063276030176914,0.006327603017772998,26931896.69,13928268.42,12020000.0,983628.27,0.0,13003628.27,0.0,13003628.27,0.0
2023-10,US01,USD,0.94674148793339,0.94674148793339,0.946741482976446,29826233.63,17142187.78,12020000.0,664045.83,0.0,12684045.83,0.02,12684045.85,-0.0
2023-11,CN01,CNY,0.1280617676831475,0.1295337550245841,0.12947864108521612,52283624.59,28812723.01,21520000.0,2219739.57,0.0,23739739.57,-268837.99,23470901.58,0.0
2023-11,CZ01,CZK,0.0408417105250944,0.0406762613338856,0.04069822408454006,57076792.61,32436376.6,21520000.0,3022228.99,0.0,24542228.99,98187.02,24640416.01,-0.0
2023-11,DE01,EUR,1.0,1.0,1.0,64555754.61,49339014.24,14020000.0,1196740.37,0.0,15216740.37,-0.0,15216740.37,-0.0
2023-11,ES01,EUR,1.0,1.0,1.0,40187092.99,25267455.11,12020000.0,2899637.88,0.0,14919637.88,0.0,14919637.88,0.0
2023-11,JP01,JPY,0.0061787859808963,0.0063276030176914,0.00624850968137023,30869079.27,17081711.39,12020000.0,2073196.41,0.0,14093196.41,-305828.53,13787367.88,-0.0
2023-11,US01,USD,0.9252211068168,0.94674148793339,0.9347555110233479,34668486.43,21456945.83,12020000.0,1479861.73,0.0,13499861.73,-288321.13,13211540.6,0.0
2023-12,CN01,CNY,0.1284197677224354,0.1295337550245841,0.12939794257293064,53239041.66,29520897.72,21520000.0,2401368.43,0.0,23921368.43,-203224.49,23718143.94,-0.0
2023-12,CZ01,CZK,0.0408537136025665,0.0406762613338856,0.04071788054146927,57030752.34,31944075.79,21520000.0,3461247.88,0.0,24981247.88,105428.67,25086676.55,0.0
2023-12,DE01,EUR,1.0,1.0,1.0,65939310.58,50021255.13,14020000.0,1898055.45,0.0,15918055.45,-0.0,15918055.45,-0.0
2023-12,ES01,EUR,1.0,1.0,1.0,41928814.68,25195546.05,12020000.0,4713268.63,0.0,16733268.63,-0.0,16733268.63,-0.0
2023-12,JP01,JPY,0.0063608120413519,0.0063276030176914,0.006289495338847043,33212971.05,17806551.22,12020000.0,3286074.68,0.0,15306074.68,100345.15,15406419.83,0.0
2023-12,US01,USD,0.9171743307040958,0.94674148793339,0.9273915470981721,35603540.14,21460365.63,12020000.0,2526398.17,0.0,14546398.17,-403223.66,14143174.51,0.0
2024-01,CN01,CNY,0.1278752309746363,0.1295337550245841,0.1305927418475694,49373543.82,26799349.16,21520000.0,1357990.9,0.0,22877990.9,-303796.24,22574194.66,0.0
2024-01,CZ01,CZK,0.0404599189330351,0.0406762613338856,0.04081006751260352,52393608.64,28454248.73,21520000.0,2555745.23,0.0,24075745.23,-136385.32,23939359.91,-0.0
2024-01,DE01,EUR,1.0,1.0,1.0,80181581.4,63742629.15,14020000.0,2418952.25,0.0,16438952.25,0.0,16438952.25,0.0
2024-01,ES01,EUR,1.0,1.0,1.0,41485981.28,23540185.09,12020000.0,5925796.19,0.0,17945796.19,0.0,17945796.19,0.0
2024-01,JP01,JPY,0.0062712366878748,0.0063276030176914,0.006285942630197807,32218792.16,16237775.54,12020000.0,4077630.48,0.0,16097630.48,-116613.86,15981016.62,0.0
2024-01,US01,USD,0.916999078832774,0.94674148793339,0.9242624132936159,37188794.87,21972116.33,12020000.0,3602604.49,0.0,15622604.49,-405925.95,15216678.54,-0.0
2024-02,CN01,CNY,0.1287819739578319,0.1295337550245841,0.13085652981995757,55333128.87,32769143.82,21520000.0,1187711.24,0.0,22707711.24,-143726.19,22563985.05,-0.0
2024-02,CZ01,CZK,0.0396321382670942,0.0406762613338856,0.040738148297471855,58521353.23,34910382.69,21520000.0,2717137.83,0.0,24237137.83,-626167.29,23610970.54,0.0
2024-02,DE01,EUR,1.0,1.0,1.0,96308671.87,79311251.7,14020000.0,2977420.17,0.0,16997420.17,0.0,16997420.17,0.0
2024-02,ES01,EUR,1.0,1.0,1.0,44076417.07,25076397.42,12020000.0,6980019.65,0.0,19000019.65,0.0,19000019.65,0.0
2024-02,JP01,JPY,0.0061966644240643,0.0063276030176914,0.006270509457024439,33162055.31,16530974.58,12020000.0,4917727.36,0.0,16937727.36,-306646.63,16631080.73,-0.0
2024-02,US01,USD,0.9263793126265746,0.94674148793339,0.924754974627692,41476934.95,25009647.9,12020000.0,4697557.54,0.0,16717557.54,-250270.49,16467287.05,0.0
2024-03,CN01,CNY,0.1277189773796919,0.1295337550245841,0.13055836434727347,62067446.8,39567978.51,21520000.0,1309442.92,0.0,22829442.92,-329974.63,22499468.29,-0.0
2024-03,CZ01,CZK,0.03953842838701,0.0406762613338856,0.0405975827467433,66544498.31,42639370.73,21520000.0,3067122.83,0.0,24587122.83,-681995.25,23905127.58,0.0
2024-03,DE01,EUR,1.0,1.0,1.0,110277127.57,92673406.13,14020000.0,3583721.44,0.0,17603721.44,-0.0,17603721.44,-0.0
2024-03,ES01,EUR,1.0,1.0,1.0,44054023.09,24043294.58,12020000.0,7990728.51,0.0,20010728.51,0.0,20010728.51,0.0
2024-03,JP01,JPY,0.0061435439033006,0.0063276030176914,0.006249436895847162,34076997.49,16629679.79,12020000.0,5876533.24,0.0,17896533.24,-449215.54,17447317.7,0.0
2024-03,US01,USD,0.9197770460440388,0.94674148793339,0.9241765808071899,39025556.64,22061379.6,12020000.0,5311809.21,0.0,17331809.21,-367632.17,16964177.04,-0.0
2024-04,CN01,CNY,0.12876981292199,0.1295337550245841,0.13048399797063104,61831389.11,39090772.27,21520000.0,1365472.21,0.0,22885472.21,-144855.37,22740616.84,-0.0
2024-04,CZ01,CZK,0.0395600172557027,0.0406762613338856,0.040515959525643915,65599222.87,41425849.09,21520000.0,3322316.29,0.0,24842316.29,-668942.51,24173373.78,-0.0
2024-04,DE01,EUR,1.0,1.0,1.0,113323697.22,95129637.68,14020000.0,4174059.54,0.0,18194059.54,-0.0,18194059.54,-0.0
2024-04,ES01,EUR,1.0,1.0,1.0,46266851.36,24950615.58,12020000.0,9296235.78,0.0,21316235.78,0.0,21316235.78,0.0
2024-04,JP01,JPY,0.006059521817164,0.0063276030176914,0.0062205856217101615,35062101.08,16832730.52,12020000.0,6897204.08,0.0,18917204.08,-687833.52,18229370.56,0.0
2024-04,US01,USD,0.9321608820905176,0.94674148793339,0.925449950828199,42668657.02,24459474.48,12020000.0,6328409.79,0.0,18348409.79,-139227.25,18209182.54,0.0
2024-05,CN01,CNY,0.1278669068239665,0.1295337550245841,0.13066261066975768,59716149.93,37220473.32,21520000.0,1279984.28,0.0,22799984.28,-304307.67,22495676.61,-0.0
2024-05,CZ01,CZK,0.0402925237222233,0.0406762613338856,0.040505525884030905,65541935.05,40759117.02,21520000.0,3484158.31,0.0,25004158.31,-221340.28,24782818.03,-0.0
2024-05,DE01,EUR,1.0,1.0,1.0,116920397.43,98098000.64,14020000.0,4802396.79,0.0,18822396.79,0.0,18822396.79,0.0
2024-05,ES01,EUR,1.0,1.0,1.0,46379729.81,23865806.33,12020000.0,10493923.48,0.0,22513923.48,0.0,22513923.48,0.0
2024-05,JP01,JPY,0.0059334376179944,0.0063276030176914,0.0061808628951839474,35567793.34,16661539.79,12020000.0,7953396.8,0.0,19973396.8,-1067143.25,18906253.55,0.0
2024-05,US01,USD,0.9248788198546491,0.94674148793339,0.9253809526128693,43131088.61,24195114.6,12020000.0,7197451.7,0.0,19217451.7,-281477.69,18935974.01,-0.0
2024-06,CN01,CNY,0.1281216848514044,0.1295337550245841,0.13048761166632464,61963727.51,39330393.03,21520000.0,1372818.94,0.0,22892818.94,-259484.46,22633334.48,-0.0
2024-06,CZ01,CZK,0.0403571608737325,0.0406762613338856,0.040492777588863285,68017454.51,42868560.38,21520000.0,3810477.86,0.0,25330477.86,-181583.73,25148894.13,0.0
2024-06,DE01,EUR,1.0,1.0,1.0,119961035.71,100468637.97,14020000.0,5472397.74,0.0,19492397.74,-0.0,19492397.74,-0.0
2024-06,ES01,EUR,1.0,1.0,1.0,46330474.23,22808581.34,12020000.0,11501892.89,0.0,23521892.89,-0.0,23521892.89,-0.0
2024-06,JP01,JPY,0.0058888306548968,0.0063276030176914,0.006143523826461982,36018239.3,16143211.21,12020000.0,9064306.57,0.0,21084306.57,-1209278.48,19875028.09,-0.0
2024-06,US01,USD,0.9294544102611766,0.94674148793339,0.9258484288240536,43877368.63,23910531.98,12020000.0,8134633.72,0.0,20154633.72,-187797.07,19966836.65,0.0
2024-07,CN01,CNY,0.1269844775278877,0.1295337550245841,0.13184409941694758,59201426.8,37141899.07,21520000.0,999905.53,0.0,22519905.53,-460377.8,22059527.73,-0.0
2024-07,CZ01,CZK,0.0395277974939377,0.0406762613338856,0.04050556969754413,64321328.4,39737922.97,21520000.0,3761813.74,0.0,25281813.74,-698408.31,24583405.43,0.0
2024-07,DE01,EUR,1.0,1.0,1.0,126352803.76,106239384.2,14020000.0,6093419.56,0.0,20113419.56,0.0,20113419.56,0.0
2024-07,ES01,EUR,1.0,1.0,1.0,47821864.99,23084763.95,12020000.0,12717101.04,0.0,24737101.04,0.0,24737101.04,0.0
2024-07,JP01,JPY,0.0058421155570457,0.0063276030176914,0.006112333180113343,36427298.88,15714993.74,12020000.0,10059248.85,0.0,22079248.85,-1366943.71,20712305.14,-0.0
2024-07,US01,USD,0.9221615466653614,0.94674148793339,0.9255399841823231,43492347.42,22942459.19,12020000.0,8874353.17,0.0,20894353.17,-344464.94,20549888.23,-0.0
2024-08,CN01,CNY,0.1270072192058004,0.1295337550245841,0.14373870309178982,58267145.04,36888432.68,21520000.0,315139.52,0.0,21835139.52,-456427.16,21378712.36,-0.0
2024-08,CZ01,CZK,0.0397159945336349,0.0406762613338856,0.040607401379017756,63588497.59,39309408.9,21520000.0,3340452.16,0.0,24860452.16,-581363.47,24279088.69,0.0
2024-08,DE01,EUR,1.0,1.0,1.0,136890479.68,116204628.1,14020000.0,6665851.58,0.0,20685851.58,0.0,20685851.58,0.0
2024-08,ES01,EUR,1.0,1.0,1.0,48796795.37,22935400.62,12020000.0,13841394.75,0.0,25861394.75,-0.0,25861394.75,-0.0
2024-08,JP01,JPY,0.0062090414933309,0.0063276030176914,0.006119274422600574,39144909.79,16341587.7,12020000.0,10849387.41,0.0,22869387.41,-66065.32,22803322.09,-0.0
2024-08,US01,USD,0.9080852609506675,0.94674148793339,0.9238336965901401,44477308.1,23297731.41,12020000.0,9817724.59,0.0,21837724.59,-658147.9,21179576.69,0.0
2024-09,CN01,CNY,0.1272088144804818,0.1295337550245841,0.13320770119021996,68913967.1,47011716.38,21520000.0,804744.01,0.0,22324744.01,-422493.29,21902250.72,-0.0
2024-09,CZ01,CZK,0.0398415444859302,0.0406762613338856,0.04046729619483859,75466174.96,50376517.35,21520000.0,4074270.2,0.0,25594270.2,-504612.59,25089657.61,-0.0
2024-09,DE01,EUR,1.0,1.0,1.0,151405359.46,129985707.28,14020000.0,7399652.18,0.0,21419652.18,0.0,21419652.18,0.0
2024-09,ES01,EUR,1.0,1.0,1.0,51196503.41,24065634.09,12020000.0,15110869.32,0.0,27130869.32,-0.0,27130869.32,-0.0
2024-09,JP01,JPY,0.0062861077019786,0.0063276030176914,0.0061344411230098315,42949900.11,18749023.55,12020000.0,11963908.58,0.0,23983908.58,216967.98,24200876.56,0.0
2024-09,US01,USD,0.9004141905276427,0.94674148793339,0.9217802018948789,45626678.24,23706352.08,12020000.0,10737389.11,0.0,22757389.11,-837062.95,21920326.16,0.0
2024-10,CN01,CNY,0.1294066480133542,0.1295337550245841,0.13248420199642022,70103310.16,47638858.1,21520000.0,988532.1,0.0,22508532.1,-44080.04,22464452.06,-0.0
2024-10,CZ01,CZK,0.0395288165072337,0.0406762613338856,0.04038881398797371,74011960.86,48756049.66,21520000.0,4437459.86,0.0,25957459.86,-701548.66,25255911.2,0.0
2024-10,DE01,EUR,1.0,1.0,1.0,155260162.66,133053734.03,14020000.0,8186428.63,0.0,22206428.63,-0.0,22206428.63,-0.0
2024-10,ES01,EUR,1.0,1.0,1.0,54771686.28,25920609.53,12020000.0,16831076.75,0.0,28851076.75,0.0,28851076.75,0.0
2024-10,JP01,JPY,0.0061275652519095,0.0063276030176914,0.006133800256831162,43454575.01,18635736.52,12020000.0,13192242.83,0.0,25212242.83,-393404.34,24818838.49,0.0
2024-10,US01,USD,0.9170653907495976,0.94674148793339,0.9213762490251695,47285060.9,23958354.95,12020000.0,11738400.24,0.0,23758400.24,-431694.29,23326705.95,0.0
2024-11,CN01,CNY,0.1305195798015359,0.1295337550245841,0.13209734662793696,71808791.24,48912353.23,21520000.0,1227317.75,0.0,22747317.75,149120.26,22896438.01,-0.0
2024-11,CZ01,CZK,0.0395239063170494,0.0406762613338856,0.040325782539475497,74122541.77,48528431.0,21520000.0,4778796.68,0.0,26298796.68,-704685.91,25594110.77,-0.0
2024-11,DE01,EUR,1.0,1.0,1.0,159504989.55,136500654.56,14020000.0,8984334.99,0.0,23004334.99,0.0,23004334.99,0.0
2024-11,ES01,EUR,1.0,1.0,1.0,56614163.49,26214125.08,12020000.0,18380038.41,0.0,30400038.41,0.0,30400038.41,0.0
2024-11,JP01,JPY,0.0061261818425804,0.0063276030176914,0.006133112997336427,45265590.43,19145901.51,12020000.0,14498696.55,0.0,26518696.55,-399007.63,26119688.92,-0.0
2024-11,US01,USD,0.9407211299404532,0.94674148793339,0.9233718079167927,51032105.21,25725160.84,12020000.0,13116925.53,0.0,25136925.53,170018.84,25306944.37,-0.0
2024-12,CN01,CNY,0.1310644332413479,0.1295337550245841,0.131915971635771,72290929.54,49039539.74,21520000.0,1486688.44,0.0,23006688.44,244701.36,23251389.8,0.0
2024-12,CZ01,CZK,0.0397834982027804,0.0406762613338856,0.04028096139112227,75812665.47,49625676.57,21520000.0,5203573.43,0.0,26723573.43,-536584.53,26186988.9,-0.0
2024-12,DE01,EUR,1.0,1.0,1.0,162268871.26,138425327.17,14020000.0,9823544.09,0.0,23843544.09,0.0,23843544.09,0.0
2024-12,ES01,EUR,1.0,1.0,1.0,57023760.11,24964413.0,12020000.0,20039347.11,0.0,32059347.11,0.0,32059347.11,0.0
2024-12,JP01,JPY,0.0062079604677077,0.0063276030176914,0.006139460764814568,46503470.46,18675139.09,12020000.0,15858666.34,0.0,27878666.34,-50334.97,27828331.37,0.0
2024-12,US01,USD,0.9543122986997497,0.94674148793339,0.9258211642382953,52386734.61,25548729.62,12020000.0,14282361.29,0.0,26302361.29,535643.7,26838004.99,-0.0
2025-01,CN01,CNY,0.1323451561672843,0.1295337550245841,0.1313038675804633,69619054.48,47017227.16,21520000.0,609920.24,0.0,22129920.24,471907.08,22601827.32,0.0
2025-01,CZ01,CZK,0.0397403868907301,0.0406762613338856,0.04036729834496525,72139150.12,46687546.91,21520000.0,4496565.21,0.0,26016565.21,-564962.0,25451603.21,0.0
2025-01,DE01,EUR,1.0,1.0,1.0,176154876.48,151645701.95,14020000.0,10489174.53,0.0,24509174.53,0.0,24509174.53,0.0
2025-01,ES01,EUR,1.0,1.0,1.0,57296626.11,24000592.6,12020000.0,21276033.51,0.0,33296033.51,-0.0,33296033.51,-0.0
2025-01,JP01,JPY,0.0061758373172162,0.0063276030176914,0.00614146638530584,46080985.83,17465780.94,12020000.0,16789537.81,0.0,28809537.81,-194332.92,28615204.89,-0.0
2025-01,US01,USD,0.9658357552396843,0.94674148793339,0.9283497740154472,53428855.26,25261724.18,12020000.0,15287414.54,0.0,27307414.54,859716.54,28167131.08,-0.0
2025-02,CN01,CNY,0.1320146826730069,0.1295337550245841,0.13126274174155056,75794280.22,53282429.94,21520000.0,576381.27,0.0,22096381.27,415469.01,22511850.28,0.0
2025-02,CZ01,CZK,0.0398777348649042,0.0406762613338856,0.040341728889244366,80114473.98,54330118.32,21520000.0,4741353.58,0.0,26261353.58,-476997.92,25784355.66,0.0
2025-02,DE01,EUR,1.0,1.0,1.0,192172130.9,166956071.74,14020000.0,11196059.16,0.0,25216059.16,-0.0,25216059.16,-0.0
2025-02,ES01,EUR,1.0,1.0,1.0,60177655.2,25510936.23,12020000.0,22646718.97,0.0,34666718.97,0.0,34666718.97,0.0
2025-02,JP01,JPY,0.0063256308235338,0.0063276030176914,0.006151615371116009,49017923.15,18700094.76,12020000.0,17798106.16,0.0,29818106.16,499722.23,30317828.39,-0.0
2025-02,US01,USD,0.9603841536614646,0.94674148793339,0.9300456419346268,54181384.88,25289215.23,12020000.0,16171440.87,0.0,28191440.87,700728.78,28892169.65,0.0
2025-03,CN01,CNY,0.1276268337241138,0.1295337550245841,0.130139344710611,79887820.81,57873636.22,21520000.0,826955.09,0.0,22346955.09,-332770.5,22014184.59,0.0
2025-03,CZ01,CZK,0.0399980191457184,0.0406762613338856,0.04030797478822103,88185882.44,61811819.5,21520000.0,5253286.82,0.0,26773286.82,-399223.88,26374062.94,-0.0
2025-03,DE01,EUR,1.0,1.0,1.0,204546728.61,178539537.36,14020000.0,11987191.25,0.0,26007191.25,0.0,26007191.25,0.0
2025-03,ES01,EUR,1.0,1.0,1.0,60607263.05,24741206.54,12020000.0,23846056.51,0.0,35866056.51,0.0,35866056.51,0.0
2025-03,JP01,JPY,0.0062047569803516,0.0063276030176914,0.006154869466444674,49246464.41,18336991.29,12020000.0,18969081.65,0.0,30989081.65,-79608.53,30909473.12,-0.0
2025-03,US01,USD,0.9253424868799248,0.94674148793339,0.9297451899273901,53322181.99,24386203.17,12020000.0,17269442.59,0.0,29289442.59,-353463.77,28935978.82,0.0
2025-04,CN01,CNY,0.1221743366697108,0.1295337550245841,0.13081963308782613,73388396.09,52375795.02,21520000.0,765865.6,0.0,22285865.6,-1273264.53,21012601.07,-0.0
2025-04,CZ01,CZK,0.0399377769435219,0.0406762613338856,0.04029793112280839,85333098.13,58853604.34,21520000.0,5398440.43,0.0,26918440.43,-438946.64,26479493.79,-0.0
2025-04,DE01,EUR,1.0,1.0,1.0,207294818.15,180423522.71,14020000.0,12851295.44,0.0,26871295.44,-0.0,26871295.44,-0.0
2025-04,ES01,EUR,1.0,1.0,1.0,62123811.1,24873197.12,12020000.0,25230613.98,0.0,37250613.98,0.0,37250613.98,0.0
2025-04,JP01,JPY,0.0061854203457031,0.0063276030176914,0.006156762272419649,50656095.79,18583862.43,12020000.0,20228168.79,0.0,32248168.79,-175935.43,32072233.36,0.0
2025-04,US01,USD,0.8917464408170179,0.94674148793339,0.9273404467556401,52399757.09,23395300.3,12020000.0,18388487.81,0.0,30408487.81,-1404031.02,29004456.79,0.0
2025-05,CN01,CNY,0.122927932621444,0.1295337550245841,0.13029900818766385,75249431.82,54056390.3,21520000.0,816696.09,0.0,22336696.09,-1143654.57,21193041.52,-0.0
2025-05,CZ01,CZK,0.0401238106156138,0.0406762613338856,0.04028547731545554,90108023.02,63091119.7,21520000.0,5812506.15,0.0,27332506.15,-315602.83,27016903.32,-0.0
2025-05,DE01,EUR,1.0,1.0,1.0,214742403.12,186989428.96,14020000.0,13732974.16,0.0,27752974.16,-0.0,27752974.16,-0.0
2025-05,ES01,EUR,1.0,1.0,1.0,64843142.06,26010922.1,12020000.0,26812219.96,0.0,38832219.96,0.0,38832219.96,0.0
2025-05,JP01,JPY,0.0061295435241372,0.0063276030176914,0.006155122586548954,51930420.03,18856968.67,12020000.0,21519115.61,0.0,33539115.61,-465664.25,33073451.36,0.0
2025-05,US01,USD,0.8866782920042731,0.94674148793339,0.9242799432964818,54705379.22,24434702.91,12020000.0,19819550.93,0.0,31839550.93,-1568874.62,30270676.31,-0.0
2025-06,CN01,CNY,0.1209185665276679,0.1295337550245841,0.12951223214418525,74189249.81,53273239.25,21520000.0,886084.2,0.0,22406084.2,-1490073.64,20916010.56,0.0
2025-06,CZ01,CZK,0.0403156136612336,0.0406762613338856,0.04028728599523012,90000818.18,62483368.83,21520000.0,6183903.83,0.0,27703903.83,-186454.48,27517449.35,0.0
2025-06,DE01,EUR,1.0,1.0,1.0,216595632.61,187978923.19,14020000.0,14596709.42,0.0,28616709.42,0.0,28616709.42,0.0
2025-06,ES01,EUR,1.0,1.0,1.0,66202083.54,25625885.89,12020000.0,28556197.65,0.0,40576197.65,0.0,40576197.65,0.0
2025-06,JP01,JPY,0.0060051644414196,0.0063276030176914,0.006146361017601856,51442514.73,17737403.38,12020000.0,22821893.36,0.0,34841893.36,-1136782.01,33705111.35,-0.0
2025-06,US01,USD,0.8683427059212702,0.94674148793339,0.9207177749919478,53451315.91,22540204.77,12020000.0,21085952.07,0.0,33105952.07,-2194840.93,30911111.14,-0.0
2025-07,CN01,CNY,0.1193975924254167,0.1295337550245841,0.1356535300050174,71286020.37,50941710.34,21520000.0,577475.68,0.0,22097475.68,-1753165.65,20344310.03,0.0
2025-07,CZ01,CZK,0.0406097823668793,0.0406762613338856,0.040286645344221945,90258077.94,62552201.86,21520000.0,6171545.51,0.0,27691545.51,14330.57,27705876.08,-0.0
2025-07,DE01,EUR,1.0,1.0,1.0,225234094.15,195822353.45,14020000.0,15391740.7,0.0,29411740.7,0.0,29411740.7,0.0
2025-07,ES01,EUR,1.0,1.0,1.0,68073120.27,25835568.08,12020000.0,30217552.19,0.0,42237552.19,0.0,42237552.19,0.0
2025-07,JP01,JPY,0.0058298396540623,0.0063276030176914,0.006130086598022673,50989450.52,17095060.65,12020000.0,23995215.13,0.0,36015215.13,-2120825.26,33894389.87,0.0
2025-07,US01,USD,0.856393911411635,0.94674148793339,0.9177127999559342,52926793.23,21479892.52,12020000.0,22047092.56,0.0,34067092.56,-2620191.85,31446900.71,-0.0
2025-08,CN01,CNY,0.1198442025367023,0.1295337550245841,0.03150510648763035,70676448.17,50857517.17,21520000.0,-24001.81,0.0,21495998.19,-1677067.19,19818931.0,-0.0
2025-08,CZ01,CZK,0.0407886584221781,0.0406762613338856,0.04026175576482283,90570205.96,63037453.61,21520000.0,5876384.22,0.0,27396384.22,136368.13,27532752.35,-0.0
2025-08,DE01,EUR,1.0,1.0,1.0,237415170.73,207242620.95,14020000.0,16152549.78,0.0,30172549.78,0.0,30172549.78,0.0
2025-08,ES01,EUR,1.0,1.0,1.0,67353644.57,24038852.41,12020000.0,31294792.16,0.0,43314792.16,0.0,43314792.16,0.0
2025-08,JP01,JPY,0.0058210767328791,0.0063276030176914,0.00611709548785847,51673031.52,16829615.51,12020000.0,24995188.42,0.0,37015188.42,-2171772.41,34843416.01,0.0
2025-08,US01,USD,0.8597396217145662,0.94674148793339,0.9156462425353501,53609312.01,21276079.35,12020000.0,22810569.36,0.0,34830569.36,-2497336.7,32333232.66,-0.0
2025-09,CN01,CNY,0.1196369995910589,0.1295337550245841,0.13620606188513468,81587637.26,61227026.57,21520000.0,551943.53,0.0,22071943.53,-1711332.84,20360610.69,0.0
2025-09,CZ01,CZK,0.0410732055209855,0.0406762613338856,0.040355507074626706,103007048.28,74499134.29,21520000.0,6659473.74,0.0,28179473.74,328440.25,28507913.99,-0.0
2025-09,DE01,EUR,1.0,1.0,1.0,251613898.38,220537551.82,14020000.0,17056346.56,0.0,31076346.56,0.0,31076346.56,0.0
2025-09,ES01,EUR,1.0,1.0,1.0,71139001.55,26389609.87,12020000.0,32729391.68,0.0,44749391.68,-0.0,44749391.68,-0.0
2025-09,JP01,JPY,0.0057620735083432,0.0063276030176914,0.006097970038392778,54950752.64,19119923.92,12020000.0,26335778.75,0.0,38355778.75,-2524950.03,35830828.72,-0.0
2025-09,US01,USD,0.8523530756385868,0.94674148793339,0.9113490297111202,58111783.43,24509693.46,12020000.0,24357221.27,0.0,36377221.27,-2775131.3,33602089.97,-0.0
2025-10,CN01,CNY,0.1207578552984871,0.1295337550245841,0.13138803071220503,81587544.14,60814388.44,21520000.0,773733.95,0.0,22293733.95,-1520578.25,20773155.7,0.0
2025-10,CZ01,CZK,0.0411262145644018,0.0406762613338856,0.040398664208156694,101310974.1,72363694.15,21520000.0,7062047.42,0.0,28582047.42,365232.53,28947279.95,-0.0
2025-10,DE01,EUR,1.0,1.0,1.0,253865646.93,221803698.16,14020000.0,18041948.77,0.0,32061948.77,0.0,32061948.77,0.0
2025-10,ES01,EUR,1.0,1.0,1.0,74330514.56,27694511.52,12020000.0,34616003.04,0.0,46636003.04,0.0,46636003.04,0.0
2025-10,JP01,JPY,0.0056768957746617,0.0063276030176914,0.00607384320364479,55915700.44,19124358.75,12020000.0,27825960.21,0.0,39845960.21,-3054618.52,36791341.69,-0.0
2025-10,US01,USD,0.8598130841121495,0.94674148793339,0.9085367214701898,58754259.17,23531688.2,12020000.0,25683608.14,0.0,37703608.14,-2481037.17,35222570.97,-0.0
2025-11,CN01,CNY,0.1217298048732092,0.1295337550245841,0.1289366562313744,82838601.49,61654412.44,21520000.0,1017569.41,0.0,22537569.41,-1353380.36,21184189.05,-0.0
2025-11,CZ01,CZK,0.0412642542208174,0.0406762613338856,0.04043666824468185,101020001.03,71644311.13,21520000.0,7393296.16,0.0,28913296.16,462393.74,29375689.9,0.0
2025-11,DE01,EUR,1.0,1.0,1.0,259350119.1,226234484.78,14020000.0,19095634.32,0.0,33115634.32,-0.0,33115634.32,-0.0
2025-11,ES01,EUR,1.0,1.0,1.0,76930387.05,28406263.87,12020000.0,36504123.18,0.0,48524123.18,-0.0,48524123.18,-0.0
2025-11,JP01,JPY,0.0055767471948961,0.0063276030176914,0.00604550562629614,56970612.82,19283847.14,12020000.0,29370436.22,0.0,41390436.22,-3703670.54,37686765.68,0.0
2025-11,US01,USD,0.8650369370772132,0.94674148793339,0.906231336573007,60893349.2,24088254.09,12020000.0,27052135.15,0.0,39072135.15,-2267040.04,36805095.11,0.0
2025-12,CN01,CNY,0.1212259056296733,0.1295337550245841,0.12671160939014478,84579540.81,63094991.52,21520000.0,1405621.38,0.0,22925621.38,-1441072.09,21484549.29,0.0
2025-12,CZ01,CZK,0.0412213290934251,0.0406762613338856,0.04047722636797951,102830124.53,73074193.4,21520000.0,7804095.44,0.0,29324095.44,431835.69,29755931.13,-0.0
2025-12,DE01,EUR,1.0,1.0,1.0,262240318.88,228063339.67,14020000.0,20156979.21,0.0,34176979.21,0.0,34176979.21,0.0
2025-12,ES01,EUR,1.0,1.0,1.0,76887008.85,26572493.97,12020000.0,38294514.88,0.0,50314514.88,-0.0,50314514.88,-0.0
2025-12,JP01,JPY,0.0054795378401227,0.0063276030176914,0.006013868009765313,56743096.76,18137040.22,12020000.0,30946652.32,0.0,42966652.32,-4360595.78,38606056.54,-0.0
2025-12,US01,USD,0.8540647381071487,0.94674148793339,0.9034723143477785,60863880.42,23101935.81,12020000.0,28475823.42,0.0,40495823.42,-2733878.81,37761944.61,-0.0
2026-01,CN01,CNY,0.1222397109089046,0.1295337550245841,0.13673094897401702,82429353.17,61702687.2,21520000.0,468063.99,0.0,21988063.99,-1261398.02,20726665.97,0.0
2026-01,CZ01,CZK,0.0411893119619646,0.0406762613338856,0.04039185452734803,98927785.33,70045131.57,21520000.0,6953929.89,0.0,28473929.89,408723.87,28882653.76,0.0
2026-01,DE01,EUR,1.0,1.0,1.0,278045229.31,243103786.98,14020000.0,20921442.33,0.0,34941442.33,0.0,34941442.33,0.0
2026-01,ES01,EUR,1.0,1.0,1.0,79213501.0,27140505.68,12020000.0,40052995.32,0.0,52072995.32,0.0,52072995.32,0.0
2026-01,JP01,JPY,0.0054365976218768,0.0063276030176914,0.0059937976272210055,56061848.61,16750626.59,12020000.0,31954352.91,0.0,43974352.91,-4663130.89,39311222.02,-0.0
2026-01,US01,USD,0.8519166095341638,0.94674148793339,0.9019216530675306,60685190.3,22185575.37,12020000.0,29308471.93,0.0,41328471.93,-2828857.0,38499614.93,-0.0
2026-02,CN01,CNY,0.1224267428977185,0.1295337550245841,0.13472176227665886,89541826.46,68714961.21,21520000.0,536550.61,0.0,22056550.61,-1229685.36,20826865.25,0.0
2026-02,CZ01,CZK,0.0412207950666952,0.0406762613338856,0.040414748816663675,106600354.92,77494057.35,21520000.0,7155497.19,0.0,28675497.19,430800.38,29106297.57,0.0
2026-02,DE01,EUR,1.0,1.0,1.0,293188309.99,257453633.61,14020000.0,21714676.38,0.0,35734676.38,-0.0,35734676.38,-0.0
2026-02,ES01,EUR,1.0,1.0,1.0,81001220.26,27505978.02,12020000.0,41475242.24,0.0,53495242.24,0.0,53495242.24,0.0
2026-02,JP01,JPY,0.0054510320166365,0.0063276030176914,0.0059732941915501755,58380266.08,17823778.54,12020000.0,33095245.48,0.0,45115245.48,-4558757.94,40556487.54,0.0
2026-02,US01,USD,0.8457410594598251,0.94674148793339,0.8998117121931081,61974063.61,22681098.87,12020000.0,30380905.68,0.0,42400905.68,-3107940.94,39292964.74,-0.0
2026-03,CN01,CNY,0.1254663641786686,0.1295337550245841,0.1301498538684694,102157810.51,80326069.4,21520000.0,1024335.33,0.0,22544335.33,-712594.22,21831741.11,0.0
2026-03,CZ01,CZK,0.0409204116593413,0.0406762613338856,0.04044473838515963,114835006.45,85484037.77,21520000.0,7612271.19,0.0,29132271.19,218697.49,29350968.68,0.0
2026-03,DE01,EUR,1.0,1.0,1.0,308905275.53,272453634.65,14020000.0,22431640.88,0.0,36451640.88,-0.0,36451640.88,-0.0
2026-03,ES01,EUR,1.0,1.0,1.0,84396199.91,29156727.31,12020000.0,43219472.6,0.0,55239472.6,-0.0,55239472.6,-0.0
2026-03,JP01,JPY,0.0054525897322778,0.0063276030176914,0.0059537894598454145,59639311.99,17895569.58,12020000.0,34270910.72,0.0,46290910.72,-4547168.31,41743742.41,0.0
2026-03,US01,USD,0.8651777743695017,0.94674148793339,0.8987386750652726,64299474.11,23169507.47,12020000.0,31314881.55,0.0,43334881.55,-2204914.91,41129966.64,0.0
2026-04,CN01,CNY,0.1249926566814199,0.1295337550245841,0.12870496816485838,101395747.24,79263545.22,21520000.0,1407223.58,0.0,22927223.58,-795021.56,22132202.02,-0.0
2026-04,CZ01,CZK,0.0410150402152469,0.0406762613338856,0.0404703887769859,114403096.14,84620697.75,21520000.0,7975826.67,0.0,29495826.67,286571.72,29782398.39,-0.0
2026-04,DE01,EUR,1.0,1.0,1.0,312170387.66,274996183.15,14020000.0,23154204.51,0.0,37174204.51,0.0,37174204.51,0.0
2026-04,ES01,EUR,1.0,1.0,1.0,83618130.36,27233382.4,12020000.0,44364747.96,0.0,56384747.96,0.0,56384747.96,0.0
2026-04,JP01,JPY,0.0053703962278336,0.0063276030176914,0.005931679893182111,60455557.34,18123380.19,12020000.0,35488599.57,0.0,47508599.57,-5176422.42,42332177.15,0.0
2026-04,US01,USD,0.854233581630561,0.94674148793339,0.8973124271762073,65391651.38,23796536.21,12020000.0,32300309.73,0.0,44320309.73,-2725194.56,41595115.17,0.0
2026-05,CN01,CNY,0.126021244661425,0.1295337550245841,0.12834888529686894,101287642.8,78762522.36,21520000.0,1618011.97,0.0,23138011.97,-612891.53,22525120.44,-0.0
2026-05,CZ01,CZK,0.0411304287024583,0.0406762613338856,0.0404867018294539,112769543.64,82697941.4,21520000.0,8181243.08,0.0,29701243.08,370359.16,30071602.24,-0.0
2026-05,DE01,EUR,1.0,1.0,1.0,314936450.95,276969149.03,14020000.0,23947301.92,0.0,37967301.92,0.0,37967301.92,0.0
2026-05,ES01,EUR,1.0,1.0,1.0,87414352.04,29434173.68,12020000.0,45960178.36,0.0,57980178.36,0.0,57980178.36,0.0
2026-05,JP01,JPY,0.0054139067021458,0.0063276030176914,0.005911301292774602,62590215.72,18587992.79,12020000.0,36815673.81,0.0,48835673.81,-4833450.88,44002222.93,-0.0
2026-05,US01,USD,0.8566631257924134,0.94674148793339,0.8960933944860089,65904496.25,23237715.95,12020000.0,33253673.4,0.0,45273673.4,-2606893.1,42666780.3,-0.0
2026-06,CN01,CNY,0.1281318779881664,0.1295337550245841,0.12833536750561264,103048019.22,80038340.07,21520000.0,1725314.68,0.0,23245314.68,-235635.53,23009679.15,0.0
2026-06,CZ01,CZK,0.0413082704790445,0.0406762613338856,0.04050054557371863,112704467.34,82359774.85,21520000.0,8324308.27,0.0,29844308.27,500384.22,30344692.49,0.0
2026-06,DE01,EUR,1.0,1.0,1.0,316982590.27,278086527.39,14020000.0,24876062.88,0.0,38896062.88,-0.0,38896062.88,-0.0
2026-06,ES01,EUR,1.0,1.0,1.0,86048527.43,26515074.72,12020000.0,47513452.71,0.0,59533452.71,0.0,59533452.71,0.0
2026-06,JP01,JPY,0.005402073905282,0.0063276030176914,0.005890518236937202,62973204.55,17635610.83,12020000.0,38247217.18,0.0,50267217.18,-4929623.46,45337593.72,-0.0
2026-06,US01,USD,0.8682062858135093,0.94674148793339,0.8952846831843847,66324105.22,22120177.02,12020000.0,34215905.14,0.0,46235905.14,-2031976.94,44203928.2,0.0
2026-07,CN01,CNY,0.1292481187374369,0.1295337550245841,0.12822398481676422,103538420.54,80517265.21,21520000.0,1536338.48,0.0,23056338.48,-35183.15,23021155.33,0.0
2026-07,CZ01,CZK,0.0413099195893434,0.0406762613338856,0.040492803381734145,111894998.28,81629543.56,21520000.0,8243859.07,0.0,29763859.07,501595.65,30265454.72,-0.0
2026-07,DE01,EUR,1.0,1.0,1.0,325993717.5,286231407.87,14020000.0,25742309.63,0.0,39762309.63,-0.0,39762309.63,-0.0
2026-07,ES01,EUR,1.0,1.0,1.0,88570840.1,27557608.59,12020000.0,48993231.51,0.0,61013231.51,-0.0,61013231.51,-0.0
2026-07,JP01,JPY,0.0053896986455452,0.0063276030176914,0.005872900356508022,63932613.12,17422923.42,12020000.0,39523174.11,0.0,51543174.11,-5033484.41,46509689.7,-0.0
2026-07,US01,USD,0.8758501458480897,0.94674148793339,0.8945800725309921,69680017.18,23827665.06,12020000.0,35475148.85,0.0,47495148.85,-1642796.73,45852352.12,0.0
2026-08,CN01,CNY,0.1280547928164919,0.1295337550245841,0.12823465343470178,103623038.88,80905443.64,21520000.0,1445328.81,0.0,22965328.81,-247733.57,22717595.24,-0.0
2026-08,CZ01,CZK,0.041358529211923,0.0406762613338856,0.04049766631209729,113687074.88,83338442.22,21520000.0,8291423.46,0.0,29811423.46,537209.2,30348632.66,-0.0
2026-08,DE01,EUR,1.0,1.0,1.0,335644344.9,295063598.49,14020000.0,26560746.41,0.0,40580746.41,-0.0,40580746.41,-0.0
2026-08,ES01,EUR,1.0,1.0,1.0,90407513.93,27813811.6,12020000.0,50573702.33,0.0,62593702.33,0.0,62593702.33,0.0
2026-08,JP01,JPY,0.0054317743278825,0.0063276030176914,0.005859369473607883,65842383.15,17812870.85,12020000.0,40679910.16,0.0,52699910.16,-4670397.86,48029512.3,0.0
2026-08,US01,USD,0.8625824074264236,0.94674148793339,0.893387241637355,70925324.91,24443021.62,12020000.0,36799690.35,0.0,48819690.35,-2337387.06,46482303.29,-0.0
2026-09,CN01,CNY,0.1294634739404738,0.1295337550245841,0.1287084363929954,119390687.89,95507556.42,21520000.0,2360957.59,0.0,23880957.59,2173.88,23883131.47,-0.0
2026-09,CZ01,CZK,0.0411582685090604,0.0406762613338856,0.040567583099498684,127481939.55,96282829.29,21520000.0,9288851.14,0.0,30808851.14,390259.12,31199110.26,-0.0
2026-09,DE01,EUR,1.0,1.0,1.0,357200761.31,315744081.96,14020000.0,27436679.35,0.0,41456679.35,0.0,41456679.35,0.0
2026-09,ES01,EUR,1.0,1.0,1.0,95017636.94,30592284.81,12020000.0,52405352.13,0.0,64425352.13,-0.0,64425352.13,-0.0
2026-09,JP01,JPY,0.0055541950582811,0.0063276030176914,0.005848347021084932,72505352.04,21948392.95,12020000.0,42124873.12,0.0,54144873.12,-3587914.03,50556959.09,0.0
2026-09,US01,USD,0.8685661946140998,0.94674148793339,0.8924766397238635,74764565.97,26597275.35,12020000.0,38162227.28,0.0,50182227.28,-2014936.66,48167290.62,-0.0
