entity,division,fy_budget_revenue,fy_budget_gross_profit,fy_budget_opex,fy_budget_depreciation,fy_budget_ebit,ytd_budget_revenue,ytd_budget_gross_profit,ytd_budget_opex,ytd_budget_depreciation,ytd_budget_ebit,ytd_actual_revenue,ytd_actual_gross_profit,ytd_actual_opex,ytd_actual_depreciation,ytd_actual_ebit,latest_fy_revenue,latest_fy_gross_profit,latest_fy_opex,latest_fy_depreciation,latest_fy_ebit,fc_1_fy_revenue,fc_1_fy_gross_profit,fc_1_fy_opex,fc_1_fy_depreciation,fc_1_fy_ebit,fc_3_fy_revenue,fc_3_fy_gross_profit,fc_3_fy_opex,fc_3_fy_depreciation,fc_3_fy_ebit,fc_6_fy_revenue,fc_6_fy_gross_profit,fc_6_fy_opex,fc_6_fy_depreciation,fc_6_fy_ebit,ytd_revenue_variance,latest_fy_revenue_vs_budget,ytd_gross_profit_variance,latest_fy_gross_profit_vs_budget,ytd_opex_variance,latest_fy_opex_vs_budget,ytd_depreciation_variance,latest_fy_depreciation_vs_budget,ytd_ebit_variance,latest_fy_ebit_vs_budget,budget_year,close_month
CN01,Hardware,0.0,-2394101.52,0.0,2833333.32,-5227434.84,0.0,-1795576.14,0.0,2124999.9899999998,-3920576.13,0.0,-1421726.06,0.0,2192499.9899999998,-3614226.05,0.0,-1741558.56,0.0,2968333.32,-4709891.88,0.0,-2767296.0700000003,0.0,2833333.32,-5600629.390000001,0.0,-1646492.3800000001,0.0,2833333.32,-4479825.699999999,0.0,-3318376.6,0.0,2833333.32,-6151709.92,0.0,0.0,373850.07999999984,652542.96,0.0,0.0,67500.0,135000.0,306350.0800000001,517542.95999999996,2026,2026-09
CZ01,Hardware,0.0,-55163.04,0.0,2833333.32,-2888496.36,0.0,-41372.28,0.0,2124999.9899999998,-2166372.27,0.0,-231822.15000000002,0.0,2706249.96,-2938072.11,0.0,-88461.16999999998,0.0,3608333.2800000003,-3696794.4499999997,0.0,-1081232.35,0.0,3608333.2800000003,-4689565.63,0.0,-297922.47000000003,0.0,3608333.2800000003,-3906255.75,0.0,-1655253.84,0.0,3608333.2800000003,-5263587.12,0.0,0.0,-190449.87000000002,-33298.12999999998,0.0,0.0,581249.9700000002,774999.9600000004,-771699.8399999999,-808298.0899999999,2026,2026-09
DE01,Hardware,62145114.72,19539290.24,6969407.6,679609.06,11890273.58,44771211.68,14076692.969999999,5020971.07,489610.84,8566111.07,45879506.3,13631919.75,5475018.33,479294.6448329692,7677606.775167031,65334804.94,19533659.97,7630764.25,639080.289648433,11263815.430351567,64505859.64,19544764.48,7644013.35,637445.8289709263,11263305.301029073,63426420.43,18886426.909999996,7630490.220000001,640807.8442102369,10615128.845789762,61070429.57,19173919.259999998,7463844.33,635438.3116845578,11074636.61831544,1108294.6199999973,3189690.219999999,-444773.2199999988,-5630.269999999553,454047.2599999998,661356.6500000004,-10316.195167030848,-40528.77035156707,-888504.2948329691,-626458.1496484336,2026,2026-09
DE01,Software,10155227.64,7697867.27,1752483.92,111615.15,5833768.21,7316131.74,5545775.35,1262542.18,80410.9,4202822.26,7933186.5,5826001.87,1402633.73,83205.35516703085,4340162.784832969,11186865.61,8205048.73,1978503.21,110919.71035156697,6115625.809648433,11488820.75,8440512.24,2027006.0,112554.17102907361,6300952.068970926,10604314.280000001,7798103.76,1911422.8900000001,109192.15578976311,5777488.714210237,11554604.66,8678526.11,2075826.97,114561.68831544221,6488137.451684559,617054.7599999998,1031637.9699999988,280226.5200000005,507181.4600000009,140091.55000000005,226019.29000000004,2794.4551670308574,-695.4396484330209,137340.52483296953,281857.5996484328,2026,2026-09
ES01,Events,31631072.04,13178157.67,4591425.85,217638.68,8369093.13,22787976.63,9493941.55,3307801.42,156793.46,6029346.67,29072104.36,11380969.79,4004959.76,181094.145507012,7194915.884492989,40963072.08,16037445.45,5698395.42,242832.222216453,10096217.807783548,39856670.879999995,15710265.01,5605124.460000001,234972.56504348211,9870167.984956518,36987452.93,14691954.36,5321191.57,218107.53709432218,9152655.252905678,46550998.190000005,18728099.04,5994874.74,279921.3385967817,12453302.961403219,6284127.73,9332000.04,1887028.2399999984,2859287.7799999993,697158.3399999999,1106969.5700000003,24300.685507012007,25193.542216453003,1165569.2144929888,1727124.677783548,2026,2026-09
ES01,Hardware,56729244.89,17548585.97,4871449.13,394216.69,12282920.13,40869456.0,12642529.67,3509538.62,284005.57,8848985.47,42292121.2,12298810.08,3825250.5300000003,266584.5884531489,8206974.961546851,59936591.230000004,17518342.39,5344561.17,355162.4941469601,11818618.72585304,60696201.99,17987497.41,5481903.83,360345.5589188596,12145248.02108114,58561536.75,17080253.46,5350756.22,370777.4904027575,11358719.749597244,55581045.349999994,17161159.19,5165356.6,326485.11575051135,11669317.47424949,1422665.200000003,3207346.3400000036,-343719.58999999985,-30243.579999998212,315711.91000000015,473112.04000000004,-17420.981546851108,-39054.19585303991,-642010.5084531493,-464301.40414696,2026,2026-09
ES01,Spare Parts,24583732.61,10792093.73,2251226.62,171147.02,8369720.14,17710861.13,7774949.25,1621851.43,123299.46,6029798.38,18202817.69,7903379.95,1778627.73,114821.2660398391,6009930.953960161,25570942.97,11123442.34,2469927.79,152005.28363658692,8501509.266363412,25673225.490000002,11200819.850000001,2507761.24,154681.8760376583,8538376.733962342,25542158.409999996,11066263.77,2506374.51,161114.97250292034,8398774.287497079,24504733.610000003,10748774.62,2437246.6,143593.545652707,8167934.474347292,491956.5600000024,987210.3599999994,128430.70000000019,331348.6099999994,156776.30000000005,218701.16999999993,-8478.193960160905,-19141.736363413074,-19867.426039839163,131789.12636341248,2026,2026-09
JP01,Hardware,38537053.09,13290465.190000001,4201599.52,375957.29,8712908.4,27763253.3,9574851.26,3026958.8,270850.95,6277041.54,28993806.9,9395692.42,3381100.5700000003,266576.283025139,5748015.566974861,40938352.8,13330917.620000001,4669786.57,355675.880824222,8305455.169175778,40295786.83,13299359.57,4675509.37,353356.10372479586,8270494.096275203,41550887.349999994,13469794.26,4840627.640000001,360287.81224932685,8268878.807750674,37657016.76,12854636.77,4534301.640000001,344284.48685768247,7976050.643142318,1230553.5999999978,2401299.7099999934,-179158.83999999985,40452.4299999997,354141.7700000005,468187.05000000075,-4274.666974861,-20281.409175777982,-529025.9730251394,-407453.2308242228,2026,2026-09
JP01,Software,8354179.55,6331656.06,1373078.28,82912.77,4875665.01,6018602.47,4561515.66,989206.9299999999,59732.85,3512575.86,6617587.13,4856139.04,1117376.27,61641.817013156484,3677120.952986844,9331404.469999999,6838795.21,1576051.75,82516.46215894149,5180226.997841058,9460536.39,6945072.130000001,1595958.4500000002,83758.30614326349,5265355.373856736,8900317.31,6539974.82,1536409.9100000001,79237.2647033484,4924327.645296652,9576973.03,7192019.59,1639907.4100000001,86128.50179753215,5465983.678202468,598984.6600000001,977224.919999999,294623.3799999999,507139.1500000004,128169.34000000008,202973.46999999997,1908.9670131564853,-396.3078410585149,164545.092986844,304561.9878410585,2026,2026-09
JP01,Spare Parts,34116117.72,15000572.53,3956973.56,335175.18,10708423.77,24578278.36,10806864.08,2850722.88,241470.29,7714670.89,25296211.37,10990314.77,3116595.44,234281.89996170453,7639437.430038296,35677260.25,15529138.39,4327877.83,311807.6570168366,10889452.902983163,35631072.72,15559045.28,4377240.78,312885.5901319407,10868918.909868058,35370002.26,15344347.6,4371721.67,310474.9230473248,10662151.006952675,34073103.17,14970087.29,4271625.09,319587.0113447854,10378875.188655214,717933.0100000016,1561142.5300000012,183450.68999999948,528565.8600000013,265872.56000000006,370904.27,-7188.390038295474,-23367.52298316342,-75233.45996170398,181029.132983163,2026,2026-09
US01,Events,28735748.72,11765228.38,6212303.93,202854.12,5350070.32,20702098.54,8476024.75,4475530.79,146142.22,3854351.74,19472460.39,7710556.17,4697267.78,136275.84786764707,2877012.5421323525,28575146.630000003,11347736.09,6650218.86,190974.45767797972,4506542.77232202,28634829.509999998,11288429.6,6779991.16,184308.77838028767,4324129.661619713,21751630.46,8482875.799999999,6096364.37,155015.12833255524,2231496.3016674444,24757560.22,10112348.89,6419390.93,179433.171678776,3513524.7883212236,-1229638.1499999985,-160602.08999999613,-765468.5800000001,-417492.29000000097,221736.99000000022,437914.93000000063,-9866.372132352932,-11879.662322020275,-977339.1978676477,-843527.5476779807,2026,2026-09
US01,Hardware,68501837.9,21348968.86,9382850.05,492138.8,11473980.06,49350786.45,15380439.93,6759687.67,354551.61,8266200.69,50316016.29,14864025.53,7233245.97,355946.9674292908,7274832.592570709,71174949.03,21185239.36,10025085.649999999,466264.26771033666,10693889.442289663,69398237.22999999,20833062.71,9937068.98,470817.33693892125,10425176.393061077,70354866.46000001,20668206.9,10126522.21,499737.23937440896,10041947.450625591,68814447.02,21382520.86,10049615.01,474303.5241406517,10858602.32585935,965229.8399999961,2673111.129999995,-516414.4000000004,-163729.5,473558.2999999998,642235.5999999978,1395.3574292908306,-25874.53228966333,-991368.0974292913,-780090.617710337,2026,2026-09
US01,Software,12690100.9,9631416.45,2614523.53,91961.01,6924931.92,9142330.76,6938762.390000001,1883581.47,66251.48,4988929.45,9913792.29,7288873.1899999995,2084592.8900000001,70277.18470306214,5134003.1152969375,14065614.709999999,10328397.59,2948637.83,92761.27461168366,7286998.485388316,14344745.729999999,10551971.99,3002425.42,94873.88468079113,7454672.685319208,13174615.969999999,9698380.129999999,2838039.0,95247.63229303571,6765093.497706965,14386723.86,10819067.37,3068592.54,96263.30418057232,7654211.525819426,771461.5299999993,1375513.8099999987,350110.7999999989,696981.1400000006,201011.42000000016,334114.3000000003,4025.704703062147,800.2646116836695,145073.66529693734,362066.5653883163,2026,2026-09
