month,seller,buyer,division,invoice,manufacturing_cost,markup,ending_ic_balance
2023-10,CN01,DE01,Hardware,2946202.19,2727965.0,218237.2,773259.89
2023-10,CZ01,DE01,Hardware,9655922.64,8940669.12,715253.53,1165211.32
2023-10,CN01,ES01,Hardware,2274005.25,2105560.42,168444.83,944318.11
2023-10,CZ01,ES01,Hardware,8870403.34,8213336.43,657066.91,1397945.36
2023-10,CN01,ES01,Spare Parts,1219851.75,1129492.36,90359.39,944318.11
2023-10,CZ01,ES01,Spare Parts,2956759.68,2737740.44,219019.24,1397945.36
2023-10,CN01,JP01,Hardware,6026072.86,5579697.09,446375.77,1484503.64
2023-10,CZ01,JP01,Hardware,1599208.42,1480748.54,118459.88,750444.61
2023-10,CN01,JP01,Spare Parts,4250426.66,3935580.24,314846.42,1484503.64
2023-10,CZ01,JP01,Spare Parts,1488905.06,1378615.8,110289.26,750444.61
2023-10,CN01,US01,Hardware,9578882.43,8869335.58,709546.85,1154902.98
2023-10,CZ01,US01,Hardware,4929304.54,4564170.87,365133.67,1012683.69
2023-11,CN01,DE01,Hardware,965507.5,893988.43,71519.07,773259.89
2023-11,CZ01,DE01,Hardware,3238153.65,2998290.42,239863.23,1165211.32
2023-11,CN01,ES01,Hardware,872064.6,807467.22,64597.38,944318.11
2023-11,CZ01,ES01,Hardware,3260851.19,3019306.66,241544.53,1397945.36
2023-11,CN01,ES01,Spare Parts,338307.65,313247.82,25059.83,944318.11
2023-11,CZ01,ES01,Spare Parts,830074.24,768587.26,61486.98,1397945.36
2023-11,CN01,JP01,Hardware,1619232.78,1499289.61,119943.17,1484503.64
2023-11,CZ01,JP01,Hardware,448989.72,415731.22,33258.5,750444.61
2023-11,CN01,JP01,Spare Parts,1241997.28,1149997.48,91999.8,1484503.64
2023-11,CZ01,JP01,Spare Parts,441258.25,408572.45,32685.8,750444.61
2023-11,CN01,US01,Hardware,2788056.87,2581534.14,206522.73,1154902.98
2023-11,CZ01,US01,Hardware,1453659.74,1345981.24,107678.5,1012683.69
2023-12,CN01,DE01,Hardware,939939.85,870314.67,69625.17,773259.89
2023-12,CZ01,DE01,Hardware,2955396.37,2736478.12,218918.25,1165211.32
2023-12,CN01,ES01,Hardware,818160.91,757556.4,60604.51,944318.11
2023-12,CZ01,ES01,Hardware,3214872.14,2976733.46,238138.68,1397945.36
2023-12,CN01,ES01,Spare Parts,382402.43,354076.32,28326.11,944318.11
2023-12,CZ01,ES01,Spare Parts,891493.65,825457.08,66036.57,1397945.36
2023-12,CN01,JP01,Hardware,2216988.71,2052767.32,164221.39,1484503.64
2023-12,CZ01,JP01,Hardware,628145.97,581616.64,46529.33,750444.61
2023-12,CN01,JP01,Spare Parts,1297049.54,1200971.8,96077.74,1484503.64
2023-12,CZ01,JP01,Spare Parts,453095.42,419532.8,33562.62,750444.61
2023-12,CN01,US01,Hardware,2985134.13,2764013.09,221121.05,1154902.98
2023-12,CZ01,US01,Hardware,1782747.2,1650691.85,132055.35,1012683.69
2024-01,CN01,ES01,Spare Parts,3619.65,3351.52,268.12,944318.11
2024-01,CZ01,ES01,Spare Parts,7446.81,6895.2,551.62,1397945.36
2024-01,CN01,JP01,Spare Parts,29616.27,27422.47,2193.8,1484503.64
2024-01,CZ01,JP01,Spare Parts,10132.99,9382.4,750.59,750444.61
2024-02,CN01,DE01,Hardware,835628.97,773730.53,61898.44,773259.89
2024-02,CZ01,DE01,Hardware,2699176.37,2499237.38,199938.99,1165211.32
2024-02,CN01,ES01,Hardware,542306.27,502135.43,40170.83,944318.11
2024-02,CZ01,ES01,Hardware,2055272.87,1903030.43,152242.43,1397945.36
2024-02,CN01,ES01,Spare Parts,312705.89,289542.49,23163.4,944318.11
2024-02,CZ01,ES01,Spare Parts,691710.72,640472.89,51237.83,1397945.36
2024-02,CN01,JP01,Hardware,412315.46,381773.58,30541.89,1484503.64
2024-02,CZ01,JP01,Hardware,105378.53,97572.71,7805.82,750444.61
2024-02,CN01,JP01,Spare Parts,1060734.3,982161.39,78572.91,1484503.64
2024-02,CZ01,JP01,Spare Parts,309380.72,286463.63,22917.09,750444.61
2024-02,CN01,US01,Hardware,2733749.05,2531249.12,202499.93,1154902.98
2024-02,CZ01,US01,Hardware,1626715.56,1506218.11,120497.45,1012683.69
2024-03,CN01,DE01,Hardware,896674.62,830254.28,66420.34,773259.89
2024-03,CZ01,DE01,Hardware,2967453.81,2747642.41,219811.39,1165211.32
2024-03,CN01,ES01,Hardware,806842.13,747076.04,59766.08,944318.11
2024-03,CZ01,ES01,Hardware,2984400.61,2763333.9,221066.71,1397945.36
2024-03,CN01,ES01,Spare Parts,349669.45,323768.01,25901.44,944318.11
2024-03,CZ01,ES01,Spare Parts,854549.02,791249.09,63299.93,1397945.36
2024-03,CN01,JP01,Hardware,2135467.67,1977284.88,158182.79,1484503.64
2024-03,CZ01,JP01,Hardware,517890.03,479527.8,38362.22,750444.61
2024-03,CN01,JP01,Spare Parts,1331289.27,1232675.25,98614.02,1484503.64
2024-03,CZ01,JP01,Spare Parts,342160.55,316815.33,25345.23,750444.61
2024-03,CN01,US01,Hardware,2577353.11,2386438.07,190915.05,1154902.98
2024-03,CZ01,US01,Hardware,1486434.02,1376327.79,110106.22,1012683.69
2024-04,CN01,DE01,Hardware,862019.12,798165.85,63853.27,773259.89
2024-04,CZ01,DE01,Hardware,2871983.25,2659243.75,212739.5,1165211.32
2024-04,CN01,ES01,Hardware,650897.92,602683.26,48214.66,944318.11
2024-04,CZ01,ES01,Hardware,2247505.39,2081023.51,166481.88,1397945.36
2024-04,CN01,ES01,Spare Parts,310575.09,287569.53,23005.56,944318.11
2024-04,CZ01,ES01,Spare Parts,766077.45,709330.97,56746.48,1397945.36
2024-04,CN01,JP01,Hardware,1922932.27,1780492.84,142439.43,1484503.64
2024-04,CZ01,JP01,Hardware,414164.27,383485.44,30678.83,750444.61
2024-04,CN01,JP01,Spare Parts,1191470.8,1103213.71,88257.1,1484503.64
2024-04,CZ01,JP01,Spare Parts,328622.09,304279.71,24342.38,750444.61
2024-04,CN01,US01,Hardware,2600018.18,2407424.24,192593.94,1154902.98
2024-04,CZ01,US01,Hardware,1724723.99,1596966.66,127757.33,1012683.69
2024-05,CN01,DE01,Hardware,608895.95,563792.55,45103.4,773259.89
2024-05,CZ01,DE01,Hardware,2190306.81,2028061.86,162244.95,1165211.32
2024-05,CN01,ES01,Hardware,739615.18,684828.87,54786.31,944318.11
2024-05,CZ01,ES01,Hardware,2426409.75,2246675.69,179734.06,1397945.36
2024-05,CN01,ES01,Spare Parts,272015.45,251866.16,20149.29,944318.11
2024-05,CZ01,ES01,Spare Parts,713986.14,661098.27,52887.86,1397945.36
2024-05,CN01,JP01,Hardware,1494719.48,1383999.52,110719.96,1484503.64
2024-05,CZ01,JP01,Hardware,351811.29,325751.19,26060.1,750444.61
2024-05,CN01,JP01,Spare Parts,1066180.45,987204.12,78976.33,1484503.64
2024-05,CZ01,JP01,Spare Parts,288987.4,267580.93,21406.47,750444.61
2024-05,CN01,US01,Hardware,2260303.51,2092873.62,167429.89,1154902.98
2024-05,CZ01,US01,Hardware,1502141.5,1390871.76,111269.74,1012683.69
2024-06,CN01,DE01,Hardware,899217.7,832608.99,66608.72,773259.89
2024-06,CZ01,DE01,Hardware,2929505.16,2712504.77,217000.38,1165211.32
2024-06,CN01,ES01,Hardware,746822.39,691502.21,55320.18,944318.11
2024-06,CZ01,ES01,Hardware,2634965.65,2439783.01,195182.64,1397945.36
2024-06,CN01,ES01,Spare Parts,272468.9,252286.02,20182.88,944318.11
2024-06,CZ01,ES01,Spare Parts,833325.61,771597.79,61727.82,1397945.36
2024-06,CN01,JP01,Hardware,1994529.88,1846786.93,147742.95,1484503.64
2024-06,CZ01,JP01,Hardware,515225.95,477061.06,38164.88,750444.61
2024-06,CN01,JP01,Spare Parts,1269715.06,1175662.09,94052.97,1484503.64
2024-06,CZ01,JP01,Spare Parts,328298.07,303979.69,24318.38,750444.61
2024-06,CN01,US01,Hardware,2619743.12,2425688.07,194055.05,1154902.98
2024-06,CZ01,US01,Hardware,1652247.63,1529858.92,122388.71,1012683.69
2024-07,CN01,DE01,Hardware,616567.3,570895.65,45671.65,773259.89
2024-07,CZ01,DE01,Hardware,1970415.61,1824458.9,145956.71,1165211.32
2024-07,CN01,ES01,Hardware,529985.78,490727.57,39258.21,944318.11
2024-07,CZ01,ES01,Hardware,1822322.12,1687335.3,134986.82,1397945.36
2024-07,CN01,ES01,Spare Parts,174848.59,161896.84,12951.75,944318.11
2024-07,CZ01,ES01,Spare Parts,524177.22,485349.28,38827.94,1397945.36
2024-07,CN01,JP01,Hardware,778822.32,721131.78,57690.54,1484503.64
2024-07,CZ01,JP01,Hardware,215846.51,199857.88,15988.63,750444.61
2024-07,CN01,JP01,Spare Parts,715253.6,662271.85,52981.75,1484503.64
2024-07,CZ01,JP01,Spare Parts,183021.55,169464.4,13557.15,750444.61
2024-07,CN01,US01,Hardware,1678933.54,1554568.09,124365.45,1154902.98
2024-07,CZ01,US01,Hardware,991038.24,917628.0,73410.24,1012683.69
2024-08,CN01,DE01,Hardware,301716.14,279366.8,22349.34,773259.89
2024-08,CZ01,DE01,Hardware,1147893.85,1062864.68,85029.17,1165211.32
2024-08,CN01,ES01,Hardware,251415.18,232791.84,18623.35,944318.11
2024-08,CZ01,ES01,Hardware,945759.37,875703.12,70056.25,1397945.36
2024-08,CN01,ES01,Spare Parts,116391.75,107770.14,8621.61,944318.11
2024-08,CZ01,ES01,Spare Parts,354996.23,328700.21,26296.02,1397945.36
2024-08,CN01,JP01,Spare Parts,563864.39,522096.66,41767.73,1484503.64
2024-08,CZ01,JP01,Spare Parts,153540.18,142166.83,11373.35,750444.61
2024-08,CN01,US01,Hardware,1184196.22,1096477.98,87718.24,1154902.98
2024-08,CZ01,US01,Hardware,614788.8,569248.89,45539.91,1012683.69
2024-09,CN01,DE01,Hardware,1090457.91,1009683.25,80774.66,773259.89
2024-09,CZ01,DE01,Hardware,3930390.37,3639250.34,291140.03,1165211.32
2024-09,CN01,ES01,Hardware,1007750.13,933101.97,74648.16,944318.11
2024-09,CZ01,ES01,Hardware,4100442.92,3796706.41,303736.51,1397945.36
2024-09,CN01,ES01,Spare Parts,350411.75,324455.32,25956.43,944318.11
2024-09,CZ01,ES01,Spare Parts,1219223.55,1128910.7,90312.86,1397945.36
2024-09,CN01,JP01,Hardware,3086182.67,2857576.55,228606.12,1484503.64
2024-09,CZ01,JP01,Hardware,571273.0,528956.48,42316.52,750444.61
2024-09,CN01,JP01,Spare Parts,1697785.8,1572023.89,125761.91,1484503.64
2024-09,CZ01,JP01,Spare Parts,455644.98,421893.5,33751.48,750444.61
2024-09,CN01,US01,Hardware,3903798.17,3614627.93,289170.23,1154902.98
2024-09,CZ01,US01,Hardware,2081531.18,1927343.68,154187.49,1012683.69
2024-10,CN01,DE01,Hardware,1116499.53,1033795.86,82703.67,773259.89
2024-10,CZ01,DE01,Hardware,3203843.43,2966521.69,237321.74,1165211.32
2024-10,CN01,ES01,Hardware,859878.49,796183.79,63694.7,944318.11
2024-10,CZ01,ES01,Hardware,2818695.47,2609903.21,208792.26,1397945.36
2024-10,CN01,ES01,Spare Parts,293366.46,271635.61,21730.85,944318.11
2024-10,CZ01,ES01,Spare Parts,952459.4,881906.85,70552.55,1397945.36
2024-10,CN01,JP01,Hardware,2086774.27,1932198.4,154575.87,1484503.64
2024-10,CZ01,JP01,Hardware,387396.01,358700.01,28696.0,750444.61
2024-10,CN01,JP01,Spare Parts,1367462.5,1266168.98,101293.52,1484503.64
2024-10,CZ01,JP01,Spare Parts,368016.65,340756.16,27260.49,750444.61
2024-10,CN01,US01,Hardware,2747449.55,2543934.77,203514.78,1154902.98
2024-10,CZ01,US01,Hardware,1389132.33,1286233.64,102898.69,1012683.69
2024-11,CN01,DE01,Hardware,995742.22,921983.54,73758.68,773259.89
2024-11,CZ01,DE01,Hardware,2683047.04,2484302.81,198744.22,1165211.32
2024-11,CN01,ES01,Hardware,1020204.48,944633.78,75570.7,944318.11
2024-11,CZ01,ES01,Hardware,3275276.96,3032663.85,242613.11,1397945.36
2024-11,CN01,ES01,Spare Parts,254785.98,235912.95,18873.04,944318.11
2024-11,CZ01,ES01,Spare Parts,891881.77,825816.45,66065.32,1397945.36
2024-11,CN01,JP01,Hardware,2563078.38,2373220.72,189857.66,1484503.64
2024-11,CZ01,JP01,Hardware,298698.99,276573.14,22125.85,750444.61
2024-11,CN01,JP01,Spare Parts,1300427.53,1204099.56,96327.96,1484503.64
2024-11,CZ01,JP01,Spare Parts,331626.83,307061.88,24564.95,750444.61
2024-11,CN01,US01,Hardware,2787449.84,2580972.08,206477.77,1154902.98
2024-11,CZ01,US01,Hardware,1430617.42,1324645.76,105971.66,1012683.69
2024-12,CN01,DE01,Hardware,1151207.25,1065932.64,85274.61,773259.89
2024-12,CZ01,DE01,Hardware,3254422.21,3013353.9,241068.31,1165211.32
2024-12,CN01,ES01,Hardware,857495.11,793976.95,63518.16,944318.11
2024-12,CZ01,ES01,Hardware,2758910.69,2554546.93,204363.75,1397945.36
2024-12,CN01,ES01,Spare Parts,300357.13,278108.45,22248.68,944318.11
2024-12,CZ01,ES01,Spare Parts,1069976.89,990719.35,79257.55,1397945.36
2024-12,CN01,JP01,Hardware,2086152.88,1931623.04,154529.84,1484503.64
2024-12,CZ01,JP01,Hardware,354844.12,328559.37,26284.75,750444.61
2024-12,CN01,JP01,Spare Parts,1516482.24,1404150.22,112332.02,1484503.64
2024-12,CZ01,JP01,Spare Parts,385832.82,357252.61,28580.21,750444.61
2024-12,CN01,US01,Hardware,3177426.7,2942061.76,235364.94,1154902.98
2024-12,CZ01,US01,Hardware,1800484.94,1667115.69,133369.25,1012683.69
2025-01,CN01,DE01,Hardware,206275.24,190995.6,15279.65,773259.89
2025-01,CZ01,DE01,Hardware,713429.89,660583.23,52846.66,1165211.32
2025-01,CN01,ES01,Spare Parts,9072.9,8400.84,672.07,944318.11
2025-01,CZ01,ES01,Spare Parts,31169.58,28860.72,2308.86,1397945.36
2025-01,CN01,JP01,Spare Parts,76236.91,70589.73,5647.18,1484503.64
2025-01,CZ01,JP01,Spare Parts,16471.64,15251.52,1220.12,750444.61
2025-01,CN01,US01,Hardware,721737.59,668275.55,53462.04,1154902.98
2025-01,CZ01,US01,Hardware,451366.47,417931.91,33434.55,1012683.69
2025-02,CN01,DE01,Hardware,967794.71,896106.21,71688.5,773259.89
2025-02,CZ01,DE01,Hardware,2831174.48,2621457.85,209716.63,1165211.32
2025-02,CN01,ES01,Hardware,790624.48,732059.71,58564.78,944318.11
2025-02,CZ01,ES01,Hardware,2276865.65,2108208.94,168656.71,1397945.36
2025-02,CN01,ES01,Spare Parts,274178.48,253868.96,20309.52,944318.11
2025-02,CZ01,ES01,Spare Parts,804926.79,745302.58,59624.21,1397945.36
2025-02,CN01,JP01,Hardware,1105112.27,1023252.1,81860.17,1484503.64
2025-02,CZ01,JP01,Hardware,294254.1,272457.5,21796.6,750444.61
2025-02,CN01,JP01,Spare Parts,1200953.44,1111993.92,88959.51,1484503.64
2025-02,CZ01,JP01,Spare Parts,264680.29,245074.35,19605.95,750444.61
2025-02,CN01,US01,Hardware,2278287.23,2109525.21,168762.02,1154902.98
2025-02,CZ01,US01,Hardware,1521982.28,1409242.85,112739.43,1012683.69
2025-03,CN01,DE01,Hardware,948822.8,878539.63,70283.17,773259.89
2025-03,CZ01,DE01,Hardware,3132133.34,2900123.46,232009.88,1165211.32
2025-03,CN01,ES01,Hardware,1006695.61,932125.56,74570.04,944318.11
2025-03,CZ01,ES01,Hardware,3359013.81,3110197.97,248815.84,1397945.36
2025-03,CN01,ES01,Spare Parts,324779.09,300721.38,24057.71,944318.11
2025-03,CZ01,ES01,Spare Parts,963052.74,891715.5,71337.24,1397945.36
2025-03,CN01,JP01,Hardware,2120753.37,1963660.53,157092.84,1484503.64
2025-03,CZ01,JP01,Hardware,746320.53,691037.52,55283.0,750444.61
2025-03,CN01,JP01,Spare Parts,1435457.08,1329126.93,106330.15,1484503.64
2025-03,CZ01,JP01,Spare Parts,318805.07,295189.88,23615.19,750444.61
2025-03,CN01,US01,Hardware,3103920.75,2874000.7,229920.06,1154902.98
2025-03,CZ01,US01,Hardware,1750417.47,1620756.92,129660.55,1012683.69
2025-04,CN01,DE01,Hardware,623551.05,577362.08,46188.97,773259.89
2025-04,CZ01,DE01,Hardware,2076527.36,1922710.52,153816.84,1165211.32
2025-04,CN01,ES01,Hardware,631378.47,584609.7,46768.78,944318.11
2025-04,CZ01,ES01,Hardware,2193608.51,2031118.99,162489.52,1397945.36
2025-04,CN01,ES01,Spare Parts,249949.36,231434.59,18514.77,944318.11
2025-04,CZ01,ES01,Spare Parts,763695.34,707125.32,56570.03,1397945.36
2025-04,CN01,JP01,Hardware,1607317.36,1488256.82,119060.55,1484503.64
2025-04,CZ01,JP01,Hardware,560016.06,518533.39,41482.67,750444.61
2025-04,CN01,JP01,Spare Parts,1184139.35,1096425.33,87714.03,1484503.64
2025-04,CZ01,JP01,Spare Parts,231087.54,213969.94,17117.6,750444.61
2025-04,CN01,US01,Hardware,2020989.7,1871286.76,149702.94,1154902.98
2025-04,CZ01,US01,Hardware,1212015.96,1122237.0,89778.96,1012683.69
2025-05,CN01,DE01,Hardware,867681.2,803408.52,64272.68,773259.89
2025-05,CZ01,DE01,Hardware,3124222.65,2892798.75,231423.9,1165211.32
2025-05,CN01,ES01,Hardware,795470.03,736546.33,58923.71,944318.11
2025-05,CZ01,ES01,Hardware,2752133.91,2548272.13,203861.77,1397945.36
2025-05,CN01,ES01,Spare Parts,237764.57,220152.38,17612.19,944318.11
2025-05,CZ01,ES01,Spare Parts,848847.33,785969.75,62877.58,1397945.36
2025-05,CN01,JP01,Hardware,1689575.67,1564421.91,125153.75,1484503.64
2025-05,CZ01,JP01,Hardware,583488.42,540267.06,43221.36,750444.61
2025-05,CN01,JP01,Spare Parts,1242060.59,1150056.1,92004.49,1484503.64
2025-05,CZ01,JP01,Spare Parts,243088.67,225082.1,18006.57,750444.61
2025-05,CN01,US01,Hardware,2290542.58,2120872.76,169669.82,1154902.98
2025-05,CZ01,US01,Hardware,1770300.53,1639167.16,131133.37,1012683.69
2025-06,CN01,DE01,Hardware,851980.42,788870.76,63109.66,773259.89
2025-06,CZ01,DE01,Hardware,2663544.89,2466245.27,197299.62,1165211.32
2025-06,CN01,ES01,Hardware,933551.87,864399.88,69151.99,944318.11
2025-06,CZ01,ES01,Hardware,2709809.25,2509082.64,200726.61,1397945.36
2025-06,CN01,ES01,Spare Parts,246172.81,227937.79,18235.02,944318.11
2025-06,CZ01,ES01,Spare Parts,942833.99,872994.43,69839.55,1397945.36
2025-06,CN01,JP01,Hardware,1626924.17,1506411.27,120512.9,1484503.64
2025-06,CZ01,JP01,Hardware,522110.2,483435.37,38674.83,750444.61
2025-06,CN01,JP01,Spare Parts,1299624.34,1203355.87,96268.47,1484503.64
2025-06,CZ01,JP01,Spare Parts,351271.21,325251.12,26020.09,750444.61
2025-06,CN01,US01,Hardware,2343528.97,2169934.23,173594.74,1154902.98
2025-06,CZ01,US01,Hardware,1815794.71,1681291.4,134503.31,1012683.69
2025-07,CN01,DE01,Hardware,637801.87,590557.29,47244.58,773259.89
2025-07,CZ01,DE01,Hardware,1900320.64,1759556.15,140764.49,1165211.32
2025-07,CN01,ES01,Hardware,599893.26,555456.72,44436.54,944318.11
2025-07,CZ01,ES01,Hardware,1530726.69,1417339.52,113387.16,1397945.36
2025-07,CN01,ES01,Spare Parts,145570.86,134787.84,10783.03,944318.11
2025-07,CZ01,ES01,Spare Parts,551182.43,510354.1,40828.33,1397945.36
2025-07,CN01,JP01,Hardware,950619.59,880203.33,70416.27,1484503.64
2025-07,CZ01,JP01,Hardware,334660.64,309870.96,24789.68,750444.61
2025-07,CN01,JP01,Spare Parts,743776.57,688682.01,55094.56,1484503.64
2025-07,CZ01,JP01,Spare Parts,199348.7,184582.13,14766.57,750444.61
2025-07,CN01,US01,Hardware,1582272.23,1465066.88,117205.35,1154902.98
2025-07,CZ01,US01,Hardware,1174554.15,1087550.14,87004.01,1012683.69
2025-08,CN01,DE01,Hardware,530865.16,491541.81,39323.34,773259.89
2025-08,CZ01,DE01,Hardware,1571170.81,1454787.79,116383.02,1165211.32
2025-08,CN01,ES01,Hardware,351435.56,325403.3,26032.26,944318.11
2025-08,CZ01,ES01,Hardware,801150.02,741805.58,59344.45,1397945.36
2025-08,CN01,ES01,Spare Parts,92820.94,85945.31,6875.63,944318.11
2025-08,CZ01,ES01,Spare Parts,429825.65,397986.72,31838.94,1397945.36
2025-08,CN01,JP01,Hardware,223951.14,207362.17,16588.97,1484503.64
2025-08,CZ01,JP01,Hardware,95651.97,88566.64,7085.33,750444.61
2025-08,CN01,JP01,Spare Parts,544596.5,504256.02,40340.48,1484503.64
2025-08,CZ01,JP01,Spare Parts,146149.28,135323.41,10825.87,750444.61
2025-08,CN01,US01,Hardware,999633.73,925586.79,74046.94,1154902.98
2025-08,CZ01,US01,Hardware,773316.18,716033.5,57282.68,1012683.69
2025-09,CN01,DE01,Hardware,1337009.4,1237971.66,99037.73,773259.89
2025-09,CZ01,DE01,Hardware,3547046.01,3284301.86,262744.15,1165211.32
2025-09,CN01,ES01,Hardware,1637078.92,1515813.82,121265.11,944318.11
2025-09,CZ01,ES01,Hardware,3527685.1,3266375.09,261310.01,1397945.36
2025-09,CN01,ES01,Spare Parts,331772.39,307196.66,24575.73,944318.11
2025-09,CZ01,ES01,Spare Parts,1379911.69,1277696.01,102215.68,1397945.36
2025-09,CN01,JP01,Hardware,3156373.89,2922568.41,233805.47,1484503.64
2025-09,CZ01,JP01,Hardware,983252.45,910418.93,72833.51,750444.61
2025-09,CN01,JP01,Spare Parts,1851519.61,1714370.01,137149.6,1484503.64
2025-09,CZ01,JP01,Spare Parts,487334.92,451236.04,36098.88,750444.61
2025-09,CN01,US01,Hardware,3292434.5,3048550.46,243884.04,1154902.98
2025-09,CZ01,US01,Hardware,2554966.12,2365709.37,189256.75,1012683.69
2025-10,CN01,DE01,Hardware,1271519.22,1177332.61,94186.61,773259.89
2025-10,CZ01,DE01,Hardware,2925349.88,2708657.3,216692.58,1165211.32
2025-10,CN01,ES01,Hardware,1474532.68,1365308.04,109224.64,944318.11
2025-10,CZ01,ES01,Hardware,2471137.41,2288090.19,183047.22,1397945.36
2025-10,CN01,ES01,Spare Parts,235447.84,218007.26,17440.58,944318.11
2025-10,CZ01,ES01,Spare Parts,982214.27,909457.66,72756.61,1397945.36
2025-10,CN01,JP01,Hardware,1877441.51,1738371.77,139069.74,1484503.64
2025-10,CZ01,JP01,Hardware,641539.48,594018.03,47521.44,750444.61
2025-10,CN01,JP01,Spare Parts,1376352.06,1274400.06,101952.0,1484503.64
2025-10,CZ01,JP01,Spare Parts,374944.54,347170.87,27773.67,750444.61
2025-10,CN01,US01,Hardware,2317889.45,2146193.94,171695.52,1154902.98
2025-10,CZ01,US01,Hardware,1783216.73,1651126.6,132090.13,1012683.69
2025-11,CN01,DE01,Hardware,1343690.37,1244157.75,99532.62,773259.89
2025-11,CZ01,DE01,Hardware,2684541.62,2485686.69,198854.93,1165211.32
2025-11,CN01,ES01,Hardware,1436932.14,1330492.72,106439.42,944318.11
2025-11,CZ01,ES01,Hardware,1957282.19,1812298.32,144983.87,1397945.36
2025-11,CN01,ES01,Spare Parts,283181.35,262204.95,20976.4,944318.11
2025-11,CZ01,ES01,Spare Parts,1031139.62,954758.91,76380.71,1397945.36
2025-11,CN01,JP01,Hardware,1930643.97,1787633.31,143010.66,1484503.64
2025-11,CZ01,JP01,Hardware,665471.53,616177.34,49294.19,750444.61
2025-11,CN01,JP01,Spare Parts,1383008.26,1280563.2,102445.06,1484503.64
2025-11,CZ01,JP01,Spare Parts,360954.82,334217.43,26737.39,750444.61
2025-11,CN01,US01,Hardware,2349898.58,2175832.02,174066.56,1154902.98
2025-11,CZ01,US01,Hardware,1857117.34,1719553.09,137564.25,1012683.69
2025-12,CN01,DE01,Hardware,1651154.09,1528846.38,122307.71,773259.89
2025-12,CZ01,DE01,Hardware,2720369.34,2518860.5,201508.84,1165211.32
2025-12,CN01,ES01,Hardware,2022202.05,1872409.31,149792.74,944318.11
2025-12,CZ01,ES01,Hardware,2430489.31,2250453.06,180036.24,1397945.36
2025-12,CN01,ES01,Spare Parts,301614.8,279272.96,22341.84,944318.11
2025-12,CZ01,ES01,Spare Parts,1077545.88,997727.67,79818.21,1397945.36
2025-12,CN01,JP01,Hardware,1877188.44,1738137.45,139051.0,1484503.64
2025-12,CZ01,JP01,Hardware,737649.74,683009.02,54640.72,750444.61
2025-12,CN01,JP01,Spare Parts,1546861.45,1432279.12,114582.33,1484503.64
2025-12,CZ01,JP01,Spare Parts,393391.93,364251.79,29140.14,750444.61
2025-12,CN01,US01,Hardware,2533992.88,2346289.7,187703.18,1154902.98
2025-12,CZ01,US01,Hardware,2314061.76,2142649.78,171411.98,1012683.69
2026-01,CN01,DE01,Hardware,151011.48,139825.44,11186.04,773259.89
2026-01,CZ01,DE01,Hardware,259325.56,240116.26,19209.3,1165211.32
2026-01,CN01,ES01,Hardware,22174.21,20531.68,1642.53,944318.11
2026-01,CZ01,ES01,Hardware,27463.2,25428.89,2034.31,1397945.36
2026-01,CN01,US01,Hardware,346151.85,320510.97,25640.88,1154902.98
2026-01,CZ01,US01,Hardware,317824.74,294282.17,23542.57,1012683.69
2026-02,CN01,DE01,Hardware,1117047.39,1034303.14,82744.25,773259.89
2026-02,CZ01,DE01,Hardware,2337162.24,2164039.11,173123.13,1165211.32
2026-02,CN01,ES01,Hardware,1319911.72,1222140.48,97771.24,944318.11
2026-02,CZ01,ES01,Hardware,1822349.94,1687361.05,134988.88,1397945.36
2026-02,CN01,ES01,Spare Parts,246229.18,227989.98,18239.2,944318.11
2026-02,CZ01,ES01,Spare Parts,839498.14,777313.09,62185.05,1397945.36
2026-02,CN01,JP01,Hardware,1136815.78,1052607.2,84208.58,1484503.64
2026-02,CZ01,JP01,Hardware,597091.28,552862.29,44228.98,750444.61
2026-02,CN01,JP01,Spare Parts,1178558.79,1091258.14,87300.65,1484503.64
2026-02,CZ01,JP01,Spare Parts,330133.22,305678.91,24454.31,750444.61
2026-02,CN01,US01,Hardware,2246299.62,2079907.06,166392.56,1154902.98
2026-02,CZ01,US01,Hardware,1993812.12,1846122.33,147689.79,1012683.69
2026-03,CN01,DE01,Hardware,1997299.37,1849351.27,147948.1,773259.89
2026-03,CZ01,DE01,Hardware,2974486.01,2754153.71,220332.3,1165211.32
2026-03,CN01,ES01,Hardware,2145160.29,1986259.52,158900.76,944318.11
2026-03,CZ01,ES01,Hardware,2356909.07,2182323.22,174585.86,1397945.36
2026-03,CN01,ES01,Spare Parts,369450.71,342083.99,27366.72,944318.11
2026-03,CZ01,ES01,Spare Parts,1076627.02,996876.87,79750.15,1397945.36
2026-03,CN01,JP01,Hardware,2091278.7,1936369.16,154909.53,1484503.64
2026-03,CZ01,JP01,Hardware,1106014.51,1024087.51,81927.0,750444.61
2026-03,CN01,JP01,Spare Parts,1555910.18,1440657.57,115252.61,1484503.64
2026-03,CZ01,JP01,Spare Parts,483517.55,447701.44,35816.12,750444.61
2026-03,CN01,US01,Hardware,2969971.93,2749974.0,219997.92,1154902.98
2026-03,CZ01,US01,Hardware,2366517.07,2191219.51,175297.56,1012683.69
2026-04,CN01,DE01,Hardware,1798324.21,1665115.01,133209.2,773259.89
2026-04,CZ01,DE01,Hardware,2610286.82,2416932.24,193354.58,1165211.32
2026-04,CN01,ES01,Hardware,2033145.66,1882542.28,150603.38,944318.11
2026-04,CZ01,ES01,Hardware,2167485.15,2006930.69,160554.46,1397945.36
2026-04,CN01,ES01,Spare Parts,325329.55,301231.07,24098.49,944318.11
2026-04,CZ01,ES01,Spare Parts,989410.15,916120.51,73289.64,1397945.36
2026-04,CN01,JP01,Hardware,1775386.04,1643875.96,131510.08,1484503.64
2026-04,CZ01,JP01,Hardware,1112812.51,1030381.96,82430.56,750444.61
2026-04,CN01,JP01,Spare Parts,1435608.58,1329267.21,106341.38,1484503.64
2026-04,CZ01,JP01,Spare Parts,408819.55,378536.62,30282.93,750444.61
2026-04,CN01,US01,Hardware,2921403.67,2705003.39,216400.27,1154902.98
2026-04,CZ01,US01,Hardware,2339419.73,2166129.38,173290.35,1012683.69
2026-05,CN01,DE01,Hardware,1548784.42,1434059.64,114724.77,773259.89
2026-05,CZ01,DE01,Hardware,2184934.78,2023087.76,161847.02,1165211.32
2026-05,CN01,ES01,Hardware,2013037.28,1863923.41,149113.87,944318.11
2026-05,CZ01,ES01,Hardware,2066967.44,1913858.74,153108.7,1397945.36
2026-05,CN01,ES01,Spare Parts,297886.25,275820.61,22065.65,944318.11
2026-05,CZ01,ES01,Spare Parts,909104.88,841763.77,67341.1,1397945.36
2026-05,CN01,JP01,Hardware,1556210.51,1440935.65,115274.85,1484503.64
2026-05,CZ01,JP01,Hardware,961734.95,890495.33,71239.63,750444.61
2026-05,CN01,JP01,Spare Parts,1249447.16,1156895.52,92551.64,1484503.64
2026-05,CZ01,JP01,Spare Parts,394560.63,365333.92,29226.71,750444.61
2026-05,CN01,US01,Hardware,2017671.56,1868214.41,149457.15,1154902.98
2026-05,CZ01,US01,Hardware,1608368.9,1489230.46,119138.44,1012683.69
2026-06,CN01,DE01,Hardware,1280754.59,1185883.88,94870.71,773259.89
2026-06,CZ01,DE01,Hardware,2051475.14,1899514.02,151961.12,1165211.32
2026-06,CN01,ES01,Hardware,1350446.42,1250413.36,100033.07,944318.11
2026-06,CZ01,ES01,Hardware,1574672.54,1458030.13,116642.41,1397945.36
2026-06,CN01,ES01,Spare Parts,288340.75,266982.17,21358.57,944318.11
2026-06,CZ01,ES01,Spare Parts,840363.13,778114.01,62249.12,1397945.36
2026-06,CN01,JP01,Hardware,1368489.99,1267120.36,101369.63,1484503.64
2026-06,CZ01,JP01,Hardware,929122.26,860298.39,68823.87,750444.61
2026-06,CN01,JP01,Spare Parts,1164385.3,1078134.54,86250.76,1484503.64
2026-06,CZ01,JP01,Spare Parts,357612.66,331122.83,26489.83,750444.61
2026-06,CN01,US01,Hardware,2196018.39,2033350.36,162668.03,1154902.98
2026-06,CZ01,US01,Hardware,1728012.58,1600011.65,128000.93,1012683.69
2026-07,CN01,DE01,Hardware,1090267.08,1009506.55,80760.52,773259.89
2026-07,CZ01,DE01,Hardware,1683720.51,1559000.47,124720.04,1165211.32
2026-07,CN01,ES01,Hardware,1285523.95,1190299.96,95224.0,944318.11
2026-07,CZ01,ES01,Hardware,1471140.16,1362166.81,108973.35,1397945.36
2026-07,CN01,ES01,Spare Parts,184058.21,170424.27,13633.94,944318.11
2026-07,CZ01,ES01,Spare Parts,542325.11,502152.88,40172.23,1397945.36
2026-07,CN01,JP01,Hardware,664749.83,615509.1,49240.73,1484503.64
2026-07,CZ01,JP01,Hardware,488857.56,452645.89,36211.67,750444.61
2026-07,CN01,JP01,Spare Parts,793808.45,735007.82,58800.63,1484503.64
2026-07,CZ01,JP01,Spare Parts,260029.02,240767.61,19261.41,750444.61
2026-07,CN01,US01,Hardware,1455319.1,1347517.68,107801.41,1154902.98
2026-07,CZ01,US01,Hardware,1234070.22,1142657.61,91412.61,1012683.69
2026-08,CN01,DE01,Hardware,1362206.28,1261302.11,100904.17,773259.89
2026-08,CZ01,DE01,Hardware,2087105.86,1932505.42,154600.43,1165211.32
2026-08,CN01,ES01,Hardware,1377859.69,1275796.01,102063.68,944318.11
2026-08,CZ01,ES01,Hardware,1536758.94,1422924.94,113834.0,1397945.36
2026-08,CN01,ES01,Spare Parts,184705.6,171023.7,13681.9,944318.11
2026-08,CZ01,ES01,Spare Parts,583845.02,540597.24,43247.78,1397945.36
2026-08,CN01,JP01,Hardware,814375.54,754051.42,60324.11,1484503.64
2026-08,CZ01,JP01,Hardware,534738.04,495127.81,39610.22,750444.61
2026-08,CN01,JP01,Spare Parts,828660.71,767278.44,61382.27,1484503.64
2026-08,CZ01,JP01,Spare Parts,237156.56,219589.4,17567.15,750444.61
2026-08,CN01,US01,Hardware,1575154.0,1458475.92,116678.07,1154902.98
2026-08,CZ01,US01,Hardware,1645361.96,1523483.29,121878.66,1012683.69
2026-09,CN01,DE01,Hardware,2655962.33,2459224.38,196737.95,773259.89
2026-09,CZ01,DE01,Hardware,3989811.3,3694269.73,295541.58,1165211.32
2026-09,CN01,ES01,Hardware,2779599.29,2573703.05,205896.24,944318.11
2026-09,CZ01,ES01,Hardware,3318728.98,3072897.2,245831.78,1397945.36
2026-09,CN01,ES01,Spare Parts,477525.76,442153.49,35372.28,944318.11
2026-09,CZ01,ES01,Spare Parts,1563598.24,1447776.14,115822.09,1397945.36
2026-09,CN01,JP01,Hardware,3058233.23,2831697.44,226535.79,1484503.64
2026-09,CZ01,JP01,Hardware,2140885.69,1982301.56,158584.13,750444.61
2026-09,CN01,JP01,Spare Parts,2323141.81,2151057.24,172084.58,1484503.64
2026-09,CZ01,JP01,Spare Parts,593774.18,549790.9,43983.27,750444.61
2026-09,CN01,US01,Hardware,4088938.57,3786054.23,302884.34,1154902.98
2026-09,CZ01,US01,Hardware,3525981.9,3264798.05,261183.84,1012683.69
