month,ebit,depreciation,ebitda,interest_expense,cash,gross_debt,ebitda_ttm,interest_ttm,net_debt,net_leverage,interest_coverage,minimum_operating_cash,rcf_limit,rcf_drawn,undrawn_rcf,liquidity_headroom,net_leverage_limit,interest_coverage_min,net_leverage_headroom,interest_coverage_headroom,covenant_status
2023-10,7766464.94,722222.22,8488687.16,108500.01999999999,53192111.58,42000000.0,8488687.16,108500.01999999999,-11192111.579999998,-1.3184737956581731,78.23673359691547,36000000.0,35000000.0,0.0,35000000.0,52192111.58,2.5,4.0,3.818473795658173,74.23673359691547,PASS
2023-11,6475045.25,722222.22,7197267.47,109014.91,24013059.31,42000000.0,15685954.629999999,217514.93,17986940.69,1.1466908526943764,72.11438143579386,36000000.0,35000000.0,0.0,35000000.0,35000000.0,2.5,4.0,1.3533091473056236,68.11438143579386,PASS
2023-12,7130460.58,722222.22,7852682.8,109499.33,26472735.45,41475000.0,23538637.43,327014.26,15002264.55,0.6373463457523506,71.98046173888564,36000000.0,35000000.0,0.0,35000000.0,35000000.0,2.5,4.0,1.8626536542476493,67.98046173888564,PASS
2024-01,3777722.41,722222.22,4499944.63,108549.45000000001,24788373.019999996,41475000.0,28038582.06,435563.71,16686626.980000004,0.5951309144054485,64.37309035686191,36000000.0,35000000.0,0.0,35000000.0,35000000.0,2.5,4.0,1.9048690855945516,60.37309035686191,PASS
2024-02,4815896.2700000005,722222.22,5538118.49,108880.54000000001,41766740.05,41475000.0,33576700.55,544444.25,-291740.049999997,-0.008688764685665252,61.67151283166274,36000000.0,35000000.0,0.0,35000000.0,40766740.05,2.5,4.0,2.5086887646856653,57.67151283166274,PASS
2024-03,4734624.14,722222.22,5456846.359999999,109097.34,53489767.72,40956562.5,39033546.91,653541.59,-12533205.219999999,-0.32108804380237144,59.72618653083731,36000000.0,35000000.0,0.0,35000000.0,52489767.72,2.5,4.0,2.8210880438023715,55.72618653083731,PASS
2024-04,5637451.92,722222.22,6359674.14,107811.06,53836171.4,40956562.5,45393221.05,761352.65,-12879608.899999999,-0.283734192068311,59.62180738452805,36000000.0,35000000.0,0.0,35000000.0,52836171.4,2.5,4.0,2.783734192068311,55.62180738452805,PASS
2024-05,5243964.399999999,722222.22,5966186.619999999,107730.81999999999,56690494.19,40956562.5,51359407.67,869083.47,-15733931.689999998,-0.30634955510186856,59.09605859837606,36000000.0,35000000.0,0.0,35000000.0,55690494.19,2.5,4.0,2.8063495551018685,55.09605859837606,PASS
2024-06,5476824.08,722222.22,6199046.3,107475.03,60178990.58,40444605.47,57558453.97,976558.5,-19734385.11,-0.34285815112903734,58.940098283922566,36000000.0,35000000.0,0.0,35000000.0,59178990.58,2.5,4.0,2.8428581511290374,54.940098283922566,PASS
2024-07,4678055.149999999,722222.22,5400277.369999999,105691.58,60248722.339999996,40444605.47,62958731.339999996,1082250.08,-19804116.869999997,-0.31455711461291336,58.17392163186534,36000000.0,35000000.0,0.0,35000000.0,59248722.339999996,2.5,4.0,2.8145571146129136,54.17392163186534,PASS
2024-08,3964626.33,722222.22,4686848.55,105053.89,67567291.47999999,40444605.47,67645579.89,1187303.97,-27122686.00999999,-0.40095281989015097,56.974104019882965,36000000.0,35000000.0,0.0,35000000.0,66567291.47999999,2.5,4.0,2.900952819890151,52.974104019882965,PASS
2024-09,6428851.45,722222.22,7151073.67,104212.26999999999,75307632.24,39939047.9,74796653.56,1291516.24,-35368584.339999996,-0.47286319182218767,57.91383123451859,36000000.0,35000000.0,0.0,35000000.0,74307632.24,2.5,4.0,2.9728631918221877,53.91383123451859,PASS
2024-10,6923357.19,722222.22,7645579.41,101875.06999999999,76828732.44,39939047.9,73953545.81,1284891.29,-36889684.54,-0.49882239094763964,57.55626673288446,36000000.0,35000000.0,0.0,35000000.0,75828732.44,2.5,4.0,2.9988223909476397,53.55626673288446,PASS
2024-11,7373268.84,722222.22,8095491.06,100639.22,82498535.71,39939047.9,74851769.39999999,1276515.6,-42559487.809999995,-0.5685835906238443,58.63756729647486,36000000.0,35000000.0,0.0,35000000.0,81498535.71,2.5,4.0,3.0685835906238443,54.63756729647486,PASS
2024-12,7481001.930000001,722222.22,8203224.15,99208.23000000001,83851011.08,39439809.81,75202310.75,1266224.5,-44411201.269999996,-0.5905563383236864,59.39097746884538,36000000.0,35000000.0,0.0,35000000.0,82851011.08,2.5,4.0,3.0905563383236863,55.39097746884538,PASS
2025-01,4315902.06,722222.22,5038124.279999999,96372.36,81451197.8,39439809.81,75740490.4,1254047.4100000001,-42011387.989999995,-0.5546754155951437,60.39683172743844,36000000.0,35000000.0,0.0,35000000.0,80451197.8,2.5,4.0,3.0546754155951437,56.39683172743844,PASS
2025-02,5525992.91,722222.22,6248215.13,94607.7,98537278.06,39439809.81,76450587.03999999,1239774.57,-59097468.25,-0.7730152316434065,61.664909806949815,36000000.0,35000000.0,0.0,35000000.0,97537278.06,2.5,4.0,3.2730152316434067,57.664909806949815,PASS
2025-03,6390956.39,722222.22,7113178.609999999,92691.32,106466355.46000001,38946812.18000001,78106919.28999999,1223368.5499999998,-67519543.28,-0.8644502163669961,63.845779990012005,36000000.0,35000000.0,0.0,35000000.0,105466355.46000001,2.5,4.0,3.364450216366996,59.845779990012005,PASS
2025-04,6370015.61,722222.22,7092237.83,89510.53,104334431.86000001,38946812.18000001,78839482.97999999,1205068.02,-65387619.68000001,-0.8293765662642353,65.42326380879312,36000000.0,35000000.0,0.0,35000000.0,103334431.86000001,2.5,4.0,3.3293765662642354,61.42326380879312,PASS
2025-05,7415579.38,722222.22,8137801.6,87381.26,113758002.30000001,38946812.18000001,81011097.96000001,1184718.46,-74811190.12,-0.9234684136356075,68.38004192152118,36000000.0,35000000.0,0.0,35000000.0,112758002.30000001,2.5,4.0,3.4234684136356073,64.38004192152118,PASS
2025-06,7402405.390000001,722222.22,8124627.61,85169.83,113784437.78000002,38459977.02,82936679.27000001,1162413.26,-75324460.76000002,-0.9082165023123431,71.34870370456717,36000000.0,35000000.0,0.0,35000000.0,112784437.78000002,2.5,4.0,3.408216502312343,67.34870370456717,PASS
2025-07,6058660.38,722222.22,6780882.6,81866.42,116502008.02000001,38459977.02,84317284.5,1138588.0999999999,-78042031.0,-0.9255757163289574,74.05424709778717,36000000.0,35000000.0,0.0,35000000.0,115502008.02000001,2.5,4.0,3.4255757163289573,70.05424709778717,PASS
2025-08,4299313.46,722222.22,5021535.68,79600.0,124914458.72000001,38459977.02,84651971.63,1113134.21,-86454481.70000002,-1.021293184733824,76.04830654697065,36000000.0,35000000.0,0.0,35000000.0,123914458.72000001,2.5,4.0,3.521293184733824,72.04830654697065,PASS
2025-09,8117999.9399999995,722222.22,8840222.16,77333.81,132241465.64000002,37979227.330000006,86341120.12,1086255.75,-94262238.31,-1.0917421291151996,79.48507533331815,36000000.0,35000000.0,0.0,35000000.0,131241465.64000002,2.5,4.0,3.5917421291151994,75.48507533331815,PASS
2025-10,8225300.919999999,722222.22,8947523.139999999,74157.09,133037927.03000002,37979227.330000006,87643063.85000001,1058537.77,-95058699.70000002,-1.0846117824302877,82.79635014818602,36000000.0,35000000.0,0.0,35000000.0,132037927.03000002,2.5,4.0,3.5846117824302874,78.79635014818602,PASS
2025-11,8461225.17,722222.22,9183447.39,72001.78,138684756.27,37979227.330000006,88731020.18,1029900.33,-100705528.94,-1.134952903006282,86.15495849001233,36000000.0,35000000.0,0.0,35000000.0,137684756.27,2.5,4.0,3.634952903006282,82.15495849001233,PASS
2025-12,8640444.23,786805.55,9427249.780000001,69927.06,140446380.22,37504487.00000001,89955045.81,1000619.1599999999,-102941893.22,-1.1443704162791533,89.89938370758362,36000000.0,35000000.0,0.0,35000000.0,139446380.22,2.5,4.0,3.6443704162791533,85.89938370758362,PASS
2026-01,4832529.11,786805.55,5619334.66,67107.73000000001,137858393.18,37504487.00000001,90536256.19,971354.53,-100353906.18,-1.1084388774525493,93.20619134807555,36000000.0,35000000.0,0.0,35000000.0,136858393.18,2.5,4.0,3.6084388774525493,89.20619134807555,PASS
2026-02,6140773.2,786805.55,6927578.75,65287.79,153335676.84,37504487.00000001,91215619.81,942034.62,-115831189.84,-1.2698613470069453,96.82830956892009,36000000.0,35000000.0,0.0,35000000.0,152335676.84,2.5,4.0,3.7698613470069455,92.82830956892009,PASS
2026-03,6919259.57,786805.55,7706065.12,63612.409999999996,164272607.73000002,37035680.900000006,91808506.32000001,912955.71,-127236926.83000001,-1.3858947490825488,100.56184031096099,36000000.0,35000000.0,0.0,35000000.0,163272607.73000002,2.5,4.0,3.885894749082549,96.56184031096099,PASS
2026-04,6171871.11,786805.55,6958676.66,61321.7,163792426.83,37035680.900000006,91674945.15,884766.8799999999,-126756745.93,-1.382675994216289,103.61480207080086,36000000.0,35000000.0,0.0,35000000.0,162792426.83,2.5,4.0,3.8826759942162887,99.61480207080086,PASS
2026-05,6772503.62,786805.55,7559309.17,59997.86,163660050.25,37035680.900000006,91096452.72000001,857383.48,-126624369.35,-1.3900032939723888,106.24936780913951,36000000.0,35000000.0,0.0,35000000.0,162660050.25,2.5,4.0,3.8900032939723888,102.24936780913951,PASS
2026-06,6911748.33,786805.55,7698553.88,58855.1,162748204.27,36572734.88,90670378.99,831068.75,-126175469.39000002,-1.3915842284492477,109.10093658316474,36000000.0,35000000.0,0.0,35000000.0,161748204.27,2.5,4.0,3.891584228449248,105.10093658316474,PASS
2026-07,6503889.31,786805.55,7290694.859999999,57175.39,168790628.22,36572734.88,91180191.25,806377.7200000001,-132217893.34,-1.4500725599212867,113.07379778548444,36000000.0,35000000.0,0.0,35000000.0,167790628.22,2.5,4.0,3.9500725599212867,109.07379778548444,PASS
2026-08,6584768.550000001,786805.55,7371574.100000001,56417.630000000005,180336812.27,36572734.88,93530229.67,783195.35,-143764077.39000002,-1.537086756840421,119.42132913582799,36000000.0,35000000.0,0.0,35000000.0,179336812.27,2.5,4.0,4.037086756840421,115.42132913582799,PASS
2026-09,9032533.68,854305.55,9886839.23,55844.22,191977842.04000002,36115575.67,94576846.74,761705.76,-155862266.37,-1.6479960132153588,124.16454188294439,36000000.0,35000000.0,0.0,35000000.0,190977842.04000002,2.5,4.0,4.147996013215359,120.16454188294439,PASS
