month,inflation,industrial_index,energy_index,policy_rate,EUR,USD,JPY,CNY,CZK,macro_source,inflation_source,industrial_index_source,energy_index_source,policy_rate_source,USD_source,JPY_source,CNY_source,CZK_source
2023-10,0.028999999999999998,98.8,115.7,0.031,1.0,0.9467414879333901,0.006312052110137776,0.12953375502458417,0.04042565077411596,official_public_sources_with_deterministic_fallback,Eurostat_HICP,Eurostat_STS,World_Bank_Pink_Sheet,deterministic_fallback,ECB_EXR,deterministic_fallback,ECB_EXR,deterministic_fallback
2023-11,0.024,100.1,106.2,0.03114711518937679,1.0,0.9252211068168001,0.006345605627551502,0.12806176768314753,0.03995423410845088,official_public_sources_with_deterministic_fallback,Eurostat_HICP,Eurostat_STS,World_Bank_Pink_Sheet,deterministic_fallback,ECB_EXR,deterministic_fallback,ECB_EXR,deterministic_fallback
2023-12,0.028999999999999998,99.2,99.6,0.031285528556366626,1.0,0.9171743307040958,0.006330303146114542,0.12841976772243546,0.039969467355405935,official_public_sources_with_deterministic_fallback,Eurostat_HICP,Eurostat_STS,World_Bank_Pink_Sheet,deterministic_fallback,ECB_EXR,deterministic_fallback,ECB_EXR,deterministic_fallback
2024-01,0.027999999999999997,98.2,101.2,0.031406715564979155,1.0,0.916999078832774,0.0063510079864661185,0.12787523097463638,0.040368874955720085,official_public_sources_with_deterministic_fallback,Eurostat_HICP,Eurostat_STS,World_Bank_Pink_Sheet,deterministic_fallback,ECB_EXR,deterministic_fallback,ECB_EXR,deterministic_fallback
2024-02,0.026000000000000002,98.6,102.2,0.031502502640076493,1.0,0.9263793126265746,0.0061505583023988555,0.12878197395783195,0.040168623383638094,official_public_sources_with_deterministic_fallback,Eurostat_HICP,Eurostat_STS,World_Bank_Pink_Sheet,deterministic_fallback,ECB_EXR,deterministic_fallback,ECB_EXR,deterministic_fallback
2024-03,0.024,97.9,104.2,0.031565233691535556,1.0,0.9197770460440389,0.006171845796847371,0.1277189773796919,0.03990665797217399,official_public_sources_with_deterministic_fallback,Eurostat_HICP,Eurostat_STS,World_Bank_Pink_Sheet,deterministic_fallback,ECB_EXR,deterministic_fallback,ECB_EXR,deterministic_fallback
2024-04,0.024,98.6,109.6,0.03158792609544019,1.0,0.9321608820905177,0.006129989440602353,0.12876981292199002,0.03971220620119073,official_public_sources_with_deterministic_fallback,Eurostat_HICP,Eurostat_STS,World_Bank_Pink_Sheet,deterministic_fallback,ECB_EXR,deterministic_fallback,ECB_EXR,deterministic_fallback
2024-05,0.026000000000000002,96.8,102.6,0.03156441295442369,1.0,0.9248788198546493,0.0061697863217153315,0.1278669068239665,0.039890218831453064,official_public_sources_with_deterministic_fallback,Eurostat_HICP,Eurostat_STS,World_Bank_Pink_Sheet,deterministic_fallback,ECB_EXR,deterministic_fallback,ECB_EXR,deterministic_fallback
2024-06,0.025,98.4,103.8,0.03148946873882337,1.0,0.9294544102611766,0.0061146367368935485,0.12812168485140446,0.03974663760329436,official_public_sources_with_deterministic_fallback,Eurostat_HICP,Eurostat_STS,World_Bank_Pink_Sheet,deterministic_fallback,ECB_EXR,deterministic_fallback,ECB_EXR,deterministic_fallback
2024-07,0.026000000000000002,97.7,106.0,0.031358915748900054,1.0,0.9221615466653614,0.00611149398476297,0.12698447752788772,0.039799375767198594,official_public_sources_with_deterministic_fallback,Eurostat_HICP,Eurostat_STS,World_Bank_Pink_Sheet,deterministic_fallback,ECB_EXR,deterministic_fallback,ECB_EXR,deterministic_fallback
2024-08,0.022000000000000002,98.2,102.6,0.031169709229116372,1.0,0.9080852609506677,0.006093229061010654,0.12700721920580046,0.039947003915617126,official_public_sources_with_deterministic_fallback,Eurostat_HICP,Eurostat_STS,World_Bank_Pink_Sheet,deterministic_fallback,ECB_EXR,deterministic_fallback,ECB_EXR,deterministic_fallback
2024-09,0.017,97.5,95.4,0.030919999400400106,1.0,0.9004141905276427,0.006088589613325753,0.12720881448048185,0.03978959523180651,official_public_sources_with_deterministic_fallback,Eurostat_HICP,Eurostat_STS,World_Bank_Pink_Sheet,deterministic_fallback,ECB_EXR,deterministic_fallback,ECB_EXR,deterministic_fallback
2024-10,0.02,97.7,97.7,0.030609169146579466,1.0,0.9170653907495977,0.005999589130702319,0.1294066480133542,0.03956053003797825,official_public_sources_with_deterministic_fallback,Eurostat_HICP,Eurostat_STS,World_Bank_Pink_Sheet,deterministic_fallback,ECB_EXR,deterministic_fallback,ECB_EXR,deterministic_fallback
2024-11,0.022000000000000002,97.8,96.5,0.03023784658718652,1.0,0.9407211299404532,0.005992978394039152,0.1305195798015359,0.03952786439236324,official_public_sources_with_deterministic_fallback,Eurostat_HICP,Eurostat_STS,World_Bank_Pink_Sheet,deterministic_fallback,ECB_EXR,deterministic_fallback,ECB_EXR,deterministic_fallback
2024-12,0.024,96.9,96.5,0.029807892280477047,1.0,0.9543122986997495,0.0060088114427711715,0.13106443324134795,0.03950607062920278,official_public_sources_with_deterministic_fallback,Eurostat_HICP,Eurostat_STS,World_Bank_Pink_Sheet,deterministic_fallback,ECB_EXR,deterministic_fallback,ECB_EXR,deterministic_fallback
2025-01,0.025,99.1,103.5,0.02932236131738575,1.0,0.9658357552396843,0.006210833587679699,0.1323451561672843,0.039486330671079845,official_public_sources_with_deterministic_fallback,Eurostat_HICP,Eurostat_STS,World_Bank_Pink_Sheet,deterministic_fallback,ECB_EXR,deterministic_fallback,ECB_EXR,deterministic_fallback
2025-02,0.023,99.7,99.2,0.028785441078694976,1.0,0.9603841536614646,0.006086390662453151,0.1320146826730069,0.03961229414516441,official_public_sources_with_deterministic_fallback,Eurostat_HICP,Eurostat_STS,World_Bank_Pink_Sheet,deterministic_fallback,ECB_EXR,deterministic_fallback,ECB_EXR,deterministic_fallback
2025-03,0.022000000000000002,102.6,95.1,0.02820236592351979,1.0,0.9253424868799247,0.0060295534500599355,0.12762683372411385,0.039795506128713756,official_public_sources_with_deterministic_fallback,Eurostat_HICP,Eurostat_STS,World_Bank_Pink_Sheet,deterministic_fallback,ECB_EXR,deterministic_fallback,ECB_EXR,deterministic_fallback
2025-04,0.022000000000000002,99.1,87.9,0.027579310547201932,1.0,0.8917464408170179,0.006012681508292254,0.12217433666971085,0.03945922534423602,official_public_sources_with_deterministic_fallback,Eurostat_HICP,Eurostat_STS,World_Bank_Pink_Sheet,deterministic_fallback,ECB_EXR,deterministic_fallback,ECB_EXR,deterministic_fallback
2025-05,0.019,99.8,84.0,0.026923264181283286,1.0,0.8866782920042731,0.005973985891942888,0.12292793262144401,0.03968675597488182,official_public_sources_with_deterministic_fallback,Eurostat_HICP,Eurostat_STS,World_Bank_Pink_Sheet,deterministic_fallback,ECB_EXR,deterministic_fallback,ECB_EXR,deterministic_fallback
2025-06,0.02,99.1,92.2,0.02624188819854307,1.0,0.8683427059212702,0.005960027612713456,0.12091856652766791,0.03962474324651969,official_public_sources_with_deterministic_fallback,Eurostat_HICP,Eurostat_STS,World_Bank_Pink_Sheet,deterministic_fallback,ECB_EXR,deterministic_fallback,ECB_EXR,deterministic_fallback
2025-07,0.02,99.4,91.7,0.0255433600241796,1.0,0.856393911411635,0.005951733713338584,0.11939759242541675,0.03958064653183463,official_public_sources_with_deterministic_fallback,Eurostat_HICP,Eurostat_STS,World_Bank_Pink_Sheet,deterministic_fallback,ECB_EXR,deterministic_fallback,ECB_EXR,deterministic_fallback
2025-08,0.02,99.3,88.1,0.02483620653320887,1.0,0.8597396217145662,0.006098543315827308,0.11984420253670232,0.03949281481680442,official_public_sources_with_deterministic_fallback,Eurostat_HICP,Eurostat_STS,World_Bank_Pink_Sheet,deterministic_fallback,ECB_EXR,deterministic_fallback,ECB_EXR,deterministic_fallback
2025-09,0.022000000000000002,98.8,87.6,0.024129130328354544,1.0,0.8523530756385868,0.006175090428998854,0.11963699959105899,0.039600715119347825,official_public_sources_with_deterministic_fallback,Eurostat_HICP,Eurostat_STS,World_Bank_Pink_Sheet,deterministic_fallback,ECB_EXR,deterministic_fallback,ECB_EXR,deterministic_fallback
2025-10,0.021,99.0,84.3,0.02343083243775323,1.0,0.8598130841121495,0.006175104796765469,0.12075785529848714,0.03974404084764371,official_public_sources_with_deterministic_fallback,Eurostat_HICP,Eurostat_STS,World_Bank_Pink_Sheet,deterministic_fallback,ECB_EXR,deterministic_fallback,ECB_EXR,deterministic_fallback
2025-11,0.021,99.7,84.0,0.0227498350447395,1.0,0.8650369370772132,0.006186137404823097,0.12172980487320928,0.039759478590855726,official_public_sources_with_deterministic_fallback,Eurostat_HICP,Eurostat_STS,World_Bank_Pink_Sheet,deterministic_fallback,ECB_EXR,deterministic_fallback,ECB_EXR,deterministic_fallback
2025-12,0.02,99.2,82.9,0.022094307861321785,1.0,0.8540647381071487,0.006129463619272662,0.12122590562967332,0.03971631711246819,official_public_sources_with_deterministic_fallback,Eurostat_HICP,Eurostat_STS,World_Bank_Pink_Sheet,deterministic_fallback,ECB_EXR,deterministic_fallback,ECB_EXR,deterministic_fallback
2026-01,0.017,97.4,92.8,0.02147190168272547,1.0,0.8519166095341638,0.006232702855739532,0.12223971090890465,0.039900602829545544,official_public_sources_with_deterministic_fallback,Eurostat_HICP,Eurostat_STS,World_Bank_Pink_Sheet,deterministic_fallback,ECB_EXR,deterministic_fallback,ECB_EXR,deterministic_fallback
2026-02,0.019,98.2,92.4,0.020889592514076214,1.0,0.8457410594598251,0.00637179286439283,0.12242674289771857,0.04004102748620423,official_public_sources_with_deterministic_fallback,Eurostat_HICP,Eurostat_STS,World_Bank_Pink_Sheet,deterministic_fallback,ECB_EXR,deterministic_fallback,ECB_EXR,deterministic_fallback
2026-03,0.026000000000000002,98.8,130.6,0.020353539444905283,1.0,0.8651777743695017,0.006296153531022951,0.12546636417866866,0.04012826033794118,official_public_sources_with_deterministic_fallback,Eurostat_HICP,Eurostat_STS,World_Bank_Pink_Sheet,deterministic_fallback,ECB_EXR,deterministic_fallback,ECB_EXR,deterministic_fallback
2026-04,0.03,99.3,146.7,0.019868959167067653,1.0,0.854233581630561,0.006390786664853502,0.12499265668141994,0.04001101955763667,official_public_sources_with_deterministic_fallback,Eurostat_HICP,Eurostat_STS,World_Bank_Pink_Sheet,deterministic_fallback,ECB_EXR,deterministic_fallback,ECB_EXR,deterministic_fallback
2026-05,0.032,99.3,133.7,0.019440019692579504,1.0,0.8566631257924134,0.0062747262340882935,0.12602124466142503,0.04008709829936434,official_public_sources_with_deterministic_fallback,Eurostat_HICP,Eurostat_STS,World_Bank_Pink_Sheet,deterministic_fallback,ECB_EXR,deterministic_fallback,ECB_EXR,deterministic_fallback
2026-06,0.027000000000000003,99.0,109.9,0.019069755436712493,1.0,0.8682062858135093,0.00635823131656954,0.12813187798816644,0.04028889532327464,official_public_sources_with_deterministic_fallback,Eurostat_HICP,Eurostat_STS,World_Bank_Pink_Sheet,deterministic_fallback,ECB_EXR,deterministic_fallback,ECB_EXR,deterministic_fallback
2026-07,0.028999999999999998,98.7,108.8,0.01876000539639762,1.0,0.8758501458480897,0.006486596106669564,0.12924811873743697,0.040469416057960284,official_public_sources_with_deterministic_fallback,Eurostat_HICP,Eurostat_STS,World_Bank_Pink_Sheet,deterministic_fallback,ECB_EXR,deterministic_fallback,ECB_EXR,deterministic_fallback
2026-08,0.032,105.60811697233355,118.5,0.01851137568345966,1.0,0.8625824074264236,0.006514371285316378,0.12805479281649199,0.040387618401410766,official_public_sources_with_deterministic_fallback,Eurostat_HICP,deterministic_fallback,World_Bank_Pink_Sheet,deterministic_fallback,ECB_EXR,deterministic_fallback,ECB_EXR,deterministic_fallback
2026-09,0.038,104.66736914849801,148.9,0.018323227176010586,1.0,0.8685661946140998,0.006576336949379142,0.12946347394047386,0.04032336557410084,official_public_sources_with_deterministic_fallback,Eurostat_HICP,deterministic_fallback,World_Bank_Pink_Sheet,deterministic_fallback,ECB_EXR,deterministic_fallback,ECB_EXR,deterministic_fallback
