review_id,review_month,scope_level,entity,division,category,metric,comparison,unit,actual_value,benchmark_value,variance,materiality_pct,favorable,severity,action_required,source_dataset,source_key,headline,explanation
REV-202609-COMMERCIAL-DRIVERS-DIVISION-ALL-EVENTS-MIX-EFFECT,2026-09,Division,All,Events,Commercial Drivers,Mix effect,Prior year,EUR,-3746337.6179,0.0,-3746337.6179,0.587373,False,Critical,True,price_volume_mix.csv,2026-09|Events|mix_effect,Events mix reduced year-on-year revenue by €3.7m.,"The mix effect explains €3.7m of the revenue bridge versus the prior year. Price, volume and mix reconcile exactly to the reported revenue change."
REV-202609-MONTHLY-P-L-VS-BUDGET-DIVISION-ALL-SOFTWARE-OPEX,2026-09,Division,All,Software,Monthly P&L vs Budget,OPEX,Budget,EUR,540360.83,493770.81,46590.02,0.094356,False,High,False,budget_performance.csv,2026-09|All|Software|opex,Software OPEX was €46.6k above budget.,Actual opex was €540.4k versus €493.8k budget. The variance represents 9.4% of the benchmark.
REV-202609-MONTHLY-P-L-VS-BUDGET-DIVISION-ALL-EVENTS-OPEX,2026-09,Division,All,Events,Monthly P&L vs Budget,OPEX,Budget,EUR,996821.61,929353.1,67468.51,0.072597,False,High,False,budget_performance.csv,2026-09|All|Events|opex,Events OPEX was €67.5k above budget.,Actual opex was €996.8k versus €929.4k budget. The variance represents 7.3% of the benchmark.
REV-202609-MONTHLY-P-L-VS-BUDGET-DIVISION-ALL-SPARE-PARTS-OPEX,2026-09,Division,All,Spare Parts,Monthly P&L vs Budget,OPEX,Budget,EUR,563241.22,534038.72,29202.5,0.054682,False,High,False,budget_performance.csv,2026-09|All|Spare Parts|opex,Spare Parts OPEX was €29.2k above budget.,Actual opex was €563.2k versus €534.0k budget. The variance represents 5.5% of the benchmark.
REV-202609-MONTHLY-P-L-VS-BUDGET-DIVISION-ALL-HARDWARE-OPEX,2026-09,Division,All,Hardware,Monthly P&L vs Budget,OPEX,Budget,EUR,2303607.02,2187123.12,116483.9,0.053259,False,High,False,budget_performance.csv,2026-09|All|Hardware|opex,Hardware OPEX was €116.5k above budget.,Actual opex was €2.3m versus €2.2m budget. The variance represents 5.3% of the benchmark.
REV-202609-FX-TRANSLATION-DIVISION-ALL-SPARE-PARTS-REVENUE-FX-EFFECT,2026-09,Division,All,Spare Parts,FX Translation,Revenue FX effect,Prior-year FX,EUR,-118500.42,0.0,-118500.42,0.02139,False,Low,False,constant_currency_analysis.csv,2026-09|All|Spare Parts|revenue_fx_effect,FX translation reduced spare parts revenue by €118.5k.,Reported performance differs from the close translated at prior-year FX by €118.5k. This is a translation view and does not represent a cash remeasurement gain or loss.
REV-202609-FX-TRANSLATION-DIVISION-ALL-SPARE-PARTS-EBIT-FX-EFFECT,2026-09,Division,All,Spare Parts,FX Translation,EBIT FX effect,Prior-year FX,EUR,-36014.3,0.0,-36014.3,0.020683,False,Low,False,constant_currency_analysis.csv,2026-09|All|Spare Parts|ebit_fx_effect,FX translation reduced spare parts ebit by €36.0k.,Reported performance differs from the close translated at prior-year FX by €36.0k. This is a translation view and does not represent a cash remeasurement gain or loss.
REV-202609-MONTHLY-P-L-VS-BUDGET-DIVISION-ALL-SOFTWARE-EBIT,2026-09,Division,All,Software,Monthly P&L vs Budget,EBIT,Budget,EUR,1489211.6362,1516934.63,-27722.9938,0.018276,False,Low,False,budget_performance.csv,2026-09|All|Software|ebit,Software ebit missed budget by €27.7k.,Actual ebit was €1.5m versus €1.5m budget. The variance represents 1.8% of the benchmark.
REV-202609-COMMERCIAL-DRIVERS-DIVISION-ALL-SPARE-PARTS-MIX-EFFECT,2026-09,Division,All,Spare Parts,Commercial Drivers,Mix effect,Prior year,EUR,-40105.608,0.0,-40105.608,0.007397,False,Low,False,price_volume_mix.csv,2026-09|Spare Parts|mix_effect,Spare Parts mix reduced year-on-year revenue by €40.1k.,"The mix effect explains €40.1k of the revenue bridge versus the prior year. Price, volume and mix reconcile exactly to the reported revenue change."
REV-202609-FX-TRANSLATION-DIVISION-ALL-SOFTWARE-EBIT-FX-EFFECT,2026-09,Division,All,Software,FX Translation,EBIT FX effect,Prior-year FX,EUR,-4610.32,0.0,-4610.32,0.003086,False,Low,False,constant_currency_analysis.csv,2026-09|All|Software|ebit_fx_effect,FX translation reduced software ebit by €4.6k.,Reported performance differs from the close translated at prior-year FX by €4.6k. This is a translation view and does not represent a cash remeasurement gain or loss.
REV-202609-FX-TRANSLATION-DIVISION-ALL-HARDWARE-EBIT-FX-EFFECT,2026-09,Division,All,Hardware,FX Translation,EBIT FX effect,Prior-year FX,EUR,-10539.31,0.0,-10539.31,0.002818,False,Low,False,constant_currency_analysis.csv,2026-09|All|Hardware|ebit_fx_effect,FX translation reduced hardware ebit by €10.5k.,Reported performance differs from the close translated at prior-year FX by €10.5k. This is a translation view and does not represent a cash remeasurement gain or loss.
REV-202609-FX-TRANSLATION-DIVISION-ALL-SOFTWARE-REVENUE-FX-EFFECT,2026-09,Division,All,Software,FX Translation,Revenue FX effect,Prior-year FX,EUR,-7006.73,0.0,-7006.73,0.002459,False,Low,False,constant_currency_analysis.csv,2026-09|All|Software|revenue_fx_effect,FX translation reduced software revenue by €7.0k.,Reported performance differs from the close translated at prior-year FX by €7.0k. This is a translation view and does not represent a cash remeasurement gain or loss.
REV-202609-FX-TRANSLATION-DIVISION-ALL-HARDWARE-REVENUE-FX-EFFECT,2026-09,Division,All,Hardware,FX Translation,Revenue FX effect,Prior-year FX,EUR,-27199.75,0.0,-27199.75,0.001265,False,Low,False,constant_currency_analysis.csv,2026-09|All|Hardware|revenue_fx_effect,FX translation reduced hardware revenue by €27.2k.,Reported performance differs from the close translated at prior-year FX by €27.2k. This is a translation view and does not represent a cash remeasurement gain or loss.
REV-202609-COMMERCIAL-DRIVERS-DIVISION-ALL-EVENTS-PRICE-EFFECT,2026-09,Division,All,Events,Commercial Drivers,Price effect,Prior year,EUR,3401652.4359,0.0,3401652.4359,0.533331,True,Critical,False,price_volume_mix.csv,2026-09|Events|price_effect,Events price added year-on-year revenue by €3.4m.,"The price effect explains €3.4m of the revenue bridge versus the prior year. Price, volume and mix reconcile exactly to the reported revenue change."
REV-202609-MONTHLY-P-L-VS-BUDGET-DIVISION-ALL-EVENTS-EBIT,2026-09,Division,All,Events,Monthly P&L vs Budget,EBIT,Budget,EUR,1464415.2669,1180143.09,284272.1769,0.240879,True,Critical,False,budget_performance.csv,2026-09|All|Events|ebit,Events ebit exceeded budget by €284.3k.,Actual ebit was €1.5m versus €1.2m budget. The variance represents 24.1% of the benchmark.
REV-202609-MONTHLY-P-L-VS-BUDGET-DIVISION-ALL-EVENTS-REVENUE,2026-09,Division,All,Events,Monthly P&L vs Budget,Revenue,Budget,EUR,6378127.81,5192844.79,1185283.02,0.228253,True,Critical,False,budget_performance.csv,2026-09|All|Events|revenue,Events revenue exceeded budget by €1.2m.,Actual revenue was €6.4m versus €5.2m budget. The variance represents 22.8% of the benchmark.
REV-202609-MONTHLY-P-L-VS-BUDGET-DIVISION-ALL-HARDWARE-EBIT,2026-09,Division,All,Hardware,Monthly P&L vs Budget,EBIT,Budget,EUR,3729450.8653,3139593.45,589857.4153,0.187877,True,Critical,False,budget_performance.csv,2026-09|All|Hardware|ebit,Hardware ebit exceeded budget by €589.9k.,Actual ebit was €3.7m versus €3.1m budget. The variance represents 18.8% of the benchmark.
REV-202609-MONTHLY-P-L-VS-BUDGET-DIVISION-ALL-EVENTS-GROSS-PROFIT,2026-09,Division,All,Events,Monthly P&L vs Budget,Gross profit,Budget,EUR,2497906.66,2145667.62,352239.04,0.164163,True,Critical,False,budget_performance.csv,2026-09|All|Events|gross_profit,Events gross profit exceeded budget by €352.2k.,Actual gross profit was €2.5m versus €2.1m budget. The variance represents 16.4% of the benchmark.
REV-202609-COMMERCIAL-DRIVERS-DIVISION-ALL-EVENTS-VOLUME-EFFECT,2026-09,Division,All,Events,Commercial Drivers,Volume effect,Prior year,EUR,944325.2621,0.0,944325.2621,0.148057,True,High,False,price_volume_mix.csv,2026-09|Events|volume_effect,Events volume added year-on-year revenue by €944.3k.,"The volume effect explains €944.3k of the revenue bridge versus the prior year. Price, volume and mix reconcile exactly to the reported revenue change."
REV-202609-MONTHLY-P-L-VS-BUDGET-DIVISION-ALL-HARDWARE-GROSS-PROFIT,2026-09,Division,All,Hardware,Monthly P&L vs Budget,Gross profit,Budget,EUR,6791428.83,5965985.82,825443.01,0.138358,True,High,False,budget_performance.csv,2026-09|All|Hardware|gross_profit,Hardware gross profit exceeded budget by €825.4k.,Actual gross profit was €6.8m versus €6.0m budget. The variance represents 13.8% of the benchmark.
REV-202609-MONTHLY-P-L-VS-BUDGET-DIVISION-ALL-HARDWARE-REVENUE,2026-09,Division,All,Hardware,Monthly P&L vs Budget,Revenue,Budget,EUR,21482686.67,19433397.9,2049288.77,0.105452,True,High,False,budget_performance.csv,2026-09|All|Hardware|revenue,Hardware revenue exceeded budget by €2.0m.,Actual revenue was €21.5m versus €19.4m budget. The variance represents 10.5% of the benchmark.
REV-202609-COMMERCIAL-DRIVERS-DIVISION-ALL-SOFTWARE-VOLUME-EFFECT,2026-09,Division,All,Software,Commercial Drivers,Volume effect,Prior year,EUR,271488.7275,0.0,271488.7275,0.095506,True,High,False,price_volume_mix.csv,2026-09|Software|volume_effect,Software volume added year-on-year revenue by €271.5k.,"The volume effect explains €271.5k of the revenue bridge versus the prior year. Price, volume and mix reconcile exactly to the reported revenue change."
REV-202609-COMMERCIAL-DRIVERS-DIVISION-ALL-HARDWARE-VOLUME-EFFECT,2026-09,Division,All,Hardware,Commercial Drivers,Volume effect,Prior year,EUR,1678049.8055,0.0,1678049.8055,0.078112,True,High,False,price_volume_mix.csv,2026-09|Hardware|volume_effect,Hardware volume added year-on-year revenue by €1.7m.,"The volume effect explains €1.7m of the revenue bridge versus the prior year. Price, volume and mix reconcile exactly to the reported revenue change."
REV-202609-MONTHLY-P-L-VS-BUDGET-DIVISION-ALL-SPARE-PARTS-REVENUE,2026-09,Division,All,Spare Parts,Monthly P&L vs Budget,Revenue,Budget,EUR,5421583.33,5049449.49,372133.84,0.073698,True,High,False,budget_performance.csv,2026-09|All|Spare Parts|revenue,Spare Parts revenue exceeded budget by €372.1k.,Actual revenue was €5.4m versus €5.0m budget. The variance represents 7.4% of the benchmark.
REV-202609-COMMERCIAL-DRIVERS-DIVISION-ALL-SPARE-PARTS-VOLUME-EFFECT,2026-09,Division,All,Spare Parts,Commercial Drivers,Volume effect,Prior year,EUR,393181.0163,0.0,393181.0163,0.072521,True,High,False,price_volume_mix.csv,2026-09|Spare Parts|volume_effect,Spare Parts volume added year-on-year revenue by €393.2k.,"The volume effect explains €393.2k of the revenue bridge versus the prior year. Price, volume and mix reconcile exactly to the reported revenue change."
REV-202609-MONTHLY-P-L-VS-BUDGET-DIVISION-ALL-SOFTWARE-REVENUE,2026-09,Division,All,Software,Monthly P&L vs Budget,Revenue,Budget,EUR,2842627.0,2683828.65,158798.35,0.059169,True,High,False,budget_performance.csv,2026-09|All|Software|revenue,Software revenue exceeded budget by €158.8k.,Actual revenue was €2.8m versus €2.7m budget. The variance represents 5.9% of the benchmark.
REV-202609-MONTHLY-P-L-VS-BUDGET-DIVISION-ALL-SPARE-PARTS-GROSS-PROFIT,2026-09,Division,All,Spare Parts,Monthly P&L vs Budget,Gross profit,Budget,EUR,2306002.46,2218723.98,87278.48,0.039337,True,Medium,False,budget_performance.csv,2026-09|All|Spare Parts|gross_profit,Spare Parts gross profit exceeded budget by €87.3k.,Actual gross profit was €2.3m versus €2.2m budget. The variance represents 3.9% of the benchmark.
REV-202609-MONTHLY-P-L-VS-BUDGET-DIVISION-ALL-SPARE-PARTS-EBIT,2026-09,Division,All,Spare Parts,Monthly P&L vs Budget,EBIT,Budget,EUR,1705273.4916,1641130.65,64142.8416,0.039085,True,Medium,False,budget_performance.csv,2026-09|All|Spare Parts|ebit,Spare Parts ebit exceeded budget by €64.1k.,Actual ebit was €1.7m versus €1.6m budget. The variance represents 3.9% of the benchmark.
REV-202609-COMMERCIAL-DRIVERS-DIVISION-ALL-SOFTWARE-PRICE-EFFECT,2026-09,Division,All,Software,Commercial Drivers,Price effect,Prior year,EUR,110200.0834,0.0,110200.0834,0.038767,True,Medium,False,price_volume_mix.csv,2026-09|Software|price_effect,Software price added year-on-year revenue by €110.2k.,"The price effect explains €110.2k of the revenue bridge versus the prior year. Price, volume and mix reconcile exactly to the reported revenue change."
REV-202609-COMMERCIAL-DRIVERS-DIVISION-ALL-HARDWARE-PRICE-EFFECT,2026-09,Division,All,Hardware,Commercial Drivers,Price effect,Prior year,EUR,723225.6911,0.0,723225.6911,0.033666,True,Medium,False,price_volume_mix.csv,2026-09|Hardware|price_effect,Hardware price added year-on-year revenue by €723.2k.,"The price effect explains €723.2k of the revenue bridge versus the prior year. Price, volume and mix reconcile exactly to the reported revenue change."
REV-202609-COMMERCIAL-DRIVERS-DIVISION-ALL-SPARE-PARTS-PRICE-EFFECT,2026-09,Division,All,Spare Parts,Commercial Drivers,Price effect,Prior year,EUR,179907.7917,0.0,179907.7917,0.033184,True,Medium,False,price_volume_mix.csv,2026-09|Spare Parts|price_effect,Spare Parts price added year-on-year revenue by €179.9k.,"The price effect explains €179.9k of the revenue bridge versus the prior year. Price, volume and mix reconcile exactly to the reported revenue change."
REV-202609-MONTHLY-P-L-VS-BUDGET-DIVISION-ALL-SOFTWARE-GROSS-PROFIT,2026-09,Division,All,Software,Monthly P&L vs Budget,Gross profit,Budget,EUR,2051349.54,2035349.66,15999.88,0.007861,True,Low,False,budget_performance.csv,2026-09|All|Software|gross_profit,Software gross profit exceeded budget by €16.0k.,Actual gross profit was €2.1m versus €2.0m budget. The variance represents 0.8% of the benchmark.
REV-202609-FX-TRANSLATION-DIVISION-ALL-EVENTS-REVENUE-FX-EFFECT,2026-09,Division,All,Events,FX Translation,Revenue FX effect,Prior-year FX,EUR,46574.66,0.0,46574.66,0.007356,True,Low,False,constant_currency_analysis.csv,2026-09|All|Events|revenue_fx_effect,FX translation increased events revenue by €46.6k.,Reported performance differs from the close translated at prior-year FX by €46.6k. This is a translation view and does not represent a cash remeasurement gain or loss.
REV-202609-FX-TRANSLATION-DIVISION-ALL-EVENTS-EBIT-FX-EFFECT,2026-09,Division,All,Events,FX Translation,EBIT FX effect,Prior-year FX,EUR,9287.74,0.0,9287.74,0.006383,True,Low,False,constant_currency_analysis.csv,2026-09|All|Events|ebit_fx_effect,FX translation increased events ebit by €9.3k.,Reported performance differs from the close translated at prior-year FX by €9.3k. This is a translation view and does not represent a cash remeasurement gain or loss.
REV-202609-COMMERCIAL-DRIVERS-DIVISION-ALL-HARDWARE-MIX-EFFECT,2026-09,Division,All,Hardware,Commercial Drivers,Mix effect,Prior year,EUR,64961.0134,0.0,64961.0134,0.003024,True,Low,False,price_volume_mix.csv,2026-09|Hardware|mix_effect,Hardware mix added year-on-year revenue by €65.0k.,"The mix effect explains €65.0k of the revenue bridge versus the prior year. Price, volume and mix reconcile exactly to the reported revenue change."
REV-202609-COMMERCIAL-DRIVERS-DIVISION-ALL-SOFTWARE-MIX-EFFECT,2026-09,Division,All,Software,Commercial Drivers,Mix effect,Prior year,EUR,4255.8791,0.0,4255.8791,0.001497,True,Low,False,price_volume_mix.csv,2026-09|Software|mix_effect,Software mix added year-on-year revenue by €4.3k.,"The mix effect explains €4.3k of the revenue bridge versus the prior year. Price, volume and mix reconcile exactly to the reported revenue change."
REV-202609-MONTHLY-P-L-VS-BUDGET-ENTITY-ES01-ALL-OPEX,2026-09,Entity,ES01,All,Monthly P&L vs Budget,OPEX,Budget,EUR,1123273.94,1007664.65,115609.29,0.11473,False,High,False,budget_performance.csv,2026-09|ES01|All|opex,ES01 OPEX was €115.6k above budget.,Actual opex was €1.1m versus €1.0m budget. The variance represents 11.5% of the benchmark.
REV-202609-MONTHLY-P-L-VS-BUDGET-ENTITY-JP01-ALL-OPEX,2026-09,Entity,JP01,All,Monthly P&L vs Budget,OPEX,Budget,EUR,891002.33,819927.0,71075.33,0.086685,False,High,False,budget_performance.csv,2026-09|JP01|All|opex,JP01 OPEX was €71.1k above budget.,Actual opex was €891.0k versus €819.9k budget. The variance represents 8.7% of the benchmark.
REV-202609-FX-TRANSLATION-ENTITY-CN01-ALL-EBIT-FX-EFFECT,2026-09,Entity,CN01,All,FX Translation,EBIT FX effect,Prior-year FX,EUR,-283.48,0.0,-283.48,0.082137,False,High,False,constant_currency_analysis.csv,2026-09|CN01|All|ebit_fx_effect,FX translation reduced cn01 ebit by €283.,Reported performance differs from the close translated at prior-year FX by €283. This is a translation view and does not represent a cash remeasurement gain or loss.
REV-202609-MONTHLY-P-L-VS-BUDGET-ENTITY-DE01-ALL-EBIT,2026-09,Entity,DE01,All,Monthly P&L vs Budget,EBIT,Budget,EUR,1419581.26,1524648.75,-105067.49,0.068913,False,High,False,budget_performance.csv,2026-09|DE01|All|ebit,DE01 ebit missed budget by €105.1k.,Actual ebit was €1.4m versus €1.5m budget. The variance represents 6.9% of the benchmark.
REV-202609-MONTHLY-P-L-VS-BUDGET-ENTITY-DE01-ALL-OPEX,2026-09,Entity,DE01,All,Monthly P&L vs Budget,OPEX,Budget,EUR,789882.51,750270.23,39612.28,0.052797,False,High,False,budget_performance.csv,2026-09|DE01|All|opex,DE01 OPEX was €39.6k above budget.,Actual opex was €789.9k versus €750.3k budget. The variance represents 5.3% of the benchmark.
REV-202609-FX-TRANSLATION-ENTITY-JP01-ALL-EBIT-FX-EFFECT,2026-09,Entity,JP01,All,FX Translation,EBIT FX effect,Prior-year FX,EUR,-79891.5,0.0,-79891.5,0.036077,False,Medium,False,constant_currency_analysis.csv,2026-09|JP01|All|ebit_fx_effect,FX translation reduced jp01 ebit by €79.9k.,Reported performance differs from the close translated at prior-year FX by €79.9k. This is a translation view and does not represent a cash remeasurement gain or loss.
REV-202609-FX-TRANSLATION-ENTITY-JP01-ALL-REVENUE-FX-EFFECT,2026-09,Entity,JP01,All,FX Translation,Revenue FX effect,Prior-year FX,EUR,-294083.86,0.0,-294083.86,0.036077,False,Medium,False,constant_currency_analysis.csv,2026-09|JP01|All|revenue_fx_effect,FX translation reduced jp01 revenue by €294.1k.,Reported performance differs from the close translated at prior-year FX by €294.1k. This is a translation view and does not represent a cash remeasurement gain or loss.
REV-202609-MONTHLY-P-L-VS-BUDGET-ENTITY-DE01-ALL-GROSS-PROFIT,2026-09,Entity,DE01,All,Monthly P&L vs Budget,Gross profit,Budget,EUR,2271963.77,2342981.29,-71017.52,0.030311,False,Medium,False,budget_performance.csv,2026-09|DE01|All|gross_profit,DE01 gross profit missed budget by €71.0k.,Actual gross profit was €2.3m versus €2.3m budget. The variance represents 3.0% of the benchmark.
REV-202609-MONTHLY-P-L-VS-BUDGET-ENTITY-US01-ALL-OPEX,2026-09,Entity,US01,All,Monthly P&L vs Budget,OPEX,Budget,EUR,1599871.9,1566423.87,33448.03,0.021353,False,Low,False,budget_performance.csv,2026-09|US01|All|opex,US01 OPEX was €33.4k above budget.,Actual opex was €1.6m versus €1.6m budget. The variance represents 2.1% of the benchmark.
REV-202609-MONTHLY-P-L-VS-BUDGET-ENTITY-US01-ALL-EBIT,2026-09,Entity,US01,All,Monthly P&L vs Budget,EBIT,Budget,EUR,2038216.64,2042923.21,-4706.57,0.002304,False,Low,False,budget_performance.csv,2026-09|US01|All|ebit,US01 ebit missed budget by €4.7k.,Actual ebit was €2.0m versus €2.0m budget. The variance represents 0.2% of the benchmark.
REV-202609-MONTHLY-P-L-VS-BUDGET-ENTITY-CZ01-ALL-GROSS-PROFIT,2026-09,Entity,CZ01,All,Monthly P&L vs Budget,Gross profit,Budget,EUR,422788.52,-4596.92,427385.44,92.972129,True,Critical,False,budget_performance.csv,2026-09|CZ01|All|gross_profit,CZ01 gross profit exceeded budget by €427.4k.,Actual gross profit was €422.8k versus €4.6k budget. The variance represents 9297.2% of the benchmark.
REV-202609-MONTHLY-P-L-VS-BUDGET-ENTITY-CN01-ALL-GROSS-PROFIT,2026-09,Entity,CN01,All,Monthly P&L vs Budget,Gross profit,Budget,EUR,299876.33,-199508.46,499384.79,2.503076,True,Critical,False,budget_performance.csv,2026-09|CN01|All|gross_profit,CN01 gross profit exceeded budget by €499.4k.,Actual gross profit was €299.9k versus €199.5k budget. The variance represents 250.3% of the benchmark.
REV-202609-MONTHLY-P-L-VS-BUDGET-ENTITY-CZ01-ALL-EBIT,2026-09,Entity,CZ01,All,Monthly P&L vs Budget,EBIT,Budget,EUR,122094.08,-240708.03,362802.11,1.507229,True,Critical,False,budget_performance.csv,2026-09|CZ01|All|ebit,CZ01 ebit exceeded budget by €362.8k.,Actual ebit was €122.1k versus €240.7k budget. The variance represents 150.7% of the benchmark.
REV-202609-MONTHLY-P-L-VS-BUDGET-ENTITY-CN01-ALL-EBIT,2026-09,Entity,CN01,All,Monthly P&L vs Budget,EBIT,Budget,EUR,-3734.78,-435619.57,431884.79,0.991427,True,Critical,False,budget_performance.csv,2026-09|CN01|All|ebit,CN01 ebit exceeded budget by €431.9k.,Actual ebit was €3.7k versus €435.6k budget. The variance represents 99.1% of the benchmark.
REV-202609-MONTHLY-P-L-VS-BUDGET-ENTITY-ES01-ALL-REVENUE,2026-09,Entity,ES01,All,Monthly P&L vs Budget,Revenue,Budget,EUR,11457257.57,9715617.16,1741640.41,0.179262,True,Critical,False,budget_performance.csv,2026-09|ES01|All|revenue,ES01 revenue exceeded budget by €1.7m.,Actual revenue was €11.5m versus €9.7m budget. The variance represents 17.9% of the benchmark.
REV-202609-MONTHLY-P-L-VS-BUDGET-ENTITY-JP01-ALL-REVENUE,2026-09,Entity,JP01,All,Monthly P&L vs Budget,Revenue,Budget,EUR,7857472.15,6968374.22,889097.93,0.12759,True,High,False,budget_performance.csv,2026-09|JP01|All|revenue,JP01 revenue exceeded budget by €889.1k.,Actual revenue was €7.9m versus €7.0m budget. The variance represents 12.8% of the benchmark.
REV-202609-MONTHLY-P-L-VS-BUDGET-ENTITY-DE01-ALL-REVENUE,2026-09,Entity,DE01,All,Monthly P&L vs Budget,Revenue,Budget,EUR,6741386.0,6219384.29,522001.71,0.083931,True,High,False,budget_performance.csv,2026-09|DE01|All|revenue,DE01 revenue exceeded budget by €522.0k.,Actual revenue was €6.7m versus €6.2m budget. The variance represents 8.4% of the benchmark.
REV-202609-MONTHLY-P-L-VS-BUDGET-ENTITY-ES01-ALL-GROSS-PROFIT,2026-09,Entity,ES01,All,Monthly P&L vs Budget,Gross profit,Budget,EUR,3863388.92,3571512.89,291876.03,0.081723,True,High,False,budget_performance.csv,2026-09|ES01|All|gross_profit,ES01 gross profit exceeded budget by €291.9k.,Actual gross profit was €3.9m versus €3.6m budget. The variance represents 8.2% of the benchmark.
REV-202609-MONTHLY-P-L-VS-BUDGET-ENTITY-ES01-ALL-EBIT,2026-09,Entity,ES01,All,Monthly P&L vs Budget,EBIT,Budget,EUR,2677614.98,2496493.19,181121.79,0.07255,True,High,False,budget_performance.csv,2026-09|ES01|All|ebit,ES01 ebit exceeded budget by €181.1k.,Actual ebit was €2.7m versus €2.5m budget. The variance represents 7.3% of the benchmark.
REV-202609-MONTHLY-P-L-VS-BUDGET-ENTITY-US01-ALL-REVENUE,2026-09,Entity,US01,All,Monthly P&L vs Budget,Revenue,Budget,EUR,10068909.09,9456145.16,612763.93,0.064801,True,High,False,budget_performance.csv,2026-09|US01|All|revenue,US01 revenue exceeded budget by €612.8k.,Actual revenue was €10.1m versus €9.5m budget. The variance represents 6.5% of the benchmark.
REV-202609-MONTHLY-P-L-VS-BUDGET-ENTITY-JP01-ALL-GROSS-PROFIT,2026-09,Entity,JP01,All,Monthly P&L vs Budget,Gross profit,Budget,EUR,3088081.41,2978296.24,109785.17,0.036862,True,Medium,False,budget_performance.csv,2026-09|JP01|All|gross_profit,JP01 gross profit exceeded budget by €109.8k.,Actual gross profit was €3.1m versus €3.0m budget. The variance represents 3.7% of the benchmark.
REV-202609-MONTHLY-P-L-VS-BUDGET-ENTITY-JP01-ALL-EBIT,2026-09,Entity,JP01,All,Monthly P&L vs Budget,EBIT,Budget,EUR,2134579.08,2090064.27,44514.81,0.021298,True,Low,False,budget_performance.csv,2026-09|JP01|All|ebit,JP01 ebit exceeded budget by €44.5k.,Actual ebit was €2.1m versus €2.1m budget. The variance represents 2.1% of the benchmark.
REV-202609-FX-TRANSLATION-ENTITY-US01-ALL-EBIT-FX-EFFECT,2026-09,Entity,US01,All,FX Translation,EBIT FX effect,Prior-year FX,EUR,38046.45,0.0,38046.45,0.019022,True,Low,False,constant_currency_analysis.csv,2026-09|US01|All|ebit_fx_effect,FX translation increased us01 ebit by €38.0k.,Reported performance differs from the close translated at prior-year FX by €38.0k. This is a translation view and does not represent a cash remeasurement gain or loss.
REV-202609-FX-TRANSLATION-ENTITY-US01-ALL-REVENUE-FX-EFFECT,2026-09,Entity,US01,All,FX Translation,Revenue FX effect,Prior-year FX,EUR,187951.62,0.0,187951.62,0.019022,True,Low,False,constant_currency_analysis.csv,2026-09|US01|All|revenue_fx_effect,FX translation increased us01 revenue by €188.0k.,Reported performance differs from the close translated at prior-year FX by €188.0k. This is a translation view and does not represent a cash remeasurement gain or loss.
REV-202609-MONTHLY-P-L-VS-BUDGET-ENTITY-US01-ALL-GROSS-PROFIT,2026-09,Entity,US01,All,Monthly P&L vs Budget,Gross profit,Budget,EUR,3700588.54,3677042.04,23546.5,0.006404,True,Low,False,budget_performance.csv,2026-09|US01|All|gross_profit,US01 gross profit exceeded budget by €23.5k.,Actual gross profit was €3.7m versus €3.7m budget. The variance represents 0.6% of the benchmark.
REV-202609-FX-TRANSLATION-ENTITY-CZ01-ALL-EBIT-FX-EFFECT,2026-09,Entity,CZ01,All,FX Translation,EBIT FX effect,Prior-year FX,EUR,252.34,0.0,252.34,0.002071,True,Low,False,constant_currency_analysis.csv,2026-09|CZ01|All|ebit_fx_effect,FX translation increased cz01 ebit by €252.,Reported performance differs from the close translated at prior-year FX by €252. This is a translation view and does not represent a cash remeasurement gain or loss.
REV-202609-FX-TRANSLATION-ENTITY-DE01-ALL-EBIT-FX-EFFECT,2026-09,Entity,DE01,All,FX Translation,EBIT FX effect,Prior-year FX,EUR,0.0,0.0,0.0,0.0,True,Low,False,constant_currency_analysis.csv,2026-09|DE01|All|ebit_fx_effect,FX translation increased de01 ebit by €0.,Reported performance differs from the close translated at prior-year FX by €0. This is a translation view and does not represent a cash remeasurement gain or loss.
REV-202609-FX-TRANSLATION-ENTITY-ES01-ALL-EBIT-FX-EFFECT,2026-09,Entity,ES01,All,FX Translation,EBIT FX effect,Prior-year FX,EUR,0.0,0.0,0.0,0.0,True,Low,False,constant_currency_analysis.csv,2026-09|ES01|All|ebit_fx_effect,FX translation increased es01 ebit by €0.,Reported performance differs from the close translated at prior-year FX by €0. This is a translation view and does not represent a cash remeasurement gain or loss.
REV-202609-FX-TRANSLATION-ENTITY-CN01-ALL-REVENUE-FX-EFFECT,2026-09,Entity,CN01,All,FX Translation,Revenue FX effect,Prior-year FX,EUR,0.0,0.0,0.0,0.0,True,Low,False,constant_currency_analysis.csv,2026-09|CN01|All|revenue_fx_effect,FX translation increased cn01 revenue by €0.,Reported performance differs from the close translated at prior-year FX by €0. This is a translation view and does not represent a cash remeasurement gain or loss.
REV-202609-FX-TRANSLATION-ENTITY-CZ01-ALL-REVENUE-FX-EFFECT,2026-09,Entity,CZ01,All,FX Translation,Revenue FX effect,Prior-year FX,EUR,0.0,0.0,0.0,0.0,True,Low,False,constant_currency_analysis.csv,2026-09|CZ01|All|revenue_fx_effect,FX translation increased cz01 revenue by €0.,Reported performance differs from the close translated at prior-year FX by €0. This is a translation view and does not represent a cash remeasurement gain or loss.
REV-202609-FX-TRANSLATION-ENTITY-DE01-ALL-REVENUE-FX-EFFECT,2026-09,Entity,DE01,All,FX Translation,Revenue FX effect,Prior-year FX,EUR,0.0,0.0,0.0,0.0,True,Low,False,constant_currency_analysis.csv,2026-09|DE01|All|revenue_fx_effect,FX translation increased de01 revenue by €0.,Reported performance differs from the close translated at prior-year FX by €0. This is a translation view and does not represent a cash remeasurement gain or loss.
REV-202609-FX-TRANSLATION-ENTITY-ES01-ALL-REVENUE-FX-EFFECT,2026-09,Entity,ES01,All,FX Translation,Revenue FX effect,Prior-year FX,EUR,0.0,0.0,0.0,0.0,True,Low,False,constant_currency_analysis.csv,2026-09|ES01|All|revenue_fx_effect,FX translation increased es01 revenue by €0.,Reported performance differs from the close translated at prior-year FX by €0. This is a translation view and does not represent a cash remeasurement gain or loss.
REV-202609-MONTHLY-P-L-VS-BUDGET-ENTITY-CN01-ALL-OPEX,2026-09,Entity,CN01,All,Monthly P&L vs Budget,OPEX,Budget,EUR,0.0,0.0,0.0,0.0,True,Low,False,budget_performance.csv,2026-09|CN01|All|opex,CN01 OPEX was €0 below budget.,Actual opex was €0 versus €0 budget. The variance represents 0.0% of the benchmark.
REV-202609-MONTHLY-P-L-VS-BUDGET-ENTITY-CZ01-ALL-OPEX,2026-09,Entity,CZ01,All,Monthly P&L vs Budget,OPEX,Budget,EUR,0.0,0.0,0.0,0.0,True,Low,False,budget_performance.csv,2026-09|CZ01|All|opex,CZ01 OPEX was €0 below budget.,Actual opex was €0 versus €0 budget. The variance represents 0.0% of the benchmark.
REV-202609-MONTHLY-P-L-VS-BUDGET-ENTITY-CN01-ALL-REVENUE,2026-09,Entity,CN01,All,Monthly P&L vs Budget,Revenue,Budget,EUR,0.0,0.0,0.0,0.0,True,Low,False,budget_performance.csv,2026-09|CN01|All|revenue,CN01 revenue exceeded budget by €0.,Actual revenue was €0 versus €0 budget. The variance represents 0.0% of the benchmark.
REV-202609-MONTHLY-P-L-VS-BUDGET-ENTITY-CZ01-ALL-REVENUE,2026-09,Entity,CZ01,All,Monthly P&L vs Budget,Revenue,Budget,EUR,0.0,0.0,0.0,0.0,True,Low,False,budget_performance.csv,2026-09|CZ01|All|revenue,CZ01 revenue exceeded budget by €0.,Actual revenue was €0 versus €0 budget. The variance represents 0.0% of the benchmark.
REV-202609-MONTHLY-P-L-VS-BUDGET-ENTITY-DIVISION-ES01-EVENTS-OPEX,2026-09,Entity Division,ES01,Events,Monthly P&L vs Budget,OPEX,Budget,EUR,474128.54,394961.36,79167.18,0.200443,False,Critical,False,budget_performance.csv,2026-09|ES01|Events|opex,ES01 / Events OPEX was €79.2k above budget.,Actual opex was €474.1k versus €395.0k budget. The variance represents 20.0% of the benchmark.
REV-202609-MONTHLY-P-L-VS-BUDGET-ENTITY-DIVISION-JP01-HARDWARE-OPEX,2026-09,Entity Division,JP01,Hardware,Monthly P&L vs Budget,OPEX,Budget,EUR,401592.68,361427.92,40164.76,0.111128,False,High,False,budget_performance.csv,2026-09|JP01|Hardware|opex,JP01 / Hardware OPEX was €40.2k above budget.,Actual opex was €401.6k versus €361.4k budget. The variance represents 11.1% of the benchmark.
REV-202609-MONTHLY-P-L-VS-BUDGET-ENTITY-DIVISION-JP01-SOFTWARE-OPEX,2026-09,Entity Division,JP01,Software,Monthly P&L vs Budget,OPEX,Budget,EUR,131044.21,118114.26,12929.95,0.10947,False,High,False,budget_performance.csv,2026-09|JP01|Software|opex,JP01 / Software OPEX was €12.9k above budget.,Actual opex was €131.0k versus €118.1k budget. The variance represents 10.9% of the benchmark.
REV-202609-MONTHLY-P-L-VS-BUDGET-ENTITY-DIVISION-US01-SOFTWARE-OPEX,2026-09,Entity Division,US01,Software,Monthly P&L vs Budget,OPEX,Budget,EUR,245430.06,224905.25,20524.81,0.09126,False,High,False,budget_performance.csv,2026-09|US01|Software|opex,US01 / Software OPEX was €20.5k above budget.,Actual opex was €245.4k versus €224.9k budget. The variance represents 9.1% of the benchmark.
REV-202609-MONTHLY-P-L-VS-BUDGET-ENTITY-DIVISION-DE01-SOFTWARE-OPEX,2026-09,Entity Division,DE01,Software,Monthly P&L vs Budget,OPEX,Budget,EUR,163886.56,150751.3,13135.26,0.087132,False,High,False,budget_performance.csv,2026-09|DE01|Software|opex,DE01 / Software OPEX was €13.1k above budget.,Actual opex was €163.9k versus €150.8k budget. The variance represents 8.7% of the benchmark.
REV-202609-MONTHLY-P-L-VS-BUDGET-ENTITY-DIVISION-DE01-HARDWARE-EBIT,2026-09,Entity Division,DE01,Hardware,Monthly P&L vs Budget,EBIT,Budget,EUR,934810.7985,1022819.23,-88008.4315,0.086045,False,High,False,budget_performance.csv,2026-09|DE01|Hardware|ebit,DE01 / Hardware ebit missed budget by €88.0k.,Actual ebit was €934.8k versus €1.0m budget. The variance represents 8.6% of the benchmark.
REV-202609-MONTHLY-P-L-VS-BUDGET-ENTITY-DIVISION-ES01-HARDWARE-EBIT,2026-09,Entity Division,ES01,Hardware,Monthly P&L vs Budget,EBIT,Budget,EUR,967734.2768,1056595.28,-88861.0032,0.084101,False,High,False,budget_performance.csv,2026-09|ES01|Hardware|ebit,ES01 / Hardware ebit missed budget by €88.9k.,Actual ebit was €967.7k versus €1.1m budget. The variance represents 8.4% of the benchmark.
REV-202609-FX-TRANSLATION-ENTITY-DIVISION-CN01-HARDWARE-EBIT-FX-EFFECT,2026-09,Entity Division,CN01,Hardware,FX Translation,EBIT FX effect,Prior-year FX,EUR,-283.48,0.0,-283.48,0.082137,False,High,False,constant_currency_analysis.csv,2026-09|CN01|Hardware|ebit_fx_effect,FX translation reduced cn01 / hardware ebit by €283.,Reported performance differs from the close translated at prior-year FX by €283. This is a translation view and does not represent a cash remeasurement gain or loss.
REV-202609-MONTHLY-P-L-VS-BUDGET-ENTITY-DIVISION-ES01-HARDWARE-OPEX,2026-09,Entity Division,ES01,Hardware,Monthly P&L vs Budget,OPEX,Budget,EUR,444269.62,419049.39,25220.23,0.060184,False,High,False,budget_performance.csv,2026-09|ES01|Hardware|opex,ES01 / Hardware OPEX was €25.2k above budget.,Actual opex was €444.3k versus €419.0k budget. The variance represents 6.0% of the benchmark.
REV-202609-MONTHLY-P-L-VS-BUDGET-ENTITY-DIVISION-ES01-SPARE-PARTS-OPEX,2026-09,Entity Division,ES01,Spare Parts,Monthly P&L vs Budget,OPEX,Budget,EUR,204875.78,193653.9,11221.88,0.057948,False,High,False,budget_performance.csv,2026-09|ES01|Spare Parts|opex,ES01 / Spare Parts OPEX was €11.2k above budget.,Actual opex was €204.9k versus €193.7k budget. The variance represents 5.8% of the benchmark.
REV-202609-MONTHLY-P-L-VS-BUDGET-ENTITY-DIVISION-JP01-SPARE-PARTS-OPEX,2026-09,Entity Division,JP01,Spare Parts,Monthly P&L vs Budget,OPEX,Budget,EUR,358365.44,340384.82,17980.62,0.052824,False,High,False,budget_performance.csv,2026-09|JP01|Spare Parts|opex,JP01 / Spare Parts OPEX was €18.0k above budget.,Actual opex was €358.4k versus €340.4k budget. The variance represents 5.3% of the benchmark.
REV-202609-MONTHLY-P-L-VS-BUDGET-ENTITY-DIVISION-ES01-HARDWARE-GROSS-PROFIT,2026-09,Entity Division,ES01,Hardware,Monthly P&L vs Budget,Gross profit,Budget,EUR,1441018.18,1509555.78,-68537.6,0.045402,False,Medium,False,budget_performance.csv,2026-09|ES01|Hardware|gross_profit,ES01 / Hardware gross profit missed budget by €68.5k.,Actual gross profit was €1.4m versus €1.5m budget. The variance represents 4.5% of the benchmark.
REV-202609-MONTHLY-P-L-VS-BUDGET-ENTITY-DIVISION-DE01-HARDWARE-OPEX,2026-09,Entity Division,DE01,Hardware,Monthly P&L vs Budget,OPEX,Budget,EUR,625995.95,599518.93,26477.02,0.044164,False,Medium,False,budget_performance.csv,2026-09|DE01|Hardware|opex,DE01 / Hardware OPEX was €26.5k above budget.,Actual opex was €626.0k versus €599.5k budget. The variance represents 4.4% of the benchmark.
REV-202609-MONTHLY-P-L-VS-BUDGET-ENTITY-DIVISION-DE01-HARDWARE-GROSS-PROFIT,2026-09,Entity Division,DE01,Hardware,Monthly P&L vs Budget,Gross profit,Budget,EUR,1614861.18,1680799.16,-65937.98,0.03923,False,Medium,False,budget_performance.csv,2026-09|DE01|Hardware|gross_profit,DE01 / Hardware gross profit missed budget by €65.9k.,Actual gross profit was €1.6m versus €1.7m budget. The variance represents 3.9% of the benchmark.
REV-202609-FX-TRANSLATION-ENTITY-DIVISION-JP01-HARDWARE-EBIT-FX-EFFECT,2026-09,Entity Division,JP01,Hardware,FX Translation,EBIT FX effect,Prior-year FX,EUR,-28290.95,0.0,-28290.95,0.036077,False,Medium,False,constant_currency_analysis.csv,2026-09|JP01|Hardware|ebit_fx_effect,FX translation reduced jp01 / hardware ebit by €28.3k.,Reported performance differs from the close translated at prior-year FX by €28.3k. This is a translation view and does not represent a cash remeasurement gain or loss.
REV-202609-FX-TRANSLATION-ENTITY-DIVISION-JP01-SOFTWARE-EBIT-FX-EFFECT,2026-09,Entity Division,JP01,Software,FX Translation,EBIT FX effect,Prior-year FX,EUR,-15586.25,0.0,-15586.25,0.036077,False,Medium,False,constant_currency_analysis.csv,2026-09|JP01|Software|ebit_fx_effect,FX translation reduced jp01 / software ebit by €15.6k.,Reported performance differs from the close translated at prior-year FX by €15.6k. This is a translation view and does not represent a cash remeasurement gain or loss.
REV-202609-FX-TRANSLATION-ENTITY-DIVISION-JP01-SPARE-PARTS-EBIT-FX-EFFECT,2026-09,Entity Division,JP01,Spare Parts,FX Translation,EBIT FX effect,Prior-year FX,EUR,-36014.3,0.0,-36014.3,0.036077,False,Medium,False,constant_currency_analysis.csv,2026-09|JP01|Spare Parts|ebit_fx_effect,FX translation reduced jp01 / spare parts ebit by €36.0k.,Reported performance differs from the close translated at prior-year FX by €36.0k. This is a translation view and does not represent a cash remeasurement gain or loss.
REV-202609-FX-TRANSLATION-ENTITY-DIVISION-JP01-HARDWARE-REVENUE-FX-EFFECT,2026-09,Entity Division,JP01,Hardware,FX Translation,Revenue FX effect,Prior-year FX,EUR,-146849.79,0.0,-146849.79,0.036077,False,Medium,False,constant_currency_analysis.csv,2026-09|JP01|Hardware|revenue_fx_effect,FX translation reduced jp01 / hardware revenue by €146.8k.,Reported performance differs from the close translated at prior-year FX by €146.8k. This is a translation view and does not represent a cash remeasurement gain or loss.
REV-202609-FX-TRANSLATION-ENTITY-DIVISION-JP01-SOFTWARE-REVENUE-FX-EFFECT,2026-09,Entity Division,JP01,Software,FX Translation,Revenue FX effect,Prior-year FX,EUR,-28733.65,0.0,-28733.65,0.036077,False,Medium,False,constant_currency_analysis.csv,2026-09|JP01|Software|revenue_fx_effect,FX translation reduced jp01 / software revenue by €28.7k.,Reported performance differs from the close translated at prior-year FX by €28.7k. This is a translation view and does not represent a cash remeasurement gain or loss.
REV-202609-FX-TRANSLATION-ENTITY-DIVISION-JP01-SPARE-PARTS-REVENUE-FX-EFFECT,2026-09,Entity Division,JP01,Spare Parts,FX Translation,Revenue FX effect,Prior-year FX,EUR,-118500.42,0.0,-118500.42,0.036077,False,Medium,False,constant_currency_analysis.csv,2026-09|JP01|Spare Parts|revenue_fx_effect,FX translation reduced jp01 / spare parts revenue by €118.5k.,Reported performance differs from the close translated at prior-year FX by €118.5k. This is a translation view and does not represent a cash remeasurement gain or loss.
REV-202609-MONTHLY-P-L-VS-BUDGET-ENTITY-DIVISION-US01-HARDWARE-EBIT,2026-09,Entity Division,US01,Hardware,Monthly P&L vs Budget,EBIT,Budget,EUR,952655.5562,987009.04,-34353.4838,0.034806,False,Medium,False,budget_performance.csv,2026-09|US01|Hardware|ebit,US01 / Hardware ebit missed budget by €34.4k.,Actual ebit was €952.7k versus €987.0k budget. The variance represents 3.5% of the benchmark.
REV-202609-MONTHLY-P-L-VS-BUDGET-ENTITY-DIVISION-DE01-SOFTWARE-EBIT,2026-09,Entity Division,DE01,Software,Monthly P&L vs Budget,EBIT,Budget,EUR,484770.4615,501829.52,-17059.0585,0.033994,False,Medium,False,budget_performance.csv,2026-09|DE01|Software|ebit,DE01 / Software ebit missed budget by €17.1k.,Actual ebit was €484.8k versus €501.8k budget. The variance represents 3.4% of the benchmark.
REV-202609-MONTHLY-P-L-VS-BUDGET-ENTITY-DIVISION-US01-HARDWARE-OPEX,2026-09,Entity Division,US01,Hardware,Monthly P&L vs Budget,OPEX,Budget,EUR,831748.77,807126.88,24621.89,0.030506,False,Medium,False,budget_performance.csv,2026-09|US01|Hardware|opex,US01 / Hardware OPEX was €24.6k above budget.,Actual opex was €831.7k versus €807.1k budget. The variance represents 3.1% of the benchmark.
REV-202609-MONTHLY-P-L-VS-BUDGET-ENTITY-DIVISION-US01-SOFTWARE-EBIT,2026-09,Entity Division,US01,Software,Monthly P&L vs Budget,EBIT,Budget,EUR,588000.1766,595693.07,-7692.8934,0.012914,False,Low,False,budget_performance.csv,2026-09|US01|Software|ebit,US01 / Software ebit missed budget by €7.7k.,Actual ebit was €588.0k versus €595.7k budget. The variance represents 1.3% of the benchmark.
REV-202609-MONTHLY-P-L-VS-BUDGET-ENTITY-DIVISION-DE01-SOFTWARE-GROSS-PROFIT,2026-09,Entity Division,DE01,Software,Monthly P&L vs Budget,Gross profit,Budget,EUR,657102.59,662182.13,-5079.54,0.007671,False,Low,False,budget_performance.csv,2026-09|DE01|Software|gross_profit,DE01 / Software gross profit missed budget by €5.1k.,Actual gross profit was €657.1k versus €662.2k budget. The variance represents 0.8% of the benchmark.
REV-202609-MONTHLY-P-L-VS-BUDGET-ENTITY-DIVISION-JP01-SOFTWARE-EBIT,2026-09,Entity Division,JP01,Software,Monthly P&L vs Budget,EBIT,Budget,EUR,416440.9981,419412.04,-2971.0419,0.007084,False,Low,False,budget_performance.csv,2026-09|JP01|Software|ebit,JP01 / Software ebit missed budget by €3.0k.,Actual ebit was €416.4k versus €419.4k budget. The variance represents 0.7% of the benchmark.
REV-202609-MONTHLY-P-L-VS-BUDGET-ENTITY-DIVISION-US01-HARDWARE-GROSS-PROFIT,2026-09,Entity Division,US01,Hardware,Monthly P&L vs Budget,Gross profit,Budget,EUR,1824191.84,1836470.44,-12278.6,0.006686,False,Low,False,budget_performance.csv,2026-09|US01|Hardware|gross_profit,US01 / Hardware gross profit missed budget by €12.3k.,Actual gross profit was €1.8m versus €1.8m budget. The variance represents 0.7% of the benchmark.
REV-202609-MONTHLY-P-L-VS-BUDGET-ENTITY-DIVISION-CZ01-HARDWARE-GROSS-PROFIT,2026-09,Entity Division,CZ01,Hardware,Monthly P&L vs Budget,Gross profit,Budget,EUR,422788.52,-4596.92,427385.44,92.972129,True,Critical,False,budget_performance.csv,2026-09|CZ01|Hardware|gross_profit,CZ01 / Hardware gross profit exceeded budget by €427.4k.,Actual gross profit was €422.8k versus €4.6k budget. The variance represents 9297.2% of the benchmark.
REV-202609-MONTHLY-P-L-VS-BUDGET-ENTITY-DIVISION-CN01-HARDWARE-GROSS-PROFIT,2026-09,Entity Division,CN01,Hardware,Monthly P&L vs Budget,Gross profit,Budget,EUR,299876.33,-199508.46,499384.79,2.503076,True,Critical,False,budget_performance.csv,2026-09|CN01|Hardware|gross_profit,CN01 / Hardware gross profit exceeded budget by €499.4k.,Actual gross profit was €299.9k versus €199.5k budget. The variance represents 250.3% of the benchmark.
REV-202609-MONTHLY-P-L-VS-BUDGET-ENTITY-DIVISION-CZ01-HARDWARE-EBIT,2026-09,Entity Division,CZ01,Hardware,Monthly P&L vs Budget,EBIT,Budget,EUR,122094.08,-240708.03,362802.11,1.507229,True,Critical,False,budget_performance.csv,2026-09|CZ01|Hardware|ebit,CZ01 / Hardware ebit exceeded budget by €362.8k.,Actual ebit was €122.1k versus €240.7k budget. The variance represents 150.7% of the benchmark.
REV-202609-MONTHLY-P-L-VS-BUDGET-ENTITY-DIVISION-CN01-HARDWARE-EBIT,2026-09,Entity Division,CN01,Hardware,Monthly P&L vs Budget,EBIT,Budget,EUR,-3734.78,-435619.57,431884.79,0.991427,True,Critical,False,budget_performance.csv,2026-09|CN01|Hardware|ebit,CN01 / Hardware ebit exceeded budget by €431.9k.,Actual ebit was €3.7k versus €435.6k budget. The variance represents 99.1% of the benchmark.
REV-202609-MONTHLY-P-L-VS-BUDGET-ENTITY-DIVISION-ES01-EVENTS-REVENUE,2026-09,Entity Division,ES01,Events,Monthly P&L vs Budget,Revenue,Budget,EUR,3883038.8,2720952.43,1162086.37,0.427088,True,Critical,False,budget_performance.csv,2026-09|ES01|Events|revenue,ES01 / Events revenue exceeded budget by €1.2m.,Actual revenue was €3.9m versus €2.7m budget. The variance represents 42.7% of the benchmark.
REV-202609-MONTHLY-P-L-VS-BUDGET-ENTITY-DIVISION-ES01-EVENTS-EBIT,2026-09,Entity Division,ES01,Events,Monthly P&L vs Budget,EBIT,Budget,EUR,966854.3597,719921.99,246932.3697,0.342999,True,Critical,False,budget_performance.csv,2026-09|ES01|Events|ebit,ES01 / Events ebit exceeded budget by €246.9k.,Actual ebit was €966.9k versus €719.9k budget. The variance represents 34.3% of the benchmark.
REV-202609-MONTHLY-P-L-VS-BUDGET-ENTITY-DIVISION-ES01-EVENTS-GROSS-PROFIT,2026-09,Entity Division,ES01,Events,Monthly P&L vs Budget,Gross profit,Budget,EUR,1462165.1,1133604.96,328560.14,0.289837,True,Critical,False,budget_performance.csv,2026-09|ES01|Events|gross_profit,ES01 / Events gross profit exceeded budget by €328.6k.,Actual gross profit was €1.5m versus €1.1m budget. The variance represents 29.0% of the benchmark.
REV-202609-MONTHLY-P-L-VS-BUDGET-ENTITY-DIVISION-JP01-HARDWARE-REVENUE,2026-09,Entity Division,JP01,Hardware,Monthly P&L vs Budget,Revenue,Budget,EUR,3923602.47,3315015.32,608587.15,0.183585,True,Critical,False,budget_performance.csv,2026-09|JP01|Hardware|revenue,JP01 / Hardware revenue exceeded budget by €608.6k.,Actual revenue was €3.9m versus €3.3m budget. The variance represents 18.4% of the benchmark.
REV-202609-MONTHLY-P-L-VS-BUDGET-ENTITY-DIVISION-DE01-HARDWARE-REVENUE,2026-09,Entity Division,DE01,Hardware,Monthly P&L vs Budget,Revenue,Budget,EUR,5830428.6,5345816.32,484612.28,0.090653,True,High,False,budget_performance.csv,2026-09|DE01|Hardware|revenue,DE01 / Hardware revenue exceeded budget by €484.6k.,Actual revenue was €5.8m versus €5.3m budget. The variance represents 9.1% of the benchmark.
REV-202609-MONTHLY-P-L-VS-BUDGET-ENTITY-DIVISION-ES01-HARDWARE-REVENUE,2026-09,Entity Division,ES01,Hardware,Monthly P&L vs Budget,Revenue,Budget,EUR,5318785.85,4879935.04,438850.81,0.08993,True,High,False,budget_performance.csv,2026-09|ES01|Hardware|revenue,ES01 / Hardware revenue exceeded budget by €438.9k.,Actual revenue was €5.3m versus €4.9m budget. The variance represents 9.0% of the benchmark.
REV-202609-MONTHLY-P-L-VS-BUDGET-ENTITY-DIVISION-US01-HARDWARE-REVENUE,2026-09,Entity Division,US01,Hardware,Monthly P&L vs Budget,Revenue,Budget,EUR,6409869.75,5892631.22,517238.53,0.087777,True,High,False,budget_performance.csv,2026-09|US01|Hardware|revenue,US01 / Hardware revenue exceeded budget by €517.2k.,Actual revenue was €6.4m versus €5.9m budget. The variance represents 8.8% of the benchmark.
REV-202609-MONTHLY-P-L-VS-BUDGET-ENTITY-DIVISION-US01-EVENTS-EBIT,2026-09,Entity Division,US01,Events,Monthly P&L vs Budget,EBIT,Budget,EUR,497560.9072,460221.1,37339.8072,0.081134,True,High,False,budget_performance.csv,2026-09|US01|Events|ebit,US01 / Events ebit exceeded budget by €37.3k.,Actual ebit was €497.6k versus €460.2k budget. The variance represents 8.1% of the benchmark.
REV-202609-MONTHLY-P-L-VS-BUDGET-ENTITY-DIVISION-JP01-SPARE-PARTS-REVENUE,2026-09,Entity Division,JP01,Spare Parts,Monthly P&L vs Budget,Revenue,Budget,EUR,3166150.41,2934719.8,231430.61,0.07886,True,High,False,budget_performance.csv,2026-09|JP01|Spare Parts|revenue,JP01 / Spare Parts revenue exceeded budget by €231.4k.,Actual revenue was €3.2m versus €2.9m budget. The variance represents 7.9% of the benchmark.
REV-202609-MONTHLY-P-L-VS-BUDGET-ENTITY-DIVISION-JP01-SOFTWARE-REVENUE,2026-09,Entity Division,JP01,Software,Monthly P&L vs Budget,Revenue,Budget,EUR,767719.27,718639.1,49080.17,0.068296,True,High,False,budget_performance.csv,2026-09|JP01|Software|revenue,JP01 / Software revenue exceeded budget by €49.1k.,Actual revenue was €767.7k versus €718.6k budget. The variance represents 6.8% of the benchmark.
REV-202609-MONTHLY-P-L-VS-BUDGET-ENTITY-DIVISION-ES01-SPARE-PARTS-REVENUE,2026-09,Entity Division,ES01,Spare Parts,Monthly P&L vs Budget,Revenue,Budget,EUR,2255432.92,2114729.69,140703.23,0.066535,True,High,False,budget_performance.csv,2026-09|ES01|Spare Parts|revenue,ES01 / Spare Parts revenue exceeded budget by €140.7k.,Actual revenue was €2.3m versus €2.1m budget. The variance represents 6.7% of the benchmark.
REV-202609-MONTHLY-P-L-VS-BUDGET-ENTITY-DIVISION-US01-SOFTWARE-REVENUE,2026-09,Entity Division,US01,Software,Monthly P&L vs Budget,Revenue,Budget,EUR,1163950.33,1091621.58,72328.75,0.066258,True,High,False,budget_performance.csv,2026-09|US01|Software|revenue,US01 / Software revenue exceeded budget by €72.3k.,Actual revenue was €1.2m versus €1.1m budget. The variance represents 6.6% of the benchmark.
REV-202609-MONTHLY-P-L-VS-BUDGET-ENTITY-DIVISION-JP01-SPARE-PARTS-EBIT,2026-09,Entity Division,JP01,Spare Parts,Monthly P&L vs Budget,EBIT,Budget,EUR,962247.1481,921154.73,41092.4181,0.04461,True,Medium,False,budget_performance.csv,2026-09|JP01|Spare Parts|ebit,JP01 / Spare Parts ebit exceeded budget by €41.1k.,Actual ebit was €962.2k versus €921.2k budget. The variance represents 4.5% of the benchmark.
REV-202609-MONTHLY-P-L-VS-BUDGET-ENTITY-DIVISION-JP01-SPARE-PARTS-GROSS-PROFIT,2026-09,Entity Division,JP01,Spare Parts,Monthly P&L vs Budget,Gross profit,Budget,EUR,1345796.82,1290371.83,55424.99,0.042953,True,Medium,False,budget_performance.csv,2026-09|JP01|Spare Parts|gross_profit,JP01 / Spare Parts gross profit exceeded budget by €55.4k.,Actual gross profit was €1.3m versus €1.3m budget. The variance represents 4.3% of the benchmark.
REV-202609-MONTHLY-P-L-VS-BUDGET-ENTITY-DIVISION-DE01-SOFTWARE-REVENUE,2026-09,Entity Division,DE01,Software,Monthly P&L vs Budget,Revenue,Budget,EUR,910957.4,873567.97,37389.43,0.042801,True,Medium,False,budget_performance.csv,2026-09|DE01|Software|revenue,DE01 / Software revenue exceeded budget by €37.4k.,Actual revenue was €911.0k versus €873.6k budget. The variance represents 4.3% of the benchmark.
REV-202609-MONTHLY-P-L-VS-BUDGET-ENTITY-DIVISION-JP01-HARDWARE-GROSS-PROFIT,2026-09,Entity Division,JP01,Hardware,Monthly P&L vs Budget,Gross profit,Budget,EUR,1188692.78,1143265.82,45426.96,0.039734,True,Medium,False,budget_performance.csv,2026-09|JP01|Hardware|gross_profit,JP01 / Hardware gross profit exceeded budget by €45.4k.,Actual gross profit was €1.2m versus €1.1m budget. The variance represents 4.0% of the benchmark.
REV-202609-MONTHLY-P-L-VS-BUDGET-ENTITY-DIVISION-ES01-SPARE-PARTS-GROSS-PROFIT,2026-09,Entity Division,ES01,Spare Parts,Monthly P&L vs Budget,Gross profit,Budget,EUR,960205.64,928352.15,31853.49,0.034312,True,Medium,False,budget_performance.csv,2026-09|ES01|Spare Parts|gross_profit,ES01 / Spare Parts gross profit exceeded budget by €31.9k.,Actual gross profit was €960.2k versus €928.4k budget. The variance represents 3.4% of the benchmark.
REV-202609-MONTHLY-P-L-VS-BUDGET-ENTITY-DIVISION-ES01-SPARE-PARTS-EBIT,2026-09,Entity Division,ES01,Spare Parts,Monthly P&L vs Budget,EBIT,Budget,EUR,743026.3435,719975.92,23050.4235,0.032016,True,Medium,False,budget_performance.csv,2026-09|ES01|Spare Parts|ebit,ES01 / Spare Parts ebit exceeded budget by €23.1k.,Actual ebit was €743.0k versus €720.0k budget. The variance represents 3.2% of the benchmark.
REV-202609-MONTHLY-P-L-VS-BUDGET-ENTITY-DIVISION-US01-EVENTS-GROSS-PROFIT,2026-09,Entity Division,US01,Events,Monthly P&L vs Budget,Gross profit,Budget,EUR,1035741.56,1012062.66,23678.9,0.023397,True,Low,False,budget_performance.csv,2026-09|US01|Events|gross_profit,US01 / Events gross profit exceeded budget by €23.7k.,Actual gross profit was €1.0m versus €1.0m budget. The variance represents 2.3% of the benchmark.
REV-202609-MONTHLY-P-L-VS-BUDGET-ENTITY-DIVISION-US01-EVENTS-OPEX,2026-09,Entity Division,US01,Events,Monthly P&L vs Budget,OPEX,Budget,EUR,522693.07,534391.74,-11698.67,0.021892,True,Low,False,budget_performance.csv,2026-09|US01|Events|opex,US01 / Events OPEX was €11.7k below budget.,Actual opex was €522.7k versus €534.4k budget. The variance represents 2.2% of the benchmark.
REV-202609-FX-TRANSLATION-ENTITY-DIVISION-US01-EVENTS-EBIT-FX-EFFECT,2026-09,Entity Division,US01,Events,FX Translation,EBIT FX effect,Prior-year FX,EUR,9287.74,0.0,9287.74,0.019022,True,Low,False,constant_currency_analysis.csv,2026-09|US01|Events|ebit_fx_effect,FX translation increased us01 / events ebit by €9.3k.,Reported performance differs from the close translated at prior-year FX by €9.3k. This is a translation view and does not represent a cash remeasurement gain or loss.
REV-202609-FX-TRANSLATION-ENTITY-DIVISION-US01-HARDWARE-EBIT-FX-EFFECT,2026-09,Entity Division,US01,Hardware,FX Translation,EBIT FX effect,Prior-year FX,EUR,17782.78,0.0,17782.78,0.019022,True,Low,False,constant_currency_analysis.csv,2026-09|US01|Hardware|ebit_fx_effect,FX translation increased us01 / hardware ebit by €17.8k.,Reported performance differs from the close translated at prior-year FX by €17.8k. This is a translation view and does not represent a cash remeasurement gain or loss.
REV-202609-FX-TRANSLATION-ENTITY-DIVISION-US01-SOFTWARE-EBIT-FX-EFFECT,2026-09,Entity Division,US01,Software,FX Translation,EBIT FX effect,Prior-year FX,EUR,10975.93,0.0,10975.93,0.019022,True,Low,False,constant_currency_analysis.csv,2026-09|US01|Software|ebit_fx_effect,FX translation increased us01 / software ebit by €11.0k.,Reported performance differs from the close translated at prior-year FX by €11.0k. This is a translation view and does not represent a cash remeasurement gain or loss.
REV-202609-FX-TRANSLATION-ENTITY-DIVISION-US01-EVENTS-REVENUE-FX-EFFECT,2026-09,Entity Division,US01,Events,FX Translation,Revenue FX effect,Prior-year FX,EUR,46574.66,0.0,46574.66,0.019022,True,Low,False,constant_currency_analysis.csv,2026-09|US01|Events|revenue_fx_effect,FX translation increased us01 / events revenue by €46.6k.,Reported performance differs from the close translated at prior-year FX by €46.6k. This is a translation view and does not represent a cash remeasurement gain or loss.
REV-202609-FX-TRANSLATION-ENTITY-DIVISION-US01-HARDWARE-REVENUE-FX-EFFECT,2026-09,Entity Division,US01,Hardware,FX Translation,Revenue FX effect,Prior-year FX,EUR,119650.04,0.0,119650.04,0.019022,True,Low,False,constant_currency_analysis.csv,2026-09|US01|Hardware|revenue_fx_effect,FX translation increased us01 / hardware revenue by €119.7k.,Reported performance differs from the close translated at prior-year FX by €119.7k. This is a translation view and does not represent a cash remeasurement gain or loss.
REV-202609-FX-TRANSLATION-ENTITY-DIVISION-US01-SOFTWARE-REVENUE-FX-EFFECT,2026-09,Entity Division,US01,Software,FX Translation,Revenue FX effect,Prior-year FX,EUR,21726.92,0.0,21726.92,0.019022,True,Low,False,constant_currency_analysis.csv,2026-09|US01|Software|revenue_fx_effect,FX translation increased us01 / software revenue by €21.7k.,Reported performance differs from the close translated at prior-year FX by €21.7k. This is a translation view and does not represent a cash remeasurement gain or loss.
REV-202609-MONTHLY-P-L-VS-BUDGET-ENTITY-DIVISION-JP01-SOFTWARE-GROSS-PROFIT,2026-09,Entity Division,JP01,Software,Monthly P&L vs Budget,Gross profit,Budget,EUR,553591.81,544658.59,8933.22,0.016402,True,Low,False,budget_performance.csv,2026-09|JP01|Software|gross_profit,JP01 / Software gross profit exceeded budget by €8.9k.,Actual gross profit was €553.6k versus €544.7k budget. The variance represents 1.6% of the benchmark.
REV-202609-MONTHLY-P-L-VS-BUDGET-ENTITY-DIVISION-US01-SOFTWARE-GROSS-PROFIT,2026-09,Entity Division,US01,Software,Monthly P&L vs Budget,Gross profit,Budget,EUR,840655.14,828508.94,12146.2,0.01466,True,Low,False,budget_performance.csv,2026-09|US01|Software|gross_profit,US01 / Software gross profit exceeded budget by €12.1k.,Actual gross profit was €840.7k versus €828.5k budget. The variance represents 1.5% of the benchmark.
REV-202609-MONTHLY-P-L-VS-BUDGET-ENTITY-DIVISION-US01-EVENTS-REVENUE,2026-09,Entity Division,US01,Events,Monthly P&L vs Budget,Revenue,Budget,EUR,2495089.01,2471892.36,23196.65,0.009384,True,Low,False,budget_performance.csv,2026-09|US01|Events|revenue,US01 / Events revenue exceeded budget by €23.2k.,Actual revenue was €2.5m versus €2.5m budget. The variance represents 0.9% of the benchmark.
REV-202609-MONTHLY-P-L-VS-BUDGET-ENTITY-DIVISION-JP01-HARDWARE-EBIT,2026-09,Entity Division,JP01,Hardware,Monthly P&L vs Budget,EBIT,Budget,EUR,755890.9338,749497.5,6393.4338,0.00853,True,Low,False,budget_performance.csv,2026-09|JP01|Hardware|ebit,JP01 / Hardware ebit exceeded budget by €6.4k.,Actual ebit was €755.9k versus €749.5k budget. The variance represents 0.9% of the benchmark.
REV-202609-FX-TRANSLATION-ENTITY-DIVISION-CZ01-HARDWARE-EBIT-FX-EFFECT,2026-09,Entity Division,CZ01,Hardware,FX Translation,EBIT FX effect,Prior-year FX,EUR,252.34,0.0,252.34,0.002071,True,Low,False,constant_currency_analysis.csv,2026-09|CZ01|Hardware|ebit_fx_effect,FX translation increased cz01 / hardware ebit by €252.,Reported performance differs from the close translated at prior-year FX by €252. This is a translation view and does not represent a cash remeasurement gain or loss.
REV-202609-FX-TRANSLATION-ENTITY-DIVISION-DE01-HARDWARE-EBIT-FX-EFFECT,2026-09,Entity Division,DE01,Hardware,FX Translation,EBIT FX effect,Prior-year FX,EUR,0.0,0.0,0.0,0.0,True,Low,False,constant_currency_analysis.csv,2026-09|DE01|Hardware|ebit_fx_effect,FX translation increased de01 / hardware ebit by €0.,Reported performance differs from the close translated at prior-year FX by €0. This is a translation view and does not represent a cash remeasurement gain or loss.
REV-202609-FX-TRANSLATION-ENTITY-DIVISION-DE01-SOFTWARE-EBIT-FX-EFFECT,2026-09,Entity Division,DE01,Software,FX Translation,EBIT FX effect,Prior-year FX,EUR,0.0,0.0,0.0,0.0,True,Low,False,constant_currency_analysis.csv,2026-09|DE01|Software|ebit_fx_effect,FX translation increased de01 / software ebit by €0.,Reported performance differs from the close translated at prior-year FX by €0. This is a translation view and does not represent a cash remeasurement gain or loss.
REV-202609-FX-TRANSLATION-ENTITY-DIVISION-ES01-EVENTS-EBIT-FX-EFFECT,2026-09,Entity Division,ES01,Events,FX Translation,EBIT FX effect,Prior-year FX,EUR,0.0,0.0,0.0,0.0,True,Low,False,constant_currency_analysis.csv,2026-09|ES01|Events|ebit_fx_effect,FX translation increased es01 / events ebit by €0.,Reported performance differs from the close translated at prior-year FX by €0. This is a translation view and does not represent a cash remeasurement gain or loss.
REV-202609-FX-TRANSLATION-ENTITY-DIVISION-ES01-HARDWARE-EBIT-FX-EFFECT,2026-09,Entity Division,ES01,Hardware,FX Translation,EBIT FX effect,Prior-year FX,EUR,0.0,0.0,0.0,0.0,True,Low,False,constant_currency_analysis.csv,2026-09|ES01|Hardware|ebit_fx_effect,FX translation increased es01 / hardware ebit by €0.,Reported performance differs from the close translated at prior-year FX by €0. This is a translation view and does not represent a cash remeasurement gain or loss.
REV-202609-FX-TRANSLATION-ENTITY-DIVISION-ES01-SPARE-PARTS-EBIT-FX-EFFECT,2026-09,Entity Division,ES01,Spare Parts,FX Translation,EBIT FX effect,Prior-year FX,EUR,0.0,0.0,0.0,0.0,True,Low,False,constant_currency_analysis.csv,2026-09|ES01|Spare Parts|ebit_fx_effect,FX translation increased es01 / spare parts ebit by €0.,Reported performance differs from the close translated at prior-year FX by €0. This is a translation view and does not represent a cash remeasurement gain or loss.
REV-202609-FX-TRANSLATION-ENTITY-DIVISION-CN01-HARDWARE-REVENUE-FX-EFFECT,2026-09,Entity Division,CN01,Hardware,FX Translation,Revenue FX effect,Prior-year FX,EUR,0.0,0.0,0.0,0.0,True,Low,False,constant_currency_analysis.csv,2026-09|CN01|Hardware|revenue_fx_effect,FX translation increased cn01 / hardware revenue by €0.,Reported performance differs from the close translated at prior-year FX by €0. This is a translation view and does not represent a cash remeasurement gain or loss.
REV-202609-FX-TRANSLATION-ENTITY-DIVISION-CZ01-HARDWARE-REVENUE-FX-EFFECT,2026-09,Entity Division,CZ01,Hardware,FX Translation,Revenue FX effect,Prior-year FX,EUR,0.0,0.0,0.0,0.0,True,Low,False,constant_currency_analysis.csv,2026-09|CZ01|Hardware|revenue_fx_effect,FX translation increased cz01 / hardware revenue by €0.,Reported performance differs from the close translated at prior-year FX by €0. This is a translation view and does not represent a cash remeasurement gain or loss.
REV-202609-FX-TRANSLATION-ENTITY-DIVISION-DE01-HARDWARE-REVENUE-FX-EFFECT,2026-09,Entity Division,DE01,Hardware,FX Translation,Revenue FX effect,Prior-year FX,EUR,0.0,0.0,0.0,0.0,True,Low,False,constant_currency_analysis.csv,2026-09|DE01|Hardware|revenue_fx_effect,FX translation increased de01 / hardware revenue by €0.,Reported performance differs from the close translated at prior-year FX by €0. This is a translation view and does not represent a cash remeasurement gain or loss.
REV-202609-FX-TRANSLATION-ENTITY-DIVISION-DE01-SOFTWARE-REVENUE-FX-EFFECT,2026-09,Entity Division,DE01,Software,FX Translation,Revenue FX effect,Prior-year FX,EUR,0.0,0.0,0.0,0.0,True,Low,False,constant_currency_analysis.csv,2026-09|DE01|Software|revenue_fx_effect,FX translation increased de01 / software revenue by €0.,Reported performance differs from the close translated at prior-year FX by €0. This is a translation view and does not represent a cash remeasurement gain or loss.
REV-202609-FX-TRANSLATION-ENTITY-DIVISION-ES01-EVENTS-REVENUE-FX-EFFECT,2026-09,Entity Division,ES01,Events,FX Translation,Revenue FX effect,Prior-year FX,EUR,0.0,0.0,0.0,0.0,True,Low,False,constant_currency_analysis.csv,2026-09|ES01|Events|revenue_fx_effect,FX translation increased es01 / events revenue by €0.,Reported performance differs from the close translated at prior-year FX by €0. This is a translation view and does not represent a cash remeasurement gain or loss.
REV-202609-FX-TRANSLATION-ENTITY-DIVISION-ES01-HARDWARE-REVENUE-FX-EFFECT,2026-09,Entity Division,ES01,Hardware,FX Translation,Revenue FX effect,Prior-year FX,EUR,0.0,0.0,0.0,0.0,True,Low,False,constant_currency_analysis.csv,2026-09|ES01|Hardware|revenue_fx_effect,FX translation increased es01 / hardware revenue by €0.,Reported performance differs from the close translated at prior-year FX by €0. This is a translation view and does not represent a cash remeasurement gain or loss.
REV-202609-FX-TRANSLATION-ENTITY-DIVISION-ES01-SPARE-PARTS-REVENUE-FX-EFFECT,2026-09,Entity Division,ES01,Spare Parts,FX Translation,Revenue FX effect,Prior-year FX,EUR,0.0,0.0,0.0,0.0,True,Low,False,constant_currency_analysis.csv,2026-09|ES01|Spare Parts|revenue_fx_effect,FX translation increased es01 / spare parts revenue by €0.,Reported performance differs from the close translated at prior-year FX by €0. This is a translation view and does not represent a cash remeasurement gain or loss.
REV-202609-MONTHLY-P-L-VS-BUDGET-ENTITY-DIVISION-CN01-HARDWARE-OPEX,2026-09,Entity Division,CN01,Hardware,Monthly P&L vs Budget,OPEX,Budget,EUR,0.0,0.0,0.0,0.0,True,Low,False,budget_performance.csv,2026-09|CN01|Hardware|opex,CN01 / Hardware OPEX was €0 below budget.,Actual opex was €0 versus €0 budget. The variance represents 0.0% of the benchmark.
REV-202609-MONTHLY-P-L-VS-BUDGET-ENTITY-DIVISION-CZ01-HARDWARE-OPEX,2026-09,Entity Division,CZ01,Hardware,Monthly P&L vs Budget,OPEX,Budget,EUR,0.0,0.0,0.0,0.0,True,Low,False,budget_performance.csv,2026-09|CZ01|Hardware|opex,CZ01 / Hardware OPEX was €0 below budget.,Actual opex was €0 versus €0 budget. The variance represents 0.0% of the benchmark.
REV-202609-MONTHLY-P-L-VS-BUDGET-ENTITY-DIVISION-CN01-HARDWARE-REVENUE,2026-09,Entity Division,CN01,Hardware,Monthly P&L vs Budget,Revenue,Budget,EUR,0.0,0.0,0.0,0.0,True,Low,False,budget_performance.csv,2026-09|CN01|Hardware|revenue,CN01 / Hardware revenue exceeded budget by €0.,Actual revenue was €0 versus €0 budget. The variance represents 0.0% of the benchmark.
REV-202609-MONTHLY-P-L-VS-BUDGET-ENTITY-DIVISION-CZ01-HARDWARE-REVENUE,2026-09,Entity Division,CZ01,Hardware,Monthly P&L vs Budget,Revenue,Budget,EUR,0.0,0.0,0.0,0.0,True,Low,False,budget_performance.csv,2026-09|CZ01|Hardware|revenue,CZ01 / Hardware revenue exceeded budget by €0.,Actual revenue was €0 versus €0 budget. The variance represents 0.0% of the benchmark.
REV-202609-COMMERCIAL-DRIVERS-GROUP-ALL-ALL-MIX-EFFECT,2026-09,Group,All,All,Commercial Drivers,Mix effect,Prior year,EUR,-3717226.3334,0.0,-3717226.3334,0.102899,False,High,True,price_volume_mix.csv,2026-09|All|mix_effect,Group mix reduced year-on-year revenue by €3.7m.,"The mix effect explains €3.7m of the revenue bridge versus the prior year. Price, volume and mix reconcile exactly to the reported revenue change."
REV-202609-MONTHLY-P-L-VS-BUDGET-GROUP-ALL-ALL-OPEX,2026-09,Group,All,All,Monthly P&L vs Budget,OPEX,Budget,EUR,4404030.68,4144285.75,259744.93,0.062675,False,High,True,budget_performance.csv,2026-09|All|All|opex,Group OPEX was €259.7k above budget.,Actual opex was €4.4m versus €4.1m budget. The variance represents 6.3% of the benchmark.
REV-202609-FORECAST-DISCIPLINE-GROUP-ALL-ALL-ONE-MONTH-REVENUE-MAPE,2026-09,Group,All,All,Forecast Discipline,One-month revenue MAPE,5% tolerance,Percent,0.0715,0.05,0.0215,0.021452,False,Low,False,forecast_accuracy.csv,2026-09|horizon_1|abs_pct_error,"One-month revenue forecast error was 7.1%, above the 5.0% tolerance.",Mean absolute percentage error across 11 entity-division observations was 7.1%. The metric uses only forecasts created one month before the close.
REV-202609-WORKFORCE-PRODUCTIVITY-GROUP-ALL-ALL-ENDING-FTE,2026-09,Group,All,All,Workforce Productivity,Ending FTE,Prior month,FTE,298.1647,300.3044,-2.1397,0.007125,False,Low,False,workforce_summary.csv,2026-09|ending_fte,Ending FTE decreased by 2.1 FTE month on month.,"The workforce schedule reports 298.2 versus 300.3 in 2026-08. FTE, payroll and recruitment cost roll forward from operating demand and attrition."
REV-202609-FX-TRANSLATION-GROUP-ALL-ALL-EBIT-FX-EFFECT,2026-09,Group,All,All,FX Translation,EBIT FX effect,Prior-year FX,EUR,-41876.19,0.0,-41876.19,0.004967,False,Low,False,constant_currency_analysis.csv,2026-09|All|All|ebit_fx_effect,FX translation reduced group ebit by €41.9k.,Reported performance differs from the close translated at prior-year FX by €41.9k. This is a translation view and does not represent a cash remeasurement gain or loss.
REV-202609-FY-OUTLOOK-GROUP-ALL-ALL-FY-EBIT-OUTLOOK,2026-09,Group,All,All,FY Outlook,FY EBIT outlook,FY Budget,EUR,86251666.48,86675823.47,-424156.99,0.004894,False,Low,False,fy_plan_bridge.csv,2026-09|latest_fy_ebit,FY EBIT outlook is €424.2k below budget.,"Latest full-year outlook is €86.3m versus €86.7m budget, combining year-to-date actuals with the latest rolling forecast."
REV-202609-FX-TRANSLATION-GROUP-ALL-ALL-REVENUE-FX-EFFECT,2026-09,Group,All,All,FX Translation,Revenue FX effect,Prior-year FX,EUR,-106132.24,0.0,-106132.24,0.002929,False,Low,False,constant_currency_analysis.csv,2026-09|All|All|revenue_fx_effect,FX translation reduced group revenue by €106.1k.,Reported performance differs from the close translated at prior-year FX by €106.1k. This is a translation view and does not represent a cash remeasurement gain or loss.
REV-202609-CASH-CONVERSION-GROUP-ALL-ALL-NET-WORKING-CAPITAL-CHANGE,2026-09,Group,All,All,Cash Conversion,Net working capital change,Prior month,EUR,41881785.3848,50508192.5504,-8626407.1656,0.170792,True,Critical,False,working_capital.csv,2026-09|net_working_capital,Net working capital released €8.6m month on month.,"Net working capital closed at €41.9m versus €50.5m in 2026-08. The movement is based on reconciled receivables, inventory and payables."
REV-202609-WORKFORCE-PRODUCTIVITY-GROUP-ALL-ALL-REVENUE-PER-FTE,2026-09,Group,All,All,Workforce Productivity,Revenue per FTE,Prior month,EUR/FTE,120724.839,103510.6609,17214.1782,0.166303,True,Critical,False,workforce_summary.csv,2026-09|revenue_per_fte,Revenue per FTE increased by €17.2k month on month.,"The workforce schedule reports 120,724.8 versus 103,510.7 in 2026-08. FTE, payroll and recruitment cost roll forward from operating demand and attrition."
REV-202609-COMMERCIAL-DRIVERS-GROUP-ALL-ALL-PRICE-EFFECT,2026-09,Group,All,All,Commercial Drivers,Price effect,Prior year,EUR,4414986.002,0.0,4414986.002,0.122214,True,High,False,price_volume_mix.csv,2026-09|All|price_effect,Group price added year-on-year revenue by €4.4m.,"The price effect explains €4.4m of the revenue bridge versus the prior year. Price, volume and mix reconcile exactly to the reported revenue change."
REV-202609-MONTHLY-P-L-VS-BUDGET-GROUP-ALL-ALL-EBIT,2026-09,Group,All,All,Monthly P&L vs Budget,EBIT,Budget,EUR,8388351.26,7477801.82,910549.44,0.121767,True,High,False,budget_performance.csv,2026-09|All|All|ebit,Group ebit exceeded budget by €910.5k.,Actual ebit was €8.4m versus €7.5m budget. The variance represents 12.2% of the benchmark.
REV-202609-MONTHLY-P-L-VS-BUDGET-GROUP-ALL-ALL-REVENUE,2026-09,Group,All,All,Monthly P&L vs Budget,Revenue,Budget,EUR,36125024.81,32359520.83,3765503.98,0.116365,True,High,False,budget_performance.csv,2026-09|All|All|revenue,Group revenue exceeded budget by €3.8m.,Actual revenue was €36.1m versus €32.4m budget. The variance represents 11.6% of the benchmark.
REV-202609-MONTHLY-P-L-VS-BUDGET-GROUP-ALL-ALL-GROSS-PROFIT,2026-09,Group,All,All,Monthly P&L vs Budget,Gross profit,Budget,EUR,13646687.49,12365727.08,1280960.41,0.10359,True,High,False,budget_performance.csv,2026-09|All|All|gross_profit,Group gross profit exceeded budget by €1.3m.,Actual gross profit was €13.6m versus €12.4m budget. The variance represents 10.4% of the benchmark.
REV-202609-CASH-CONVERSION-GROUP-ALL-ALL-FREE-CASH-FLOW,2026-09,Group,All,All,Cash Conversion,Free cash flow,Prior month,EUR,12598963.79,11523136.6,1075827.19,0.093362,True,High,False,cash_flow.csv,2026-09|free_cash_flow,Free cash flow increased by €1.1m month on month.,"Free cash flow was €12.6m versus €11.5m in 2026-08, including operating cash generation and CAPEX."
REV-202609-COMMERCIAL-DRIVERS-GROUP-ALL-ALL-VOLUME-EFFECT,2026-09,Group,All,All,Commercial Drivers,Volume effect,Prior year,EUR,3287044.8114,0.0,3287044.8114,0.090991,True,High,False,price_volume_mix.csv,2026-09|All|volume_effect,Group volume added year-on-year revenue by €3.3m.,"The volume effect explains €3.3m of the revenue bridge versus the prior year. Price, volume and mix reconcile exactly to the reported revenue change."
REV-202609-FY-OUTLOOK-GROUP-ALL-ALL-FY-REVENUE-OUTLOOK,2026-09,Group,All,All,FY Outlook,FY revenue outlook,FY Budget,EUR,402755004.72,376179429.78,26575574.94,0.070646,True,High,False,fy_plan_bridge.csv,2026-09|latest_fy_revenue,FY revenue outlook is €26.6m above budget.,"Latest full-year outlook is €402.8m versus €376.2m budget, combining year-to-date actuals with the latest rolling forecast."
REV-202609-WORKFORCE-PRODUCTIVITY-GROUP-ALL-ALL-PERSONNEL-COST,2026-09,Group,All,All,Workforce Productivity,Personnel cost,Prior month,EUR,3147042.45,3162882.79,-15840.34,0.005008,True,Low,False,workforce_summary.csv,2026-09|personnel_cost,Personnel cost decreased by €15.8k month on month.,"The workforce schedule reports 3,147,042.5 versus 3,162,882.8 in 2026-08. FTE, payroll and recruitment cost roll forward from operating demand and attrition."
