month,division,product_family,product_subfamily,product_type,quality_tier,product,event,effective_month,successor,gross_margin,reason
2024-03,Software,Security,Protection,Compliance Monitor,Essential,SW-SEC-CMP-E,PHASE_OUT_APPROVED,2024-05,SW-SEC-CMP-E-NXT,0.5735,Trailing gross margin below 58% portfolio threshold
2024-03,Software,Security,Protection,Compliance Monitor,Essential,SW-SEC-CMP-E-NXT,REPLACEMENT_APPROVED,2024-07,,,Replacement for SW-SEC-CMP-E
2024-03,Hardware,Edge Appliances,Compute,AI Edge Appliance,Premium,HW-EDG-AI-X,PHASE_OUT_APPROVED,2024-05,,0.0991,Trailing gross margin below 22% portfolio threshold
2024-03,Events,Training & Enablement,Operational Training,Operator Academy,Essential,EV-TRN-OPR-E,PHASE_OUT_APPROVED,2024-05,EV-TRN-OPR-E-NXT,0.2488,Trailing gross margin below 25% portfolio threshold
2024-03,Events,Training & Enablement,Operational Training,Operator Academy,Essential,EV-TRN-OPR-E-NXT,REPLACEMENT_APPROVED,2024-07,,,Replacement for EV-TRN-OPR-E
2024-03,Spare Parts,Consumables,Power & Service,Service Lubricant Pack,Premium,SP-CON-LUB-X,PHASE_OUT_APPROVED,2024-05,,0.2779,Trailing gross margin below 34% portfolio threshold
2024-05,Software,Security,Protection,Compliance Monitor,Essential,SW-SEC-CMP-E,PHASE_OUT_EFFECTIVE,2024-05,SW-SEC-CMP-E-NXT,,Portfolio decision executed
2024-05,Hardware,Edge Appliances,Compute,AI Edge Appliance,Premium,HW-EDG-AI-X,PHASE_OUT_EFFECTIVE,2024-05,,,Portfolio decision executed
2024-05,Events,Training & Enablement,Operational Training,Operator Academy,Essential,EV-TRN-OPR-E,PHASE_OUT_EFFECTIVE,2024-05,EV-TRN-OPR-E-NXT,,Portfolio decision executed
2024-05,Spare Parts,Consumables,Power & Service,Service Lubricant Pack,Premium,SP-CON-LUB-X,PHASE_OUT_EFFECTIVE,2024-05,,,Portfolio decision executed
2024-07,Software,Security,Protection,Compliance Monitor,Essential,SW-SEC-CMP-E-NXT,PRODUCT_LAUNCH,2024-07,,,Replacement for SW-SEC-CMP-E
2024-07,Events,Training & Enablement,Operational Training,Operator Academy,Essential,EV-TRN-OPR-E-NXT,PRODUCT_LAUNCH,2024-07,,,Replacement for EV-TRN-OPR-E
2024-09,Software,Platform,Edge Services,API Gateway,Essential,SW-PLT-API-E,PHASE_OUT_APPROVED,2024-11,SW-PLT-API-E-NXT,0.577,Trailing gross margin below 58% portfolio threshold
2024-09,Software,Platform,Edge Services,API Gateway,Essential,SW-PLT-API-E-NXT,REPLACEMENT_APPROVED,2025-01,,,Replacement for SW-PLT-API-E
2024-09,Hardware,Network Devices,Distribution,Secure Router,Premium,HW-NET-RTR-X,PHASE_OUT_APPROVED,2024-11,,0.1096,Trailing gross margin below 22% portfolio threshold
2024-09,Spare Parts,Interface Components,User Interfaces,Connector Set,Premium,SP-INT-CNX-X,PHASE_OUT_APPROVED,2024-11,,0.2836,Trailing gross margin below 34% portfolio threshold
2024-11,Software,Platform,Edge Services,API Gateway,Essential,SW-PLT-API-E,PHASE_OUT_EFFECTIVE,2024-11,SW-PLT-API-E-NXT,,Portfolio decision executed
2024-11,Hardware,Network Devices,Distribution,Secure Router,Premium,HW-NET-RTR-X,PHASE_OUT_EFFECTIVE,2024-11,,,Portfolio decision executed
2024-11,Spare Parts,Interface Components,User Interfaces,Connector Set,Premium,SP-INT-CNX-X,PHASE_OUT_EFFECTIVE,2024-11,,,Portfolio decision executed
2025-01,Software,Platform,Edge Services,API Gateway,Essential,SW-PLT-API-E-NXT,PRODUCT_LAUNCH,2025-01,,,Replacement for SW-PLT-API-E
2025-03,Hardware,Terminals,Mobile Terminals,Rugged Terminal,Premium,HW-TRM-RUG-X,PHASE_OUT_APPROVED,2025-05,,0.1233,Trailing gross margin below 22% portfolio threshold
2025-03,Spare Parts,Mechanical Parts,Enclosures,Cooling Assembly,Premium,SP-MEC-COL-X,PHASE_OUT_APPROVED,2025-05,,0.2918,Trailing gross margin below 34% portfolio threshold
2025-05,Hardware,Terminals,Mobile Terminals,Rugged Terminal,Premium,HW-TRM-RUG-X,PHASE_OUT_EFFECTIVE,2025-05,,,Portfolio decision executed
2025-05,Spare Parts,Mechanical Parts,Enclosures,Cooling Assembly,Premium,SP-MEC-COL-X,PHASE_OUT_EFFECTIVE,2025-05,,,Portfolio decision executed
2025-09,Hardware,Sensors & Readers,Sensing,Sensor Hub,Premium,HW-SEN-HUB-X,PHASE_OUT_APPROVED,2025-11,,0.141,Trailing gross margin below 22% portfolio threshold
2025-09,Spare Parts,Maintenance Kits,Overhaul Kits,Safety Service Kit,Premium,SP-KIT-SAF-X,PHASE_OUT_APPROVED,2025-11,,0.3012,Trailing gross margin below 34% portfolio threshold
2025-11,Hardware,Sensors & Readers,Sensing,Sensor Hub,Premium,HW-SEN-HUB-X,PHASE_OUT_EFFECTIVE,2025-11,,,Portfolio decision executed
2025-11,Spare Parts,Maintenance Kits,Overhaul Kits,Safety Service Kit,Premium,SP-KIT-SAF-X,PHASE_OUT_EFFECTIVE,2025-11,,,Portfolio decision executed
2026-03,Hardware,Control Systems,Resilient Control,Safety Controller,Premium,HW-CTL-SAF-X,PHASE_OUT_APPROVED,2026-05,,0.144,Trailing gross margin below 22% portfolio threshold
2026-03,Spare Parts,Control Modules,Power & Relay,Relay Module,Premium,SP-MOD-REL-X,PHASE_OUT_APPROVED,2026-05,,0.3025,Trailing gross margin below 34% portfolio threshold
2026-05,Hardware,Control Systems,Resilient Control,Safety Controller,Premium,HW-CTL-SAF-X,PHASE_OUT_EFFECTIVE,2026-05,,,Portfolio decision executed
2026-05,Spare Parts,Control Modules,Power & Relay,Relay Module,Premium,SP-MOD-REL-X,PHASE_OUT_EFFECTIVE,2026-05,,,Portfolio decision executed
2026-09,Hardware,Terminals,Mobile Terminals,Mobile Terminal,Premium,HW-TRM-MOB-X,PHASE_OUT_APPROVED,2026-11,,0.1349,Trailing gross margin below 22% portfolio threshold
2026-09,Events,Customer Experience,Customer Events,Demonstration Center,Premium,EV-EXP-DEM-X,PHASE_OUT_APPROVED,2026-11,,0.2418,Trailing gross margin below 25% portfolio threshold
2026-09,Spare Parts,Security Components,Input Devices,Tamper Sensor,Premium,SP-SEC-SNR-X,PHASE_OUT_APPROVED,2026-11,,0.2938,Trailing gross margin below 34% portfolio threshold
