month,gross_ar,credit_loss_allowance,net_ar,gross_inventory,inventory_provision,net_inventory,inventory_provision_expense,credit_loss_expense
2023-10,26882870.93,46499.01101589528,26836371.918984104,40208386.95999999,47635.97823128056,40160750.98176871,47635.97,46499.02
2023-11,51400574.04,89428.86311197438,51311145.17688803,41586407.32,51836.13853453925,41534571.18146546,4200.15,42929.84
2023-12,53358162.03,96842.84873212548,53261319.18126787,43349184.39,59753.07690285717,43289431.31309715,7916.9400000000005,7413.9800000000005
2024-01,39665460.5,73682.27665187328,39591778.223348126,31827177.14,16999.17225102543,31810177.967748977,-42753.9,-23160.57
2024-02,42667879.67,77822.1114026095,42590057.55859739,32596400.650000002,35608.15720187628,32560792.492798127,18608.98,4139.84
2024-03,41748931.83,75526.24384741615,41673405.58615258,35933928.67000001,63804.079967746715,35870124.59003226,28195.92,-2295.8699999999994
2024-04,46605061.14,84966.25718542485,46520094.88281457,37357458.690000005,69102.97172162613,37288355.71827838,5298.899999999999,9440.02
2024-05,44928769.43,82193.10688359813,44846576.3231164,36961809.03,64718.35794401447,36897090.67205599,-4384.619999999999,-2773.14
2024-06,46057833.809999995,84467.28130380088,45973366.528696194,38677385.68,77064.75529325765,38600320.92470674,12346.41,2274.1699999999996
2024-07,43224272.349999994,79410.95248060704,43144861.39751939,35233094.669999994,90726.38151644295,35142368.28848355,13661.620000000003,-5056.33
2024-08,38467504.41,72000.56084095598,38395503.84915904,29538062.22,73407.79543399908,29464654.424565997,-17318.58,-7410.4
2024-09,46278973.41,93848.25023977192,46185125.15976023,38225377.07,137446.26886352085,38087930.80113648,64038.48,21847.69
2024-10,50220278.23,90138.81192210961,50130139.418077886,40233818.63999999,164118.00503160886,40069700.634968385,26671.72,-3709.4599999999996
2024-11,52023015.95,94851.65047575737,51928164.29952424,41849170.26,145451.78808284656,41703718.471917145,-18666.21,4712.85
2024-12,52881296.68,96910.0299501831,52784386.65004981,43655737.55,141374.5986764183,43514362.951323576,-4077.18,2058.3900000000003
2025-01,42156299.62,79333.34844199821,42076966.271558,33255625.029999994,81215.85777665165,33174409.17222334,-60158.74,-17576.69
2025-02,43598610.16,80675.20994704882,43517934.95005295,34507871.72,114665.371793333,34393206.34820667,33449.51,1341.8700000000001
2025-03,47606365.65,85885.30635191477,47520480.34364808,38716835.23,134157.68373503874,38582677.54626496,19492.3,5210.09
2025-04,47206355.88999999,86383.79283370772,47119972.09716629,37540499.74999999,93117.58982816534,37447382.16017183,-41040.090000000004,498.48
2025-05,50103481.919999994,91559.67783300883,50011922.24216699,38913181.88999999,103470.01301728011,38809711.87698271,10352.43,5175.889999999999
2025-06,50565528.059999995,91852.33041405206,50473675.729585946,39808505.53,126183.86711121692,39682321.66288878,22713.86,292.6299999999998
2025-07,46562876.39,86498.75428567461,46476377.63571432,36160650.8,131280.47934174578,36029370.32065825,5096.620000000001,-5353.570000000001
2025-08,38763631.029999994,72332.37676802721,38691298.65323197,30807961.459999997,119270.68281463513,30688690.77718536,-12009.8,-14166.39
2025-09,51645844.36,101985.35864008432,51543859.00135991,39574514.069999985,198625.0564441535,39375889.01355583,79354.38,29652.969999999998
2025-10,53268599.67999999,96478.34015480748,53172121.33984519,41312162.13999999,138260.59878193037,41173901.54121806,-60364.46000000001,-5507.010000000001
2025-11,54549805.13999999,99703.49378467987,54450101.64621531,42247952.980000004,141719.00659330058,42106233.9734067,3458.41,3225.16
2025-12,55841971.32999999,101744.09474883637,55740227.23525116,44595555.629999995,125893.88106525617,44469661.74893474,-15825.140000000003,2040.6
2026-01,43682773.53999999,80053.95784777794,43602719.58215222,33273678.09,62792.79518896785,33210885.29481103,-63101.09,-21690.14
2026-02,45601196.61,85611.67217345953,45515584.93782654,34925009.309999995,98990.81827993678,34826018.49172006,36198.03,5557.71
2026-03,51812106.01,93415.44224477511,51718690.56775522,40667675.67999999,155622.139494659,40512053.540505335,56631.32,7803.7699999999995
2026-04,51179628.849999994,93295.03000545714,51086333.81999454,43664651.16,120366.6764786511,43544284.48352134,-35255.47,-120.4200000000005
2026-05,53528859.239999995,97432.0673550636,53431427.172644936,43589259.34999999,146469.1666953274,43442790.18330466,26102.489999999998,4137.04
2026-06,51435327.849999994,94624.50283355678,51340703.34716644,42332279.05999999,147995.69680442687,42184283.36319556,1526.5299999999997,-2807.56
2026-07,50506596.08,93544.60100810662,50413051.47899189,38560598.199999996,143120.5073403302,38417477.69265966,-4875.1900000000005,-1079.9
2026-08,49800600.089999996,91830.82155540063,49708769.26844459,36990485.58999999,153815.06116128422,36836670.5288387,10694.55,-1713.79
2026-09,57987873.74999999,110276.87107201225,57877596.87892798,46855384.53999999,239082.84076649256,46616301.699233495,85267.78,18446.02
