month,entity,revenue,services_revenue,opening_mrr,ending_mrr,new_mrr,expansion_mrr,contraction_mrr,churn_mrr,arr,new_arr,expansion_arr,contraction_arr,churn_arr,recurring_revenue,recurring_mix,nrr,grr,arr_rollforward_gap
2023-10,DE01,621438.3,77337.0068,0.0,544101.2932,544101.2932,0.0,0.0,0.0,6529215.5184,6529215.5184,0.0,0.0,0.0,544101.2932,0.8755515924911611,0.0,0.0,0.0
2023-10,JP01,515254.67,65366.087600000006,0.0,449888.5824,449888.5824,0.0,0.0,0.0,5398662.9888,5398662.9888,0.0,0.0,0.0,449888.5824,0.8731382917887964,0.0,0.0,0.0
2023-10,US01,774044.43,96400.0344,0.0,677644.3956,677644.3956,0.0,0.0,0.0,8131732.7472,8131732.7472,0.0,0.0,0.0,677644.3956,0.8754593009602821,0.0,0.0,0.0
2023-11,DE01,631396.3,78888.4932,544101.2932,552507.8068,0.0,26182.697199999995,17776.183599999997,0.0,6630093.6816,0.0,314192.36639999994,213314.2032,0.0,552507.8068,0.8750570866506503,1.0154502731477795,0.9673292752247404,0.0
2023-11,JP01,531117.23,67518.9556,449888.5824,463598.2744,0.0,23252.382,9542.689999999999,0.0,5563179.2928,0.0,279028.58400000003,114512.27999999998,0.0,463598.2744,0.8728737239422641,1.0304735273050574,0.9787887704349084,0.0
2023-11,US01,783227.43,97471.3102,677644.3956,685756.1198,0.0,38890.1222,30778.397999999997,0.0,8229073.4376,0.0,466681.4664,369340.77599999995,0.0,685756.1198,0.8755517152916873,1.0119704733820127,0.9545803105583892,0.0
2023-12,DE01,625517.62,77841.8724,552507.8068,547675.7476,0.0,22151.244200000005,26983.303399999997,0.0,6572108.9712000005,0.0,265814.93040000007,323799.6408,0.0,547675.7476,0.875556067629238,0.991254315069345,0.9511621318868214,0.0
2023-12,JP01,524018.76,66131.9642,463598.2744,457886.7958,0.0,18121.439000000002,23832.9176,0.0,5494641.5496,0.0,217457.268,285995.0112,0.0,457886.7958,0.873798479657484,0.9876801124693747,0.948591444541408,0.0
2023-12,US01,802661.65,99739.945,685756.1198,702921.705,0.0,43578.0176,26412.432399999998,0.0,8435060.46,0.0,522936.21119999996,316949.1888,0.0,702921.705,0.8757384945449929,1.0250316179533423,0.9614842191890272,0.0
2024-01,DE01,627967.25,78476.698,547675.7476,549490.552,0.0,23666.3496,21851.545199999997,0.0,6593886.624,0.0,283996.1952,262218.5424,0.0,549490.552,0.8750305879805038,1.0033136475514073,0.9601013094047767,-1.3969838619232178e-09
2024-01,JP01,525500.61,66437.4714,457886.7958,459063.1386,0.0,22425.612599999997,21249.2698,0.0,5508757.6632,0.0,269107.3512,254991.2376,0.0,459063.1386,0.8735729890018586,1.002569069059842,0.953592743894538,0.0
2024-01,US01,794147.59,99255.4178,702921.705,694892.1722,0.0,32094.328599999997,40123.86139999999,0.0,8338706.0664,0.0,385131.9432,481486.3367999999,0.0,694892.1722,0.8750164087257383,0.9885769172542482,0.942918448648559,0.0
2024-02,DE01,647730.73,81161.6648,549490.552,566569.0652,0.0,29582.474199999986,12503.961,0.0,6798828.7824,0.0,354989.69039999985,150047.53199999998,0.0,566569.0652,0.8746984494621708,1.0310806312098337,0.9772444476897939,0.0
2024-02,JP01,525271.49,66388.0614,459063.1386,458883.4286,0.0,17734.382799999992,17914.0928,0.0,5506601.1432,0.0,212812.5935999999,214969.11359999998,0.0,458883.4286,0.8736119080058962,0.9996085287950845,0.9609768432842759,0.0
2024-02,US01,813739.02,101301.7108,694892.1722,712437.3092,0.0,45248.24459999999,27703.1076,0.0,8549247.7104,0.0,542978.9351999998,332437.29120000004,0.0,712437.3092,0.8755108108248268,1.025248718724882,0.9601332282787226,0.0
2024-03,DE01,660510.42,83326.3398,566569.0652,577184.0802,0.0,35822.280600000006,25207.2656,0.0,6926208.9624,0.0,429867.3672000001,302487.1872,0.0,577184.0802,0.8738455332771282,1.0187356063929345,0.9555089270694618,0.0
2024-03,JP01,534671.72,67099.997,458883.4286,467571.723,0.0,26536.813000000006,17848.5186,0.0,5610860.676,0.0,318441.75600000005,214182.22319999998,0.0,467571.723,0.8745024386178495,1.0189335544900957,0.9611044603322161,0.0
2024-03,US01,808217.47,100161.6086,712437.3092,708055.8614,0.0,31763.718400000012,36145.16619999999,0.0,8496670.3368,0.0,381164.62080000015,433741.99439999997,0.0,708055.8614,0.8760709681269325,0.9938500584635019,0.949265478192618,0.0
2024-04,DE01,653490.55,81903.1586,577184.0802,571587.3914,0.0,24013.927999999996,29610.616800000003,0.0,6859048.6968,0.0,288167.136,355327.40160000004,0.0,571587.3914,0.8746681821183182,0.9903034595166577,0.9486981401327985,0.0
2024-04,JP01,551915.83,69457.62400000001,467571.723,482458.206,0.0,25461.21539999999,10574.7324,0.0,5789498.472,0.0,305534.5847999999,126896.78880000001,0.0,482458.206,0.8741517814410216,1.0318378598784512,0.97738372129916,0.0
2024-04,US01,823687.45,102296.0246,708055.8614,721391.4254,0.0,33019.85619999999,19684.2922,0.0,8656697.1048,0.0,396238.2743999999,236211.50639999998,0.0,721391.4254,0.8758072317357755,1.0188340563605143,0.9721995208667867,1.3969838619232178e-09
2024-05,DE01,648518.74,81677.4866,571587.3914,566841.2534,0.0,29729.818199999998,21215.8602,13260.096000000001,6802095.0408,0.0,356757.8184,254590.32239999998,159121.152,566841.2534,0.8740553178154884,0.9916965663144262,0.9396838406187418,-1.3969838619232178e-09
2024-05,JP01,544254.6,69305.52140000001,482458.206,474949.0786,0.0,30895.362800000006,25144.3852,13260.105,5699388.9432,0.0,370744.3536000001,301732.6224,159121.26,474949.0786,0.8726597415988767,0.9844356934826392,0.920398306584094,0.0
2024-05,US01,811773.88,101630.76680000001,721391.4254,710143.1132,0.0,29659.434599999997,21754.270800000002,19153.476000000002,8521717.3584,0.0,355913.2152,261051.2496,229841.712,710143.1132,0.8748040934748973,0.9844074772669178,0.9432932727508961,-1.3969838619232178e-09
2024-06,DE01,656988.94,82326.6568,566841.2534,574662.2832,0.0,35557.582800000004,27736.553,0.0,6895947.3984,0.0,426690.99360000005,332838.636,0.0,574662.2832,0.8746909547670619,1.0137975663434662,0.9510682173648585,1.3969838619232178e-09
2024-06,JP01,542679.19,69062.7096,474949.0786,473616.4804,0.0,24721.095,26053.6932,0.0,5683397.7648,0.0,296653.14,312644.3184,0.0,473616.4804,0.8727375015061846,0.9971942293183764,0.9451442388796751,0.0
2024-06,US01,821079.78,102797.1178,710143.1132,718282.6622,0.0,40519.144,32379.595,0.0,8619391.9464,0.0,486229.728,388555.14,0.0,718282.6622,0.874802521869434,1.0114618431816118,0.9544041272834525,0.0
2024-07,DE01,682672.37,84522.4546,574662.2832,598149.9154,24028.235999999997,22243.172800000004,22783.776599999994,0.0,7177798.9848,288338.832,266918.07360000006,273405.3191999999,0.0,598149.9154,0.8761888450238583,0.9990592669541672,0.9603527545376237,0.0
2024-07,JP01,561375.93,70717.716,473616.4804,490658.214,14416.946999999998,25084.034600000003,22459.247999999992,0.0,5887898.568,173003.364,301008.4152,269510.9759999999,0.0,490658.214,0.8740278800339728,1.0055420085842097,0.952579251505286,6.984919309616089e-10
2024-07,US01,853952.24,106559.5338,718282.6622,747392.7062,28833.885,34344.778000000006,34068.61899999999,0.0,8968712.4744,346006.62,412137.33600000007,408823.4279999999,0.0,747392.7062,0.8752160497875151,1.0003844712040721,0.9525693424150703,1.3969838619232178e-09
2024-08,DE01,699532.71,87335.0814,598149.9154,612197.6286,0.0,35093.1512,21045.438000000006,0.0,7346371.5432,0.0,421117.81440000003,252545.25600000005,0.0,612197.6286,0.8751522549960531,1.0234852715654166,0.9648157803618074,0.0
2024-08,JP01,564883.49,70679.3162,490658.214,494204.1738,0.0,22168.068199999998,18622.108400000005,0.0,5930450.0856,0.0,266016.8184,223465.30080000006,0.0,494204.1738,0.8748780634392412,1.0072269447424351,0.9620466796057754,-6.984919309616089e-10
2024-08,US01,870131.36,108204.62939999999,747392.7062,761926.7306,0.0,42563.6398,28029.6154,0.0,9143120.7672,0.0,510763.67759999994,336355.3848,0.0,761926.7306,0.8756456388377958,1.0194463021640872,0.9624968036649539,0.0
2024-09,DE01,703027.46,87753.6408,612197.6286,615273.8192,0.0,27969.645999999997,24893.4554,0.0,7383285.8304,0.0,335635.752,298721.4648,0.0,615273.8192,0.8751775061531737,1.0050248325970075,0.9593375501030159,0.0
2024-09,JP01,562061.21,70772.2362,494204.1738,491288.9738,0.0,18113.037000000004,21028.237,0.0,5895467.6856,0.0,217356.44400000005,252338.84399999998,0.0,491288.9738,0.8740844681311489,0.9941012234324436,0.9574503047226186,0.0
2024-09,US01,867784.87,107609.54079999999,761926.7306,760175.3292,0.0,27130.5426,28881.943999999996,0.0,9122103.9504,0.0,325566.5112,346583.328,0.0,760175.3292,0.8759951405928523,0.997701351941517,0.9620935414915078,0.0
2024-10,DE01,715474.64,89424.31139999999,615273.8192,626050.3286,0.0,35342.06580000001,24565.556399999998,0.0,7512603.943200001,0.0,424104.7896000001,294786.67679999996,0.0,626050.3286,0.8750140027325077,1.0175149812387791,0.9600737823820604,0.0
2024-10,JP01,587960.11,74489.2552,491288.9738,513470.8548,0.0,37842.9352,15661.0542,0.0,6161650.2576,0.0,454115.22239999997,187932.6504,0.0,513470.8548,0.8733089984624977,1.0451503741849295,0.9681225204814479,0.0
2024-10,US01,892544.82,111243.9302,760175.3292,781300.8898,0.0,47118.379799999995,25992.819199999998,0.0,9375610.6776,0.0,565420.5576,311913.8304,0.0,781300.8898,0.8753632000239495,1.0277903791250793,0.9658068103481409,0.0
2024-11,DE01,695366.55,88469.4748,626050.3286,606897.0752,0.0,37612.8304,25577.476600000005,31188.607200000002,7282764.9024,0.0,451353.96479999996,306929.71920000005,374263.28640000004,606897.0752,0.8727728925125892,0.9694062082151904,0.9093266448291103,0.0
2024-11,JP01,561586.11,72011.6132,513470.8548,489574.4968,0.0,27677.2658,28182.173000000003,23391.4508,5874893.9616,0.0,332127.18960000004,338186.076,280697.4096,489574.4968,0.8717710215446747,0.953461120964095,0.8995588097788174,0.0
2024-11,US01,865642.11,108770.27100000001,781300.8898,756871.839,0.0,34411.361,27651.786199999995,31188.625600000003,9082462.068,0.0,412936.33199999994,331821.4343999999,374263.5072,756871.839,0.8743472969446924,0.9687328516850232,0.9246891785633802,0.0
2024-12,DE01,687696.76,87215.2326,606897.0752,600481.5274,0.0,25431.389399999996,31846.937200000004,0.0,7205778.3288,0.0,305176.67279999994,382163.24640000006,0.0,600481.5274,0.8731777759139072,0.9894289360384776,0.9475249782848186,-1.3969838619232178e-09
2024-12,JP01,581547.28,74859.156,489574.4968,506688.124,0.0,36109.004799999995,18995.3776,0.0,6080257.488,0.0,433308.05759999994,227944.5312,0.0,506688.124,0.8712758900703653,1.034956124781539,0.9612002305590686,6.984919309616089e-10
2024-12,US01,878484.84,110712.14660000001,756871.839,767772.6934,0.0,36676.518399999986,25775.664,0.0,9213272.3208,0.0,440118.22079999984,309307.968,0.0,767772.6934,0.8739737539466248,1.0144025102247198,0.9659444800667237,0.0
2025-01,DE01,730802.6,91038.2302,600481.5274,639764.3698,29529.4516,31548.3108,21794.919999999995,0.0,7677172.4376,354353.4192,378579.7296,261539.03999999995,0.0,639764.3698,0.8754270575939385,1.0162426158923334,0.9637042623203266,0.0
2025-01,JP01,598285.56,75430.0316,506688.124,522855.5284,21092.472,21410.9072,26335.974799999996,0.0,6274266.3408,253109.664,256930.88640000002,316031.69759999996,0.0,522855.5284,0.8739230283278104,0.9902798834890395,0.9480233035815143,6.984919309616089e-10
2025-01,US01,922508.64,115138.70120000001,767772.6934,807369.9388,28123.2868,35312.4532,23838.49459999999,0.0,9688439.2656,337479.4416,423749.43840000004,286061.9351999999,0.0,807369.9388,0.8751895687394321,1.0149444734081239,0.9689511038814969,0.0
2025-02,DE01,732179.75,90976.9344,639764.3698,641202.8156,0.0,24844.781999999992,23406.3362,0.0,7694433.7872,0.0,298137.3839999999,280876.0344,0.0,641202.8156,0.8757450825429137,1.002248399360611,0.9634141297876323,0.0
2025-02,JP01,606867.23,76457.6698,522855.5284,530409.5602,0.0,26992.574799999995,19438.543,0.0,6364914.7224,0.0,323910.8975999999,233262.516,0.0,530409.5602,0.8740125252767397,1.0144476464141372,0.9628223439475064,1.3969838619232178e-09
2025-02,US01,920625.16,114661.18119999999,807369.9388,805963.9788,0.0,36467.31419999999,37873.2742,0.0,9671567.7456,0.0,437607.7703999999,454479.2904,0.0,805963.9788,0.8754529137569953,0.9982585925826151,0.9530905569059317,0.0
2025-03,DE01,750166.51,93545.3472,641202.8156,656621.1628,0.0,36063.4038,20645.056599999996,0.0,7879453.9536,0.0,432760.8456,247740.67919999996,0.0,656621.1628,0.875300555339374,1.0240459755086577,0.9678026108156098,-1.3969838619232178e-09
2025-03,JP01,600048.53,75382.3284,530409.5602,524666.2016,0.0,23856.220400000006,29599.578999999998,0.0,6295994.4192,0.0,286274.64480000007,355194.948,0.0,524666.2016,0.8743729471347926,0.9891718418539922,0.9441948614409609,-1.3969838619232178e-09
2025-03,US01,925532.31,114839.3652,805963.9788,810692.9448,0.0,42669.2008,37940.2348,0.0,9728315.3376,0.0,512030.40959999996,455282.81759999995,0.0,810692.9448,0.8759207388448708,1.005867465698704,0.9529256445722435,0.0
2025-04,DE01,761822.84,94911.9962,656621.1628,666910.8438,0.0,28573.576200000003,18283.8952,0.0,8002930.1256,0.0,342882.91440000007,219406.7424,0.0,666910.8438,0.8754146092548237,1.0156706508759512,0.9721545752165026,0.0
2025-04,JP01,618173.43,78332.3878,524666.2016,539841.0422,0.0,34250.4432,19075.602600000002,0.0,6478092.5064,0.0,411005.3184,228907.2312,0.0,539841.0422,0.8732841238420745,1.0289228476195407,0.963642402461169,0.0
2025-04,US01,940565.21,116543.2594,810692.9448,824021.9506,0.0,43107.93300000001,29778.927200000002,0.0,9888263.4072,0.0,517295.1960000001,357347.1264,0.0,824021.9506,0.8760923132591731,1.0164414972222167,0.9632673166936878,0.0
2025-05,DE01,763763.57,95533.29179999999,666910.8438,668230.2782000001,0.0,23539.256400000002,22219.822,0.0,8018763.3384,0.0,282471.07680000004,266637.864,0.0,668230.2782000001,0.8749177159628079,1.0019784269700607,0.9666824700684226,-1.3969838619232178e-09
2025-05,JP01,616363.4,77682.1266,539841.0422,538681.2734000001,0.0,23371.063200000004,24530.831999999995,0.0,6464175.2808,0.0,280452.75840000005,294369.98399999994,0.0,538681.2734000001,0.8739670029077004,0.9978516475974601,0.9545591570807026,0.0
2025-05,US01,951877.53,118488.8576,824021.9506,833388.6724,0.0,41182.9482,31816.226399999996,0.0,10000664.0688,0.0,494195.37840000005,381794.71679999994,0.0,833388.6724,0.8755209006772121,1.0113670780167685,0.9613891033159572,-1.3969838619232178e-09
2025-06,DE01,768954.13,95244.39719999999,668230.2782000001,673709.7328,0.0,31487.126400000005,26007.671799999996,0.0,8084516.7936,0.0,377845.51680000004,312092.06159999996,0.0,673709.7328,0.8761377389311895,1.0081999495963574,0.9610797764655974,0.0
2025-06,JP01,635120.07,80045.6834,538681.2734000001,555074.3866,0.0,33810.136,17417.022800000002,0.0,6660892.6392,0.0,405721.632,209004.27360000001,0.0,555074.3866,0.8739676367021436,1.03043193444712,0.9676672948178265,0.0
2025-06,US01,962174.36,119292.04599999999,833388.6724,842882.314,0.0,31019.4734,21525.8318,0.0,10114587.768,0.0,372233.6808,258309.9816,0.0,842882.314,0.8760182655459662,1.0113916134384933,0.9741707170820911,0.0
2025-07,DE01,770646.51,96345.6698,673709.7328,674300.8402,0.0,30734.5154,30143.408000000007,0.0,8091610.0824,0.0,368814.1848,361720.89600000007,0.0,674300.8402,0.874980722614315,1.0008773918072154,0.9552575738000381,0.0
2025-07,JP01,638190.11,80273.6584,555074.3866,557916.4516,0.0,26137.7058,23295.6408,0.0,6694997.4192,0.0,313652.46959999995,279547.6896,0.0,557916.4516,0.8742166994721997,1.0051201515843822,0.9580314974670459,-1.3969838619232178e-09
2025-07,US01,983710.2000000001,122216.0562,842882.314,861494.1438,0.0,40406.663,21794.833199999997,0.0,10337929.7256,0.0,484879.956,261537.99839999998,0.0,861494.1438,0.8757601006881904,1.022081172532468,0.9741424955323004,0.0
2025-08,DE01,783265.11,98000.6706,674300.8402,685264.4394,0.0,35708.514599999995,24744.915400000016,0.0,8223173.272799999,0.0,428502.17519999994,296938.9848000002,0.0,685264.4394,0.8748818639451463,1.0162592103500094,0.9633028554544576,-1.3969838619232178e-09
2025-08,JP01,658777.62,83223.799,557916.4516,575553.821,0.0,38836.1564,21198.78700000001,0.0,6906645.852,0.0,466033.87679999997,254385.44400000013,0.0,575553.821,0.8736693590167802,1.031612922238481,0.9620036531649033,0.0
2025-08,US01,979283.84,122270.32860000001,861494.1438,857013.5114,0.0,31239.766199999995,35720.39860000002,0.0,10284162.1368,0.0,374877.1943999999,428644.78320000024,0.0,857013.5114,0.8751431162184806,0.9947989984235571,0.9585366901712884,-1.3969838619232178e-09
2025-09,DE01,803407.79,100427.7966,685264.4394,702979.9934,0.0,46100.41220000001,28384.8582,0.0,8435759.9208,0.0,553204.9464000001,340618.29839999997,0.0,702979.9934,0.8749977311024082,1.0258521425911307,0.9585782413795569,0.0
2025-09,JP01,665617.74,84273.1196,575553.821,581344.6204,0.0,38224.223000000005,32433.423599999995,0.0,6976135.4448,0.0,458690.67600000004,389201.08319999994,0.0,581344.6204,0.8733911154471334,1.0100612648004643,0.9436483219872499,0.0
2025-09,US01,987656.78,122677.9604,857013.5114,864978.8196,0.0,42863.37080000001,34898.0626,0.0,10379745.8352,0.0,514360.44960000017,418776.7512,0.0,864978.8196,0.8757888743496501,1.0092942621021086,0.9592794487650596,0.0
2025-10,DE01,819095.4,102424.1908,702979.9934,716671.2092,0.0,35549.22739999998,21858.011599999998,0.0,8600054.5104,0.0,426590.72879999975,262296.1392,0.0,716671.2092,0.874954503712266,1.0194759679201988,0.9689066377347633,0.0
2025-10,JP01,678511.8099999999,85736.7266,581344.6204,592775.0834,0.0,32940.12699999999,21509.664,0.0,7113301.0008,0.0,395281.524,258115.968,0.0,592775.0834,0.8736400378941084,1.0196621119365226,0.9630001495753069,0.0
2025-10,US01,1012386.25,126324.9072,864978.8196,886061.3428,0.0,47484.479799999994,26401.956599999998,0.0,10632736.1136,0.0,569813.7575999999,316823.47919999994,0.0,886061.3428,0.875220641133757,1.0243734559994768,0.9694767594283877,0.0
2025-11,DE01,824405.33,102685.8538,716671.2092,721719.4762,0.0,27385.317000000014,22337.05,0.0,8660633.7144,0.0,328623.8040000002,268044.6,0.0,721719.4762,0.8754425158799011,1.007044048840242,0.9688322208102453,0.0
2025-11,JP01,690835.74,87144.3546,592775.0834,603691.3854,0.0,32442.5298,21526.2278,0.0,7244296.6248,0.0,389310.3576,258314.7336,0.0,603691.3854,0.8738566209675256,1.0184155884849055,0.9636856737018512,0.0
2025-11,US01,1040772.17,129504.236,886061.3428,911267.934,0.0,49286.93220000001,24080.341,0.0,10935215.208,0.0,591443.1864000001,288964.092,0.0,911267.934,0.8755690825207211,1.028447907591077,0.9728231671591666,0.0
2025-12,DE01,827130.13,103170.8878,721719.4762,723959.2422,0.0,33600.69499999999,31360.929,0.0,8687510.9064,0.0,403208.3399999999,376331.14800000004,0.0,723959.2422,0.8752664374588797,1.0031033747513547,0.9565469271175531,0.0
2025-12,JP01,696583.87,88089.5642,603691.3854,608494.3058,0.0,35939.9708,31137.0504,0.0,7301931.6696,0.0,431279.6496,373644.6048,0.0,608494.3058,0.873540620169686,1.0079559200547772,0.9484222383273386,1.3969838619232178e-09
2025-12,US01,1033741.14,128597.32759999999,911267.934,905143.8124,0.0,36537.24279999999,42661.364400000006,0.0,10861725.7488,0.0,438446.9135999999,511936.3728,0.0,905143.8124,0.8756000679241615,0.9932795598621382,0.9531846092589493,0.0
2026-01,DE01,824720.26,103564.2846,723959.2422,721155.9754,0.0,34190.0106,36993.27739999999,0.0,8653871.7048,0.0,410280.12720000005,443919.32879999984,0.0,721155.9754,0.8744249539837908,0.9961278665474574,0.9489014363742588,0.0
2026-01,JP01,666552.84,84377.5716,608494.3058,582175.2684000001,0.0,18647.2378,44966.2752,0.0,6986103.2208,0.0,223766.85359999997,539595.3023999999,0.0,582175.2684000001,0.8734120289698264,0.9567472741336538,0.9261023895024261,-1.3969838619232178e-09
2026-01,US01,1019508.7,126527.635,905143.8124,892981.0650000001,0.0,34189.697400000005,46352.44479999998,0.0,10715772.78,0.0,410276.36880000005,556229.3375999999,0.0,892981.0650000001,0.8758935210655878,0.9865626354250269,0.948789966671599,1.3969838619232178e-09
2026-02,DE01,838223.83,104976.3666,721155.9754,733247.4634,0.0,46008.3542,33916.8662,0.0,8798969.5608,0.0,552100.2504,407002.3944,0.0,733247.4634,0.8747633235385351,1.0167668138550656,0.9529687510650001,0.0
2026-02,JP01,688429.15,86663.7884,582175.2684000001,601765.3616,0.0,43064.13939999999,23474.0462,0.0,7221184.3392,0.0,516769.67279999994,281688.5544,0.0,601765.3616,0.874113714679281,1.0336498203605242,0.9596787299733395,1.3969838619232178e-09
2026-02,US01,1031074.72,128167.54759999999,892981.0650000001,902907.1724,0.0,44363.37300000001,34437.2656,0.0,10834886.0688,0.0,532360.476,413247.1872,0.0,902907.1724,0.8756951895785012,1.0111156975092188,0.9614356149869762,0.0
2026-03,DE01,860159.24,108356.0864,733247.4634,751803.1536,0.0,41957.69139999999,23402.0012,0.0,9021637.8432,0.0,503492.2967999999,280824.0144,0.0,751803.1536,0.8740278760476955,1.025306177145106,0.9680844430180676,1.3969838619232178e-09
2026-03,JP01,727869.52,92322.9506,601765.3616,635546.5694,0.0,59064.7206,25283.5128,0.0,7626558.8328,0.0,708776.6472,303402.1536,0.0,635546.5694,0.8731600265388225,1.0561368432875249,0.9579844331139713,-1.3969838619232178e-09
2026-03,US01,1086297.7,134506.4096,902907.1724,951791.2904,0.0,68651.67839999999,19767.560400000002,0.0,11421495.4848,0.0,823820.1407999999,237210.72480000003,0.0,951791.2904,0.8761790533110768,1.0541408015068283,0.9781067633481566,0.0
2026-04,DE01,883747.55,110692.12280000001,751803.1536,773055.4272,0.0,42619.181399999994,21366.907799999997,0.0,9276665.1264,0.0,511430.17679999996,256402.89359999998,0.0,773055.4272,0.8747468971201108,1.0282684017727695,0.9715791192179962,-1.3969838619232178e-09
2026-04,JP01,741056.59,93436.6706,635546.5694,647619.9194,0.0,45156.154,33082.804,0.0,7771439.0328,0.0,541873.848,396993.648,0.0,647619.9194,0.8739142572094258,1.0189967983170738,0.9479459010671202,0.0
2026-04,US01,1101695.33,135976.1024,951791.2904,965719.2276,0.0,51181.719399999994,37253.7822,0.0,11588630.7312,0.0,614180.6328,447045.3864000001,0.0,965719.2276,0.8765755842860838,1.014633394254056,0.9608592949150189,0.0
2026-05,DE01,885391.85,109929.5894,773055.4272,775462.2606,0.0,32936.63000000001,30529.7966,0.0,9305547.1272,0.0,395239.5600000001,366357.5592,0.0,775462.2606,0.8758407484776374,1.0031134034059077,0.9605076227062027,0.0
2026-05,JP01,748277.66,94807.38040000001,647619.9194,653470.2796,0.0,40595.8168,34745.456600000005,0.0,7841643.3552,0.0,487149.80159999995,416945.47920000006,0.0,653470.2796,0.8732991969852474,1.0090336322660058,0.9463489995301709,0.0
2026-05,US01,1100147.2,137312.679,965719.2276,962834.521,0.0,44650.8672,47535.5738,0.0,11554014.252,0.0,535810.4064,570426.8856,0.0,962834.521,0.875186994067703,0.9970128930670987,0.9507770245828747,0.0
2026-06,DE01,913395.84,114685.9712,775462.2606,798709.8688,0.0,54679.440800000004,31431.8326,0.0,9584518.4256,0.0,656153.2896,377181.9912,0.0,798709.8688,0.8744400114631572,1.0299790323542148,0.959466973188766,0.0
2026-06,JP01,761159.52,95935.9784,653470.2796,665223.5416,0.0,38834.558600000004,27081.296599999994,0.0,7982682.4992,0.0,466014.7032,324975.5591999999,0.0,665223.5416,0.8739607455740683,1.0179859166773344,0.9585577225997532,0.0
2026-06,US01,1130166.27,140776.099,962834.521,989390.171,0.0,53848.156,27292.50599999999,0.0,11872682.052000001,0.0,646177.8720000001,327510.07199999987,0.0,989390.171,0.8754377097097403,1.0275806999238242,0.9716540013836916,0.0
2026-07,DE01,899460.19,112424.8472,798709.8688,787035.3428,0.0,25647.275999999998,37321.802,0.0,9444424.1136,0.0,307767.312,447861.62400000007,0.0,787035.3428,0.8750085346189697,0.9853832706267419,0.9532723915680757,0.0
2026-07,JP01,739957.45,93057.0598,665223.5416,646900.3902,0.0,21030.274400000002,39353.4258,0.0,7762804.6824,0.0,252363.2928,472241.10959999997,0.0,646900.3902,0.8742399852856405,0.9724556479827382,0.9408418022829637,0.0
2026-07,US01,1132865.88,140336.5104,989390.171,992529.3696,0.0,37939.34919999999,34800.1506,0.0,11910352.4352,0.0,455272.1903999999,417601.80720000004,0.0,992529.3696,0.8761225729562974,1.0031728621245823,0.9648266663445557,-1.3969838619232178e-09
2026-08,DE01,917130.34,115452.4112,787035.3428,801677.9288,0.0,38947.052,24304.466,0.0,9620135.1456,0.0,467364.624,291653.592,0.0,801677.9288,0.8741155905931539,1.018604737555885,0.9691189649583802,0.0
2026-08,JP01,776565.13,99085.981,646900.3902,677479.149,0.0,50657.807599999986,20079.048799999997,0.0,8129749.788,0.0,607893.6911999999,240948.5856,0.0,677479.149,0.8724048026725073,1.0472696558283818,0.9689611428526234,0.0
2026-08,US01,1148086.16,142348.7162,992529.3696,1005737.4438,0.0,53012.077600000004,39804.003399999994,0.0,12068849.3256,0.0,636144.9312,477648.04079999996,0.0,1005737.4438,0.8760121660207105,1.0133074895358742,0.9598963974073216,-1.3969838619232178e-09
2026-09,DE01,948116.76,118191.40580000001,801677.9288,829925.3542,0.0,57740.945799999994,29493.520399999998,0.0,9959104.2504,0.0,692891.3496,353922.2447999999,0.0,829925.3542,0.8753408748939318,1.035235378679169,0.9632102626997007,0.0
2026-09,JP01,799035.7,101179.9664,677479.149,697855.7336,0.0,49486.584599999995,29110.0,0.0,8374268.8032,0.0,593839.0151999999,349320.0,0.0,697855.7336,0.8733724082666144,1.0300770652943003,0.9570318879289966,-1.3969838619232178e-09
2026-09,US01,1211429.73,151516.309,1005737.4438,1059913.421,0.0,83796.87899999997,29620.9018,0.0,12718961.052,0.0,1005562.5479999997,355450.8216,0.0,1059913.421,0.8749276947330656,1.0538669187808158,0.9705480769532825,-2.7939677238464355e-09
