month,source_entity,destination_entity,transfer_type,amount
2023-10,CN01,DE01,surplus_sweep,17335264.69
2023-10,CZ01,DE01,surplus_sweep,20058302.2
2023-10,DE01,ES01,liquidity_funding,8531162.82
2023-10,DE01,JP01,liquidity_funding,7318024.17
2023-10,DE01,US01,liquidity_funding,9077590.31
2023-11,DE01,CN01,liquidity_funding,173046.83
2023-11,CZ01,DE01,surplus_sweep,356311.89
2023-11,DE01,ES01,liquidity_funding,5166396.42
2023-11,DE01,JP01,liquidity_funding,4208297.84
2023-11,DE01,US01,liquidity_funding,4865065.85
2023-12,CN01,DE01,surplus_sweep,468213.3
2023-12,CZ01,DE01,surplus_sweep,781966.23
2023-12,ES01,DE01,surplus_sweep,152437.05
2023-12,DE01,JP01,liquidity_funding,788781.77
2023-12,DE01,US01,liquidity_funding,184645.22
2024-01,DE01,CN01,liquidity_funding,11542378.21
2024-01,DE01,CZ01,liquidity_funding,13257226.83
2024-01,ES01,DE01,surplus_sweep,6621549.37
2024-01,JP01,DE01,surplus_sweep,3894500.98
2024-01,US01,DE01,surplus_sweep,4366972.18
2024-02,CN01,DE01,surplus_sweep,3160953.06
2024-02,CZ01,DE01,surplus_sweep,4185784.54
2024-02,ES01,DE01,surplus_sweep,3133009.78
2024-02,JP01,DE01,surplus_sweep,2082879.79
2024-02,US01,DE01,surplus_sweep,2141818.64
2024-03,CN01,DE01,surplus_sweep,5955067.7
2024-03,CZ01,DE01,surplus_sweep,6981497.75
2024-03,US01,DE01,surplus_sweep,544255.07
2024-04,CN01,DE01,surplus_sweep,739681.12
2024-04,CZ01,DE01,surplus_sweep,816421.9
2024-04,ES01,DE01,surplus_sweep,368572.42
2024-04,US01,DE01,surplus_sweep,298980.95
2024-05,DE01,CN01,liquidity_funding,227171.46
2024-05,ES01,DE01,surplus_sweep,1001868.44
2024-05,JP01,DE01,surplus_sweep,1001077.6
2024-05,US01,DE01,surplus_sweep,1021056.66
2024-06,CN01,DE01,surplus_sweep,871740.69
2024-06,CZ01,DE01,surplus_sweep,1360844.41
2024-06,US01,DE01,surplus_sweep,349556.5
2024-07,DE01,CN01,liquidity_funding,3584177.06
2024-07,DE01,CZ01,liquidity_funding,3026303.03
2024-07,ES01,DE01,surplus_sweep,1713456.19
2024-07,JP01,DE01,surplus_sweep,2390765.6
2024-07,US01,DE01,surplus_sweep,1768630.32
2024-08,DE01,CN01,liquidity_funding,3205064.25
2024-08,DE01,CZ01,liquidity_funding,3555263.63
2024-08,ES01,DE01,surplus_sweep,3453370.1
2024-08,JP01,DE01,surplus_sweep,3744816.56
2024-08,US01,DE01,surplus_sweep,3029349.2
2024-09,CN01,DE01,surplus_sweep,6230351.85
2024-09,CZ01,DE01,surplus_sweep,7062505.24
2024-09,DE01,ES01,liquidity_funding,911033.09
2024-09,DE01,JP01,liquidity_funding,1357047.07
2024-09,DE01,US01,liquidity_funding,915436.78
2024-10,CN01,DE01,surplus_sweep,1566401.76
2024-10,CZ01,DE01,surplus_sweep,1142767.83
2024-11,CN01,DE01,surplus_sweep,1327299.22
2024-11,CZ01,DE01,surplus_sweep,612656.99
2024-11,ES01,DE01,surplus_sweep,1005903.47
2024-11,US01,DE01,surplus_sweep,397923.04
2024-12,CN01,DE01,surplus_sweep,552528.1
2024-12,CZ01,DE01,surplus_sweep,1156235.66
2024-12,ES01,DE01,surplus_sweep,454066.54
2024-12,US01,DE01,surplus_sweep,140262.1
2025-01,DE01,CN01,liquidity_funding,10678697.64
2025-01,DE01,CZ01,liquidity_funding,10972371.7
2025-01,ES01,DE01,surplus_sweep,5434013.63
2025-01,JP01,DE01,surplus_sweep,4681916.75
2025-01,US01,DE01,surplus_sweep,3896716.43
2025-02,CN01,DE01,surplus_sweep,3748225.63
2025-02,CZ01,DE01,surplus_sweep,4446237.5
2025-02,ES01,DE01,surplus_sweep,2661954.37
2025-02,JP01,DE01,surplus_sweep,2010700.52
2025-02,US01,DE01,surplus_sweep,1652462.86
2025-03,CN01,DE01,surplus_sweep,5584066.29
2025-03,CZ01,DE01,surplus_sweep,6273917.42
2025-03,DE01,ES01,liquidity_funding,124940.81
2025-04,DE01,CN01,liquidity_funding,1332472.09
2025-04,DE01,CZ01,liquidity_funding,2494679.84
2025-04,ES01,DE01,surplus_sweep,602644.9
2025-04,JP01,DE01,surplus_sweep,338356.15
2025-04,US01,DE01,surplus_sweep,1014725.78
2025-05,CN01,DE01,surplus_sweep,445287.03
2025-05,CZ01,DE01,surplus_sweep,1892624.68
2025-05,ES01,DE01,surplus_sweep,1238196.58
2025-05,JP01,DE01,surplus_sweep,1142839.08
2025-05,US01,DE01,surplus_sweep,1268383.78
2025-06,CN01,DE01,surplus_sweep,360505.35
2025-06,ES01,DE01,surplus_sweep,425456.11
2025-06,JP01,DE01,surplus_sweep,439160.49
2025-06,US01,DE01,surplus_sweep,418879.05
2025-07,DE01,CN01,liquidity_funding,2619258.13
2025-07,DE01,CZ01,liquidity_funding,5071625.86
2025-07,ES01,DE01,surplus_sweep,3058713.75
2025-07,JP01,DE01,surplus_sweep,2641179.94
2025-07,US01,DE01,surplus_sweep,2215119.11
2025-08,DE01,CN01,liquidity_funding,2895026.49
2025-08,DE01,CZ01,liquidity_funding,3337302.14
2025-08,ES01,DE01,surplus_sweep,4415652.78
2025-08,JP01,DE01,surplus_sweep,3799618.04
2025-08,US01,DE01,surplus_sweep,3202588.13
2025-09,CN01,DE01,surplus_sweep,6377373.22
2025-09,CZ01,DE01,surplus_sweep,6693563.06
2025-09,DE01,ES01,liquidity_funding,1104293.33
2025-09,DE01,JP01,liquidity_funding,1607227.74
2025-09,DE01,US01,liquidity_funding,683983.51
2025-10,CN01,DE01,surplus_sweep,683743.07
2025-10,US01,DE01,surplus_sweep,213995.98
2025-11,CN01,DE01,surplus_sweep,293978.85
2025-11,ES01,DE01,surplus_sweep,1699087.18
2025-11,JP01,DE01,surplus_sweep,916956.99
2025-11,US01,DE01,surplus_sweep,1199825.73
2025-12,CN01,DE01,surplus_sweep,1031478.01
2025-12,CZ01,DE01,surplus_sweep,1238205.17
2025-12,JP01,DE01,surplus_sweep,133484.4
2026-01,DE01,CN01,liquidity_funding,13439999.65
2026-01,DE01,CZ01,liquidity_funding,11929542.7
2026-01,ES01,DE01,surplus_sweep,5951913.11
2026-01,JP01,DE01,surplus_sweep,5429584.93
2026-01,US01,DE01,surplus_sweep,4646364.14
2026-02,CN01,DE01,surplus_sweep,3311551.47
2026-02,CZ01,DE01,surplus_sweep,4497476.85
2026-02,ES01,DE01,surplus_sweep,3028365.14
2026-02,JP01,DE01,surplus_sweep,1768882.9
2026-02,US01,DE01,surplus_sweep,923354.58
2026-03,CN01,DE01,surplus_sweep,7389146.26
2026-03,CZ01,DE01,surplus_sweep,7605259.71
2026-03,DE01,JP01,liquidity_funding,36062.7
2026-04,CN01,DE01,surplus_sweep,551257.66
2026-04,CZ01,DE01,surplus_sweep,1164810.37
2026-04,ES01,DE01,surplus_sweep,550302.54
2026-04,DE01,US01,liquidity_funding,42784.73
2026-05,DE01,CN01,liquidity_funding,1473637.13
2026-05,DE01,CZ01,liquidity_funding,334092.83
2026-05,ES01,DE01,surplus_sweep,621956.75
2026-05,JP01,DE01,surplus_sweep,556450.32
2026-05,US01,DE01,surplus_sweep,703170.51
2026-06,DE01,CN01,liquidity_funding,2064549.41
2026-06,DE01,CZ01,liquidity_funding,738096.1
2026-06,ES01,DE01,surplus_sweep,784168.52
2026-06,JP01,DE01,surplus_sweep,604115.68
2026-06,US01,DE01,surplus_sweep,433837.22
2026-07,DE01,CN01,liquidity_funding,3323569.58
2026-07,DE01,CZ01,liquidity_funding,2208603.75
2026-07,ES01,DE01,surplus_sweep,2448706.19
2026-07,JP01,DE01,surplus_sweep,3156613.32
2026-07,US01,DE01,surplus_sweep,2515044.94
2026-08,CN01,DE01,surplus_sweep,20198.74
2026-08,CZ01,DE01,surplus_sweep,682572.86
2026-08,ES01,DE01,surplus_sweep,2187031.46
2026-08,JP01,DE01,surplus_sweep,3121702.12
2026-08,US01,DE01,surplus_sweep,2425519.35
2026-09,CN01,DE01,surplus_sweep,10099156.66
2026-09,CZ01,DE01,surplus_sweep,10130205.79
2026-09,DE01,ES01,liquidity_funding,1263931.47
2026-09,DE01,JP01,liquidity_funding,2740020.23
2026-09,DE01,US01,liquidity_funding,1450645.47
