entity,division,account,month,opening_balance,debits,credits,closing_balance
CN01,Hardware,2100_AP,2023-10,0.0,1153350.48,19282558.09,-18129207.61
CN01,Hardware,2100_AP,2023-11,-18129207.61,12164057.49,5965150.12,-11930300.239999998
CN01,Hardware,2100_AP,2023-12,-11930300.239999998,5373269.24,6557031.0,-13114061.999999998
CN01,Hardware,2100_AP,2024-01,-13114061.999999998,12356177.4,757884.6,-1515769.1999999979
CN01,Hardware,2100_AP,2024-02,-1515769.1999999979,0.0,4508060.86,-6023830.059999999
CN01,Hardware,2100_AP,2024-03,-6023830.059999999,0.0,6092724.869999999,-12116554.929999998
CN01,Hardware,2100_AP,2024-04,-12116554.929999998,6330454.35,5786100.58,-11572201.159999998
CN01,Hardware,2100_AP,2024-05,-11572201.159999998,6571360.3,5000840.86,-10001681.719999999
CN01,Hardware,2100_AP,2024-06,-10001681.719999999,4033746.26,5967935.46,-11935870.919999998
CN01,Hardware,2100_AP,2024-07,-11935870.919999998,8176573.28,3759297.64,-7518595.2799999975
CN01,Hardware,2100_AP,2024-08,-7518595.2799999975,5329970.6,2188624.68,-4377249.359999998
CN01,Hardware,2100_AP,2024-09,-4377249.359999998,96416.36,8414989.7,-12695822.699999996
CN01,Hardware,2100_AP,2024-10,-12695822.699999996,6277854.25,6417968.45,-12835936.899999995
CN01,Hardware,2100_AP,2024-11,-12835936.899999995,5942283.94,6893652.960000001,-13787305.919999994
CN01,Hardware,2100_AP,2024-12,-13787305.919999994,6992778.28,6794527.64,-13589055.279999994
CN01,Hardware,2100_AP,2025-01,-13589055.279999994,12048575.95,1540479.33,-3080958.6599999946
CN01,Hardware,2100_AP,2025-02,-3080958.6599999946,0.0,5016744.63,-8097703.289999994
CN01,Hardware,2100_AP,2025-03,-8097703.289999994,1381968.49,6715734.800000001,-13431469.599999994
CN01,Hardware,2100_AP,2025-04,-13431469.599999994,8642990.39,4788479.21,-9576958.419999994
CN01,Hardware,2100_AP,2025-05,-9576958.419999994,4153030.14,5423928.279999999,-10847856.559999993
CN01,Hardware,2100_AP,2025-06,-10847856.559999993,5328038.79,5519817.7700000005,-11039635.539999994
CN01,Hardware,2100_AP,2025-07,-11039635.539999994,7153642.75,3885992.7899999996,-7771985.579999993
CN01,Hardware,2100_AP,2025-08,-7771985.579999993,5276486.65,2495498.93,-4990997.859999992
CN01,Hardware,2100_AP,2025-09,-4990997.859999992,157185.38,8724904.35,-13558716.82999999
CN01,Hardware,2100_AP,2025-10,-13558716.82999999,7048564.04,6510152.79,-13020305.57999999
CN01,Hardware,2100_AP,2025-11,-13020305.57999999,6415348.34,6604957.24,-13209914.479999991
CN01,Hardware,2100_AP,2025-12,-13209914.479999991,5791449.76,7485682.84,-14904147.559999991
CN01,Hardware,2100_AP,2026-01,-14904147.559999991,13705762.25,1198385.31,-2396770.6199999913
CN01,Hardware,2100_AP,2026-02,-2396770.6199999913,0.0,5576990.76,-7973761.3799999915
CN01,Hardware,2100_AP,2026-03,-7973761.3799999915,75955.95,8521953.95,-16419759.379999992
CN01,Hardware,2100_AP,2026-04,-16419759.379999992,8523089.92,7896669.46,-15793338.91999999
CN01,Hardware,2100_AP,2026-05,-15793338.91999999,9078600.65,6714738.27,-13429476.53999999
CN01,Hardware,2100_AP,2026-06,-13429476.53999999,7528147.15,5901329.390000001,-11802658.77999999
CN01,Hardware,2100_AP,2026-07,-11802658.77999999,7305880.98,4496777.8,-8993555.59999999
CN01,Hardware,2100_AP,2026-08,-8993555.59999999,3961111.49,5032444.11,-10064888.219999991
CN01,Hardware,2100_AP,2026-09,-10064888.219999991,299876.33,10698543.809999999,-20463555.699999988
CN01,Spare Parts,2100_AP,2023-10,0.0,0.0,5065072.600000001,-5065072.600000001
CN01,Spare Parts,2100_AP,2023-11,-5065072.600000001,4089575.73,1463245.3,-2438742.170000001
CN01,Spare Parts,2100_AP,2023-12,-2438742.170000001,1402043.42,1555048.12,-2591746.870000001
CN01,Spare Parts,2100_AP,2024-01,-2591746.870000001,2571230.87,30773.99,-51289.99000000094
CN01,Spare Parts,2100_AP,2024-02,-51289.99000000094,0.0,1271703.88,-1322993.8700000008
CN01,Spare Parts,2100_AP,2024-03,-1322993.8700000008,285365.02,1556443.26,-2594072.110000001
CN01,Spare Parts,2100_AP,2024-04,-2594072.110000001,1666883.27,1390783.24,-2317972.080000001
CN01,Spare Parts,2100_AP,2024-05,-2317972.080000001,1491925.21,1239070.28,-2065117.150000001
CN01,Spare Parts,2100_AP,2024-06,-2065117.150000001,1113151.73,1427948.11,-2379913.530000001
CN01,Spare Parts,2100_AP,2024-07,-2379913.530000001,1830467.72,824168.69,-1373614.5000000012
CN01,Spare Parts,2100_AP,2024-08,-1373614.5000000012,953703.28,629866.8,-1049778.0200000012
CN01,Spare Parts,2100_AP,2024-09,-1049778.0200000012,0.0,1896479.21,-2946257.2300000014
CN01,Spare Parts,2100_AP,2024-10,-2946257.2300000014,1921054.15,1537804.5899999999,-2563007.6700000013
CN01,Spare Parts,2100_AP,2024-11,-2563007.6700000013,1602999.31,1440012.51,-2400020.870000001
CN01,Spare Parts,2100_AP,2024-12,-2400020.870000001,1278515.07,1682258.67,-2803764.4700000007
CN01,Spare Parts,2100_AP,2025-01,-2803764.4700000007,2751104.07,78990.56999999999,-131650.97000000085
CN01,Spare Parts,2100_AP,2025-02,-131650.97000000085,0.0,1365862.88,-1497513.8500000008
CN01,Spare Parts,2100_AP,2025-03,-1497513.8500000008,410948.29,1629848.3099999998,-2716413.8700000006
CN01,Spare Parts,2100_AP,2025-04,-2716413.8700000006,1831173.9,1327859.9200000002,-2213099.8900000006
CN01,Spare Parts,2100_AP,2025-05,-2213099.8900000006,1299627.55,1370208.48,-2283680.8200000003
CN01,Spare Parts,2100_AP,2025-06,-2283680.8200000003,1329485.03,1431293.6600000001,-2385489.45
CN01,Spare Parts,2100_AP,2025-07,-2385489.45,1836509.53,823469.85,-1372449.77
CN01,Spare Parts,2100_AP,2025-08,-1372449.77,978982.2,590201.3300000001,-983668.9000000001
CN01,Spare Parts,2100_AP,2025-09,-983668.9000000001,0.0,2021566.67,-3005235.5700000003
CN01,Spare Parts,2100_AP,2025-10,-3005235.5700000003,2010297.34,1492407.32,-2487345.5500000003
CN01,Spare Parts,2100_AP,2025-11,-2487345.5500000003,1458833.43,1542768.15,-2571280.2700000005
CN01,Spare Parts,2100_AP,2025-12,-2571280.2700000005,1430245.53,1711552.08,-2852586.8200000003
CN01,Spare Parts,2100_AP,2026-01,-2852586.8200000003,2852586.8,0.0,-0.02000000048428774
CN01,Spare Parts,2100_AP,2026-02,-0.02000000048428774,0.0,1319248.1199999999,-1319248.1400000004
CN01,Spare Parts,2100_AP,2026-03,-1319248.1400000004,130753.75,1782741.56,-2971235.95
CN01,Spare Parts,2100_AP,2026-04,-2971235.95,1884237.08,1630498.28,-2717497.1500000004
CN01,Spare Parts,2100_AP,2026-05,-2717497.1500000004,1762353.05,1432716.13,-2387860.2300000004
CN01,Spare Parts,2100_AP,2026-06,-2387860.2300000004,1491115.74,1345116.71,-2241861.2
CN01,Spare Parts,2100_AP,2026-07,-2241861.2,1638239.79,905432.09,-1509053.5
CN01,Spare Parts,2100_AP,2026-08,-1509053.5,883808.16,937867.98,-1563113.3199999998
CN01,Spare Parts,2100_AP,2026-09,-1563113.3199999998,0.0,2395314.0300000003,-3958427.35
CZ01,Hardware,2100_AP,2023-10,0.0,1550263.8,23198924.96,-21648661.16
CZ01,Hardware,2100_AP,2023-11,-21648661.16,14073022.6,7779309.54,-15354948.100000001
CZ01,Hardware,2100_AP,2023-12,-15354948.100000001,7671481.53,7945520.07,-15628986.64
CZ01,Hardware,2100_AP,2024-01,-15628986.64,15010136.65,618849.99,-1237699.9800000002
CZ01,Hardware,2100_AP,2024-02,-1237699.9800000002,0.0,6060384.7,-7298084.680000001
CZ01,Hardware,2100_AP,2024-03,-7298084.680000001,72192.22,7366831.9,-14592724.360000001
CZ01,Hardware,2100_AP,2024-04,-14592724.360000001,7880687.5600000005,6720719.359999999,-13432756.16
CZ01,Hardware,2100_AP,2024-05,-13432756.16,7388049.3,6044706.86,-12089413.72
CZ01,Hardware,2100_AP,2024-06,-12089413.72,5040301.180000001,7159207.76,-14208320.3
CZ01,Hardware,2100_AP,2024-07,-14208320.3,9391506.82,4816813.4799999995,-9633626.96
CZ01,Hardware,2100_AP,2024-08,-9633626.96,6750012.2,2883614.76,-5767229.5200000005
CZ01,Hardware,2100_AP,2024-09,-5767229.5200000005,327222.61,9892256.91,-15332263.82
CZ01,Hardware,2100_AP,2024-10,-15332263.82,8263286.71,7221358.55,-14290335.66
CZ01,Hardware,2100_AP,2024-11,-14290335.66,7297897.3,7118185.5600000005,-14110623.920000002
CZ01,Hardware,2100_AP,2024-12,-14110623.920000002,6781149.51,7563575.890000001,-14893050.300000003
CZ01,Hardware,2100_AP,2025-01,-14893050.300000003,13288337.68,1604712.6199999999,-3209425.240000003
CZ01,Hardware,2100_AP,2025-02,-3209425.240000003,0.0,6413534.63,-9622959.870000003
CZ01,Hardware,2100_AP,2025-03,-9622959.870000003,1656879.7000000002,8322115.87,-16288196.040000003
CZ01,Hardware,2100_AP,2025-04,-16288196.040000003,10625407.77,5662788.27,-11325576.540000003
CZ01,Hardware,2100_AP,2025-05,-11325576.540000003,3937820.2399999998,7620505.1,-15008261.400000002
CZ01,Hardware,2100_AP,2025-06,-15008261.400000002,8030183.0200000005,7140054.68,-14118133.060000002
CZ01,Hardware,2100_AP,2025-07,-14118133.060000002,9368997.98,4749135.08,-9498270.160000002
CZ01,Hardware,2100_AP,2025-08,-9498270.160000002,6178235.35,3320034.81,-6640069.620000003
CZ01,Hardware,2100_AP,2025-09,-6640069.620000003,365002.22,9826805.25,-16101872.650000002
CZ01,Hardware,2100_AP,2025-10,-16101872.650000002,9077207.93,7241892.12,-14266556.840000004
CZ01,Hardware,2100_AP,2025-11,-14266556.840000004,7754504.24,6633715.4399999995,-13145768.040000003
CZ01,Hardware,2100_AP,2025-12,-13145768.040000003,5845487.1,7594972.359999999,-14895253.300000003
CZ01,Hardware,2100_AP,2026-01,-14895253.300000003,13763567.2,1131686.1,-2263372.2000000034
CZ01,Hardware,2100_AP,2026-02,-2263372.2000000034,1642.92,6250384.78,-8512114.060000004
CZ01,Hardware,2100_AP,2026-03,-8512114.060000004,673134.91,8151783.95,-15990763.100000005
CZ01,Hardware,2100_AP,2026-04,-15990763.100000005,8546334.69,7620374.27,-15064802.680000005
CZ01,Hardware,2100_AP,2026-05,-15064802.680000005,8739326.51,6325476.17,-12650952.340000005
CZ01,Hardware,2100_AP,2026-06,-12650952.340000005,6792559.43,5858392.91,-11716785.820000006
CZ01,Hardware,2100_AP,2026-07,-11716785.820000006,7024190.79,4692595.03,-9385190.060000006
CZ01,Hardware,2100_AP,2026-08,-9385190.060000006,3911094.8,5474095.26,-10948190.520000007
CZ01,Hardware,2100_AP,2026-09,-10948190.520000007,778696.71,11015070.85,-21184564.660000004
CZ01,Spare Parts,2100_AP,2023-10,0.0,0.0,4116356.24,-4116356.24
CZ01,Spare Parts,2100_AP,2023-11,-4116356.24,3331583.1,1177159.71,-1961932.85
CZ01,Spare Parts,2100_AP,2023-12,-1961932.85,1131939.6,1244989.88,-2074983.13
CZ01,Spare Parts,2100_AP,2024-01,-2074983.13,2064131.4,16277.6,-27129.32999999998
CZ01,Spare Parts,2100_AP,2024-02,-27129.32999999998,0.0,926936.52,-954065.85
CZ01,Spare Parts,2100_AP,2024-03,-954065.85,215356.24,1108064.42,-1846774.0299999998
CZ01,Spare Parts,2100_AP,2024-04,-1846774.0299999998,1171033.58,1013610.6799999999,-1689351.1299999997
CZ01,Spare Parts,2100_AP,2024-05,-1689351.1299999997,1070231.67,928679.2,-1547798.6599999997
CZ01,Spare Parts,2100_AP,2024-06,-1547798.6599999997,830747.01,1075577.48,-1792629.1299999997
CZ01,Spare Parts,2100_AP,2024-07,-1792629.1299999997,1356086.68,654813.68,-1091356.13
CZ01,Spare Parts,2100_AP,2024-08,-1091356.13,777444.77,470867.04000000004,-784778.3999999999
CZ01,Spare Parts,2100_AP,2024-09,-784778.3999999999,0.0,1550804.2,-2335582.5999999996
CZ01,Spare Parts,2100_AP,2024-10,-2335582.5999999996,1520473.93,1222663.01,-2037771.6799999997
CZ01,Spare Parts,2100_AP,2024-11,-2037771.6799999997,1282519.46,1132878.33,-1888130.5499999998
CZ01,Spare Parts,2100_AP,2024-12,-1888130.5499999998,989482.58,1347971.96,-2246619.9299999997
CZ01,Spare Parts,2100_AP,2025-01,-2246619.9299999997,2217211.77,44112.240000000005,-73520.39999999969
CZ01,Spare Parts,2100_AP,2025-02,-73520.39999999969,0.0,990376.9299999999,-1063897.3299999996
CZ01,Spare Parts,2100_AP,2025-03,-1063897.3299999996,272627.08,1186905.38,-1978175.6299999994
CZ01,Spare Parts,2100_AP,2025-04,-1978175.6299999994,1364112.13,921095.26,-1535158.7599999995
CZ01,Spare Parts,2100_AP,2025-05,-1535158.7599999995,861124.2,1011051.85,-1685086.4099999997
CZ01,Spare Parts,2100_AP,2025-06,-1685086.4099999997,886256.05,1198245.55,-1997075.9099999997
CZ01,Spare Parts,2100_AP,2025-07,-1997075.9099999997,1533785.1,694936.23,-1158227.0399999996
CZ01,Spare Parts,2100_AP,2025-08,-1158227.0399999996,802686.96,533310.13,-888850.2099999996
CZ01,Spare Parts,2100_AP,2025-09,-888850.2099999996,0.0,1728932.05,-2617782.26
CZ01,Spare Parts,2100_AP,2025-10,-2617782.26,1780029.91,1256628.53,-2094380.88
CZ01,Spare Parts,2100_AP,2025-11,-2094380.88,1235063.32,1288976.34,-2148293.9
CZ01,Spare Parts,2100_AP,2025-12,-2148293.9,1240307.59,1361979.46,-2269965.7699999996
CZ01,Spare Parts,2100_AP,2026-01,-2269965.7699999996,2269965.77,0.0,4.656612873077393e-10
CZ01,Spare Parts,2100_AP,2026-02,4.656612873077393e-10,0.0,1082992.0,-1082991.9999999995
CZ01,Spare Parts,2100_AP,2026-03,-1082991.9999999995,119939.79,1444578.31,-2407630.5199999996
CZ01,Spare Parts,2100_AP,2026-04,-2407630.5199999996,1544525.76,1294657.13,-2157761.8899999997
CZ01,Spare Parts,2100_AP,2026-05,-2157761.8899999997,1353030.09,1207097.69,-2011829.4899999995
CZ01,Spare Parts,2100_AP,2026-06,-2011829.4899999995,1272338.26,1109236.84,-1848728.0699999996
CZ01,Spare Parts,2100_AP,2026-07,-1848728.0699999996,1353447.74,742920.49,-1238200.8199999996
CZ01,Spare Parts,2100_AP,2026-08,-1238200.8199999996,731643.91,759835.36,-1266392.2699999996
CZ01,Spare Parts,2100_AP,2026-09,-1266392.2699999996,37237.13,1843732.7,-3072887.84
DE01,Hardware,1100_AR,2023-10,0.0,4926529.82,0.0,4926529.82
DE01,Hardware,1100_AR,2023-11,4926529.82,5220261.42,576311.97,9570479.27
DE01,Hardware,1100_AR,2023-12,9570479.27,5343828.22,5117289.09,9797018.399999999
DE01,Hardware,1100_AR,2024-01,9797018.399999999,3868065.49,6573630.49,7091453.3999999985
DE01,Hardware,1100_AR,2024-02,7091453.3999999985,4201282.29,3590384.82,7702350.869999997
DE01,Hardware,1100_AR,2024-03,7702350.869999997,4539521.62,3919416.18,8322456.309999999
DE01,Hardware,1100_AR,2024-04,8322456.309999999,4678645.43,4423585.11,8577516.629999999
DE01,Hardware,1100_AR,2024-05,8577516.629999999,4546423.91,4788830.03,8335110.509999999
DE01,Hardware,1100_AR,2024-06,8335110.509999999,4807728.45,4328670.13,8814168.829999998
DE01,Hardware,1100_AR,2024-07,8814168.829999998,4464500.39,5093751.83,8184917.389999999
DE01,Hardware,1100_AR,2024-08,8184917.389999999,3838165.59,4986446.06,7036636.919999999
DE01,Hardware,1100_AR,2024-09,7036636.919999999,4792003.32,3043300.81,8785339.429999998
DE01,Hardware,1100_AR,2024-10,8785339.429999998,5183743.28,4465553.35,9503529.359999998
DE01,Hardware,1100_AR,2024-11,9503529.359999998,5222703.91,5151276.09,9574957.179999998
DE01,Hardware,1100_AR,2024-12,9574957.179999998,5533512.32,4963696.9,10144772.599999998
DE01,Hardware,1100_AR,2025-01,10144772.599999998,4346465.42,6522718.07,7968519.949999997
DE01,Hardware,1100_AR,2025-02,7968519.949999997,4671905.56,4075265.3,8565160.209999997
DE01,Hardware,1100_AR,2025-03,8565160.209999997,5044531.37,4361384.05,9248307.529999997
DE01,Hardware,1100_AR,2025-04,9248307.529999997,4804531.26,5244531.46,8808307.329999998
DE01,Hardware,1100_AR,2025-05,8808307.329999998,5113897.66,4546725.93,9375479.059999999
DE01,Hardware,1100_AR,2025-06,9375479.059999999,5113854.93,5113933.27,9375400.719999999
DE01,Hardware,1100_AR,2025-07,9375400.719999999,4722270.85,5440175.0,8657496.569999998
DE01,Hardware,1100_AR,2025-08,8657496.569999998,4305816.89,5069315.82,7893997.639999997
DE01,Hardware,1100_AR,2025-09,7893997.639999997,5132921.29,3616563.22,9410355.709999995
DE01,Hardware,1100_AR,2025-10,9410355.709999995,5456597.86,4863190.81,10003762.759999998
DE01,Hardware,1100_AR,2025-11,10003762.759999998,5643282.3,5301027.49,10346017.569999998
DE01,Hardware,1100_AR,2025-12,10346017.569999998,5888462.87,5438965.16,10795515.279999997
DE01,Hardware,1100_AR,2026-01,10795515.279999997,4361789.12,7160691.0,7996613.3999999985
DE01,Hardware,1100_AR,2026-02,7996613.3999999985,4590563.92,4171143.45,8416033.869999997
DE01,Hardware,1100_AR,2026-03,8416033.869999997,5078909.1,4183609.6,9311333.369999997
DE01,Hardware,1100_AR,2026-04,9311333.369999997,5292387.16,4901010.72,9702709.809999999
DE01,Hardware,1100_AR,2026-05,9702709.809999999,5381249.6,5218335.13,9865624.279999997
DE01,Hardware,1100_AR,2026-06,9865624.279999997,5375821.92,5385772.67,9855673.529999997
DE01,Hardware,1100_AR,2026-07,9855673.529999997,5009268.27,5681283.3,9183658.499999996
DE01,Hardware,1100_AR,2026-08,9183658.499999996,4959088.61,5051084.65,9091662.459999995
DE01,Hardware,1100_AR,2026-09,9091662.459999995,5830428.6,4232971.95,10689119.109999996
DE01,Hardware,1200_INVENTORY,2023-10,0.0,12602124.83,3600607.13,9001517.7
DE01,Hardware,1200_INVENTORY,2023-11,9001517.7,4203661.15,3772908.21,9432270.64
DE01,Hardware,1200_INVENTORY,2023-12,9432270.64,3895336.22,3807887.66,9519719.200000001
DE01,Hardware,1200_INVENTORY,2024-01,9519719.200000001,0.0,2708181.62,6811537.580000001
DE01,Hardware,1200_INVENTORY,2024-02,6811537.580000001,3534805.34,2956097.89,7390245.030000001
DE01,Hardware,1200_INVENTORY,2024-03,7390245.030000001,3864128.43,3215535.2,8038838.260000001
DE01,Hardware,1200_INVENTORY,2024-04,8038838.260000001,3734002.37,3363668.69,8409171.940000001
DE01,Hardware,1200_INVENTORY,2024-05,8409171.940000001,2799202.76,3202392.73,8005981.970000001
DE01,Hardware,1200_INVENTORY,2024-06,8005981.970000001,3828722.8600000003,3381344.28,8453360.550000003
DE01,Hardware,1200_INVENTORY,2024-07,8453360.550000003,2586982.91,3154383.86,7885959.600000003
DE01,Hardware,1200_INVENTORY,2024-08,7885959.600000003,1449609.9900000002,2667305.65,6668263.940000003
DE01,Hardware,1200_INVENTORY,2024-09,6668263.940000003,5020848.28,3339746.27,8349365.950000003
DE01,Hardware,1200_INVENTORY,2024-10,8349365.950000003,4320342.96,3619916.8,9049792.110000003
DE01,Hardware,1200_INVENTORY,2024-11,9049792.110000003,3678789.26,3636737.57,9091843.800000003
DE01,Hardware,1200_INVENTORY,2024-12,9091843.800000003,4405629.46,3856420.94,9641052.320000002
DE01,Hardware,1200_INVENTORY,2025-01,9641052.320000002,919705.13,3017359.29,7543398.160000003
DE01,Hardware,1200_INVENTORY,2025-02,7543398.160000003,3798969.19,3240676.46,8101690.890000003
DE01,Hardware,1200_INVENTORY,2025-03,8101690.890000003,4080956.1399999997,3480756.33,8701890.700000003
DE01,Hardware,1200_INVENTORY,2025-04,8701890.700000003,2700078.41,3257705.4,8144263.710000003
DE01,Hardware,1200_INVENTORY,2025-05,8144263.710000003,3991903.8499999996,3467476.47,8668691.090000002
DE01,Hardware,1200_INVENTORY,2025-06,8668691.090000002,3515525.31,3481204.73,8703011.670000002
DE01,Hardware,1200_INVENTORY,2025-07,8703011.670000002,2538122.51,3211752.69,8029381.490000002
DE01,Hardware,1200_INVENTORY,2025-08,8029381.490000002,2102035.97,2894690.72,7236726.740000002
DE01,Hardware,1200_INVENTORY,2025-09,7236726.740000002,4884055.41,3463080.58,8657701.570000002
DE01,Hardware,1200_INVENTORY,2025-10,8657701.570000002,4196869.1,3672734.45,9181836.220000003
DE01,Hardware,1200_INVENTORY,2025-11,9181836.220000003,4028231.99,3774305.12,9435763.090000004
DE01,Hardware,1200_INVENTORY,2025-12,9435763.090000004,4371523.43,3944938.96,9862347.560000002
DE01,Hardware,1200_INVENTORY,2026-01,9862347.560000002,410337.04000000004,2935052.73,7337631.870000001
DE01,Hardware,1200_INVENTORY,2026-02,7337631.870000001,3454209.63,3083383.27,7708458.23
DE01,Hardware,1200_INVENTORY,2026-03,7708458.23,4971785.38,3622926.7600000002,9057316.85
DE01,Hardware,1200_INVENTORY,2026-04,9057316.85,4408611.029999999,3847407.89,9618519.989999998
DE01,Hardware,1200_INVENTORY,2026-05,9618519.989999998,3733719.1999999997,3814925.46,9537313.729999997
DE01,Hardware,1200_INVENTORY,2026-06,9537313.729999997,3332229.73,3677012.4,9192531.059999997
DE01,Hardware,1200_INVENTORY,2026-07,9192531.059999997,2773987.59,3419005.29,8547513.359999996
DE01,Hardware,1200_INVENTORY,2026-08,8547513.359999996,3447401.08,3427118.36,8567796.079999996
DE01,Hardware,1200_INVENTORY,2026-09,8567796.079999996,6068802.1899999995,4181885.17,10454713.099999996
DE01,Hardware,2100_AP,2023-10,0.0,0.0,423320.54,-423320.54
DE01,Hardware,2100_AP,2023-11,-423320.54,0.0,447847.12,-871167.6599999999
DE01,Hardware,2100_AP,2023-12,-871167.6599999999,412512.35,458655.31,-917310.6199999999
DE01,Hardware,2100_AP,2024-01,-917310.6199999999,583467.45,333843.17,-667686.3399999999
DE01,Hardware,2100_AP,2024-02,-667686.3399999999,305598.39,362087.95,-724175.8999999999
DE01,Hardware,2100_AP,2024-03,-724175.8999999999,333463.18,390712.72,-781425.44
DE01,Hardware,2100_AP,2024-04,-781425.44,379349.66,402075.77999999997,-804151.5599999999
DE01,Hardware,2100_AP,2024-05,-804151.5599999999,412931.49,391220.07,-782440.1399999999
DE01,Hardware,2100_AP,2024-06,-782440.1399999999,368423.66,414016.48,-828032.96
DE01,Hardware,2100_AP,2024-07,-828032.96,443888.48,384144.48,-768288.96
DE01,Hardware,2100_AP,2024-08,-768288.96,436839.65,331449.31,-662898.6199999999
DE01,Hardware,2100_AP,2024-09,-662898.6199999999,251046.96,411851.66,-823703.3199999998
DE01,Hardware,2100_AP,2024-10,-823703.3199999998,378189.7,445513.62,-891027.2399999998
DE01,Hardware,2100_AP,2024-11,-891027.2399999998,442118.0,448909.24,-897818.4799999997
DE01,Hardware,2100_AP,2024-12,-897818.4799999997,422656.28,475162.2,-950324.3999999997
DE01,Hardware,2100_AP,2025-01,-950324.3999999997,575528.14,374796.26,-749592.5199999997
DE01,Hardware,2100_AP,2025-02,-749592.5199999997,347562.85,402029.67,-804059.3399999996
DE01,Hardware,2100_AP,2025-03,-804059.3399999996,370214.72,433844.62,-867689.2399999996
DE01,Hardware,2100_AP,2025-04,-867689.2399999996,453881.09,413808.15,-827616.2999999996
DE01,Hardware,2100_AP,2025-05,-827616.2999999996,388014.3,439602.0,-879203.9999999995
DE01,Hardware,2100_AP,2025-06,-879203.9999999995,438782.95,440421.05,-880842.0999999995
DE01,Hardware,2100_AP,2025-07,-880842.0999999995,474114.18,406727.92,-813455.8399999995
DE01,Hardware,2100_AP,2025-08,-813455.8399999995,442219.03,371236.81,-742473.6199999994
DE01,Hardware,2100_AP,2025-09,-742473.6199999994,300674.8,441798.82,-883597.6399999994
DE01,Hardware,2100_AP,2025-10,-883597.6399999994,414660.83,468936.81,-937873.6199999994
DE01,Hardware,2100_AP,2025-11,-937873.6199999994,452321.26,485552.36,-971104.7199999994
DE01,Hardware,2100_AP,2025-12,-971104.7199999994,464821.05,506283.67,-1012567.3399999994
DE01,Hardware,2100_AP,2026-01,-1012567.3399999994,636245.7,376321.64,-752643.2799999994
DE01,Hardware,2100_AP,2026-02,-752643.2799999994,356691.27,395952.01,-791904.0199999994
DE01,Hardware,2100_AP,2026-03,-791904.0199999994,354399.14,437504.88,-875009.7599999994
DE01,Hardware,2100_AP,2026-04,-875009.7599999994,419432.95,455576.81,-911153.6199999994
DE01,Hardware,2100_AP,2026-05,-911153.6199999994,447308.57,463845.05,-927690.0999999994
DE01,Hardware,2100_AP,2026-06,-927690.0999999994,464548.52,463141.58,-926283.1599999995
DE01,Hardware,2100_AP,2026-07,-926283.1599999995,494958.45,431324.71,-862649.4199999995
DE01,Hardware,2100_AP,2026-08,-862649.4199999995,435725.46,426923.96,-853847.9199999995
DE01,Hardware,2100_AP,2026-09,-853847.9199999995,354435.54,499412.38,-998824.7599999995
DE01,Software,1100_AR,2023-10,0.0,621438.3,0.0,621438.3
DE01,Software,1100_AR,2023-11,621438.3,631396.3,733688.81,519145.79000000004
DE01,Software,1100_AR,2023-12,519145.79000000004,625517.62,640336.65,504326.7600000001
DE01,Software,1100_AR,2024-01,504326.7600000001,627967.25,620533.3300000001,511760.68000000017
DE01,Software,1100_AR,2024-02,511760.68000000017,647730.73,617000.5700000001,542490.8400000001
DE01,Software,1100_AR,2024-03,542490.8400000001,660510.42,653184.24,549817.0200000003
DE01,Software,1100_AR,2024-04,549817.0200000003,653490.55,676542.52,526765.0500000003
DE01,Software,1100_AR,2024-05,526765.0500000003,648518.74,641882.5800000001,533401.2100000002
DE01,Software,1100_AR,2024-06,533401.2100000002,656988.94,651089.71,539300.4400000002
DE01,Software,1100_AR,2024-07,539300.4400000002,682672.37,649966.97,572005.8400000001
DE01,Software,1100_AR,2024-08,572005.8400000001,699532.71,688074.95,583463.6000000001
DE01,Software,1100_AR,2024-09,583463.6000000001,703027.46,709569.96,576921.1000000001
DE01,Software,1100_AR,2024-10,576921.1000000001,715474.64,696330.75,596064.9900000002
DE01,Software,1100_AR,2024-11,596064.9900000002,695366.55,719448.33,571983.2100000003
DE01,Software,1100_AR,2024-12,571983.2100000003,687696.76,710055.94,549624.0300000003
DE01,Software,1100_AR,2025-01,549624.0300000003,730802.6,658708.1599999999,621718.4700000004
DE01,Software,1100_AR,2025-02,621718.4700000004,732179.75,754642.5800000001,599255.6400000004
DE01,Software,1100_AR,2025-03,599255.6400000004,750166.51,725815.54,623606.6100000003
DE01,Software,1100_AR,2025-04,623606.6100000003,761822.84,757091.87,628337.5800000002
DE01,Software,1100_AR,2025-05,628337.5800000002,763763.57,769969.25,622131.9000000001
DE01,Software,1100_AR,2025-06,622131.9000000001,768954.13,761267.98,629818.0500000003
DE01,Software,1100_AR,2025-07,629818.0500000003,770646.51,770297.99,630166.5700000003
DE01,Software,1100_AR,2025-08,630166.5700000003,783265.11,765655.84,647775.8400000002
DE01,Software,1100_AR,2025-09,647775.8400000002,803407.79,781247.79,669935.8400000003
DE01,Software,1100_AR,2025-10,669935.8400000003,819095.4,811631.1,677400.1400000002
DE01,Software,1100_AR,2025-11,677400.1400000002,824405.33,829008.88,672796.5900000002
DE01,Software,1100_AR,2025-12,672796.5900000002,827130.13,823788.22,676138.5000000002
DE01,Software,1100_AR,2026-01,676138.5000000002,824720.26,827911.49,672947.2700000003
DE01,Software,1100_AR,2026-02,672947.2700000003,838223.83,818181.3,692989.8
DE01,Software,1100_AR,2026-03,692989.8,860159.24,839464.48,713684.56
DE01,Software,1100_AR,2026-04,713684.56,883747.55,860889.3300000001,736542.78
DE01,Software,1100_AR,2026-05,736542.78,885391.85,897549.04,724385.5899999999
DE01,Software,1100_AR,2026-06,724385.5899999999,913395.84,872114.4299999999,765666.9999999998
DE01,Software,1100_AR,2026-07,765666.9999999998,899460.19,940933.52,724193.6699999997
DE01,Software,1100_AR,2026-08,724193.6699999997,917130.34,885485.01,755838.9999999998
DE01,Software,1100_AR,2026-09,755838.9999999998,910957.4,927202.19,739594.21
DE01,Software,2100_AP,2023-10,0.0,0.0,204253.09,-204253.09
DE01,Software,2100_AP,2023-11,-204253.09,204253.09,203149.81,-203149.81
DE01,Software,2100_AP,2023-12,-203149.81,203149.81,197159.39,-197159.39
DE01,Software,2100_AP,2024-01,-197159.39,197159.39,200336.9,-200336.9
DE01,Software,2100_AP,2024-02,-200336.9,200336.9,206082.85,-206082.85
DE01,Software,2100_AP,2024-03,-206082.85,206082.85,211157.55,-211157.55
DE01,Software,2100_AP,2024-04,-211157.55,211157.55,211197.13,-211197.13
DE01,Software,2100_AP,2024-05,-211197.13,211197.13,203340.04,-203340.04
DE01,Software,2100_AP,2024-06,-203340.04,203340.04,205860.6,-205860.6
DE01,Software,2100_AP,2024-07,-205860.6,205860.6,217689.28,-217689.28
DE01,Software,2100_AP,2024-08,-217689.28,217689.28,222415.71,-222415.71
DE01,Software,2100_AP,2024-09,-222415.71,222415.71,217550.79,-217550.79
DE01,Software,2100_AP,2024-10,-217550.79,217550.79,222480.87,-222480.87
DE01,Software,2100_AP,2024-11,-222480.87,222480.87,209978.86,-209978.86
DE01,Software,2100_AP,2024-12,-209978.86,209978.86,206710.77,-206710.77
DE01,Software,2100_AP,2025-01,-206710.77,206710.77,227911.68,-227911.68
DE01,Software,2100_AP,2025-02,-227911.68,227911.68,225530.6,-225530.6
DE01,Software,2100_AP,2025-03,-225530.6,225530.6,228374.41,-228374.41
DE01,Software,2100_AP,2025-04,-228374.41,228374.41,227329.61000000002,-227329.61000000002
DE01,Software,2100_AP,2025-05,-227329.61000000002,227329.61,225690.99,-225690.99000000002
DE01,Software,2100_AP,2025-06,-225690.99000000002,225690.99,231201.87,-231201.87000000002
DE01,Software,2100_AP,2025-07,-231201.87000000002,231201.87,232184.18,-232184.18000000002
DE01,Software,2100_AP,2025-08,-232184.18000000002,232184.18,234544.73,-234544.73000000004
DE01,Software,2100_AP,2025-09,-234544.73000000004,234544.73,238715.55000000002,-238715.55000000005
DE01,Software,2100_AP,2025-10,-238715.55000000005,238715.55,240861.95,-240861.95000000007
DE01,Software,2100_AP,2025-11,-240861.95000000007,240861.95,241731.56,-241731.56000000006
DE01,Software,2100_AP,2025-12,-241731.56000000006,241731.56,241212.04,-241212.04000000007
DE01,Software,2100_AP,2026-01,-241212.04000000007,241212.04,249091.81,-249091.81000000006
DE01,Software,2100_AP,2026-02,-249091.81000000006,249091.81,251875.6,-251875.60000000006
DE01,Software,2100_AP,2026-03,-251875.60000000006,251875.6,283251.92,-283251.92000000004
DE01,Software,2100_AP,2026-04,-283251.92000000004,283251.92,301516.76,-301516.76000000007
DE01,Software,2100_AP,2026-05,-301516.76000000007,301516.76,292607.41,-292607.41000000003
DE01,Software,2100_AP,2026-06,-292607.41000000003,292607.41,285530.45,-285530.45000000007
DE01,Software,2100_AP,2026-07,-285530.45000000007,285530.45,281227.41,-281227.41000000003
DE01,Software,2100_AP,2026-08,-281227.41000000003,281227.41,294451.16,-294451.16000000003
DE01,Software,2100_AP,2026-09,-294451.16000000003,294451.16,303651.07,-303651.07000000007
ES01,Events,1100_AR,2023-10,0.0,1316316.14,0.0,1316316.14
ES01,Events,1100_AR,2023-11,1316316.14,4291595.02,67520.47,5540390.6899999995
ES01,Events,1100_AR,2023-12,5540390.6899999995,3915216.42,4572859.140000001,4882747.969999999
ES01,Events,1100_AR,2024-01,4882747.969999999,2785441.96,4522347.2,3145842.7299999986
ES01,Events,1100_AR,2024-02,3145842.7299999986,2619934.42,2892115.9899999998,2873661.1599999988
ES01,Events,1100_AR,2024-03,2873661.1599999988,1707201.8900000001,2782499.5700000003,1798363.4799999986
ES01,Events,1100_AR,2024-04,1798363.4799999986,2949319.55,1295825.51,3451857.5199999986
ES01,Events,1100_AR,2024-05,3451857.5199999986,1947055.3,3338003.65,2060909.1699999985
ES01,Events,1100_AR,2024-06,2060909.1699999985,1397466.0699999998,1799923.8,1658451.4399999983
ES01,Events,1100_AR,2024-07,1658451.4399999983,2504478.81,1536367.21,2626563.039999998
ES01,Events,1100_AR,2024-08,2626563.039999998,2331501.62,2211905.75,2746158.9099999983
ES01,Events,1100_AR,2024-09,2746158.9099999983,2016305.32,2621256.67,2141207.5599999987
ES01,Events,1100_AR,2024-10,2141207.5599999987,3338816.35,1620007.87,3860016.039999998
ES01,Events,1100_AR,2024-11,3860016.039999998,2440235.3,3439518.73,2860732.609999998
ES01,Events,1100_AR,2024-12,2860732.609999998,2683882.17,3046423.09,2498191.6899999976
ES01,Events,1100_AR,2025-01,2498191.6899999976,2528238.4,2076617.25,2949812.839999998
ES01,Events,1100_AR,2025-02,2949812.839999998,2673720.76,2711210.83,2912322.7699999977
ES01,Events,1100_AR,2025-03,2912322.7699999977,1771646.13,2550654.13,2133314.7699999977
ES01,Events,1100_AR,2025-04,2133314.7699999977,2047813.5299999998,1809141.99,2371986.3099999977
ES01,Events,1100_AR,2025-05,2371986.3099999977,2691589.14,2133574.46,2930000.9899999974
ES01,Events,1100_AR,2025-06,2930000.9899999974,3323926.6,2850456.36,3403471.229999998
ES01,Events,1100_AR,2025-07,3403471.229999998,3546902.57,3052135.8,3898237.999999998
ES01,Events,1100_AR,2025-08,3898237.999999998,1659616.36,3883940.33,1673914.0299999984
ES01,Events,1100_AR,2025-09,1673914.0299999984,2098177.43,1277594.33,2494497.1299999985
ES01,Events,1100_AR,2025-10,2494497.1299999985,3244030.3,2132435.5,3606091.929999998
ES01,Events,1100_AR,2025-11,3606091.929999998,3330726.18,3231346.32,3705471.7899999977
ES01,Events,1100_AR,2025-12,3705471.7899999977,2470654.47,3600761.69,2575364.569999998
ES01,Events,1100_AR,2026-01,2575364.569999998,4029079.65,2094823.9100000001,4509620.309999998
ES01,Events,1100_AR,2026-02,4509620.309999998,2671339.66,4102958.02,3078001.949999998
ES01,Events,1100_AR,2026-03,3078001.949999998,4347630.29,2221844.37,5203787.869999998
ES01,Events,1100_AR,2026-04,5203787.869999998,1899602.31,5272396.3100000005,1830993.8699999973
ES01,Events,1100_AR,2026-05,1830993.8699999973,3489160.2399999998,1363191.02,3956963.0899999975
ES01,Events,1100_AR,2026-06,3956963.0899999975,2432535.35,3932921.5700000003,2456576.8699999973
ES01,Events,1100_AR,2026-07,2456576.8699999973,3033738.22,1838553.46,3651761.629999998
ES01,Events,1100_AR,2026-08,3651761.629999998,3285979.84,2832471.0599999996,4105270.4099999983
ES01,Events,1100_AR,2026-09,4105270.4099999983,3883038.8,3720303.5300000003,4268005.679999998
ES01,Events,2100_AP,2023-10,0.0,0.0,775933.21,-775933.21
ES01,Events,2100_AP,2023-11,-775933.21,299572.22,2858165.95,-3334526.9400000004
ES01,Events,2100_AP,2023-12,-3334526.9400000004,2910187.02,2546039.5,-2970379.4200000004
ES01,Events,2100_AP,2024-01,-2970379.4200000004,2668957.74,1808530.03,-2109951.71
ES01,Events,2100_AP,2024-02,-2109951.71,1802904.96,1842280.43,-2149327.1799999997
ES01,Events,2100_AP,2024-03,-2149327.1799999997,1965883.57,1100661.62,-1284105.2299999997
ES01,Events,2100_AP,2024-04,-1284105.2299999997,958319.91,1954711.89,-2280497.2099999995
ES01,Events,2100_AP,2024-05,-2280497.2099999995,2084027.01,1178821.18,-1375291.3799999994
ES01,Events,2100_AP,2024-06,-1375291.3799999994,1220068.87,931335.04,-1086557.5499999993
ES01,Events,2100_AP,2024-07,-1086557.5499999993,813886.71,1636025.04,-1908695.8799999994
ES01,Events,2100_AP,2024-08,-1908695.8799999994,1658231.58,1502785.81,-1753250.1099999994
ES01,Events,2100_AP,2024-09,-1753250.1099999994,1545486.6,1246581.09,-1454344.5999999994
ES01,Events,2100_AP,2024-10,-1454344.5999999994,1107273.05,2082429.34,-2429500.8899999997
ES01,Events,2100_AP,2024-11,-2429500.8899999997,2176674.56,1516958.04,-1769784.3699999996
ES01,Events,2100_AP,2024-12,-1769784.3699999996,1496501.44,1639697.66,-1912980.5899999996
ES01,Events,2100_AP,2025-01,-1912980.5899999996,1640419.4,1635367.22,-1907928.4099999997
ES01,Events,2100_AP,2025-02,-1907928.4099999997,1633958.32,1643820.63,-1917790.7199999995
ES01,Events,2100_AP,2025-03,-1917790.7199999995,1720768.74,1182131.94,-1379153.9199999995
ES01,Events,2100_AP,2025-04,-1379153.9199999995,1171020.89,1248798.26,-1456931.2899999996
ES01,Events,2100_AP,2025-05,-1456931.2899999996,1170378.47,1719317.03,-2005869.8499999996
ES01,Events,2100_AP,2025-06,-2005869.8499999996,1653351.22,2115111.89,-2467630.5199999996
ES01,Events,2100_AP,2025-07,-2467630.5199999996,2082287.21,2312059.96,-2697403.2699999996
ES01,Events,2100_AP,2025-08,-2697403.2699999996,2521939.66,1052781.77,-1228245.3799999994
ES01,Events,2100_AP,2025-09,-1228245.3799999994,1008424.44,1318925.76,-1538746.6999999995
ES01,Events,2100_AP,2025-10,-1538746.6999999995,1199536.74,2035259.88,-2374469.8399999994
ES01,Events,2100_AP,2025-11,-2374469.8399999994,2015314.54,2154931.94,-2514087.2399999993
ES01,Events,2100_AP,2025-12,-2514087.2399999993,2251140.85,1577678.46,-1840624.8499999992
ES01,Events,2100_AP,2026-01,-1840624.8499999992,1413130.07,2564968.78,-2992463.5599999987
ES01,Events,2100_AP,2026-02,-2992463.5599999987,2711028.03,1688613.25,-1970048.7799999989
ES01,Events,2100_AP,2026-03,-1970048.7799999989,1490732.1,2875900.14,-3355216.819999999
ES01,Events,2100_AP,2026-04,-3355216.819999999,3156768.62,1190689.28,-1389137.4799999988
ES01,Events,2100_AP,2026-05,-1389137.4799999988,994699.07,2366630.53,-2761068.9399999985
ES01,Events,2100_AP,2026-06,-2761068.9399999985,2504987.8,1536486.92,-1792568.0599999987
ES01,Events,2100_AP,2026-07,-1792568.0599999987,1445825.66,2080454.49,-2427196.8899999987
ES01,Events,2100_AP,2026-08,-2427196.8899999987,2077192.66,2100025.49,-2450029.719999999
ES01,Events,2100_AP,2026-09,-2450029.719999999,2017606.19,2594541.3,-3026964.8299999987
ES01,Hardware,1100_AR,2023-10,0.0,4352686.94,0.0,4352686.94
ES01,Hardware,1100_AR,2023-11,4352686.94,4725809.5200000005,414512.34,8663984.120000001
ES01,Hardware,1100_AR,2023-12,8663984.120000001,5015168.2,4484677.29,9194475.030000001
ES01,Hardware,1100_AR,2024-01,9194475.030000001,3500837.98,6277110.05,6418202.960000002
ES01,Hardware,1100_AR,2024-02,6418202.960000002,3754706.36,3289281.0,6883628.320000002
ES01,Hardware,1100_AR,2024-03,6883628.320000002,4156626.51,3419772.9,7620481.930000002
ES01,Hardware,1100_AR,2024-04,7620481.930000002,4117540.28,4189198.37,7548823.840000001
ES01,Hardware,1100_AR,2024-05,7548823.840000001,4236623.75,4018304.05,7767143.54
ES01,Hardware,1100_AR,2024-06,7767143.54,4392488.7299999995,4106736.27,8052896.0
ES01,Hardware,1100_AR,2024-07,8052896.0,4085439.19,4648363.35,7489971.84
ES01,Hardware,1100_AR,2024-08,7489971.84,3502867.83,4570915.32,6421924.35
ES01,Hardware,1100_AR,2024-09,6421924.35,4531178.97,2645941.88,8307161.44
ES01,Hardware,1100_AR,2024-10,8307161.44,4702329.59,4388553.45,8620937.580000002
ES01,Hardware,1100_AR,2024-11,8620937.580000002,5077784.9,4389450.17,9309272.310000002
ES01,Hardware,1100_AR,2024-12,9309272.310000002,5111308.99,5049848.16,9370733.140000002
ES01,Hardware,1100_AR,2025-01,9370733.140000002,3735081.48,6258165.25,6847649.370000003
ES01,Hardware,1100_AR,2025-02,6847649.370000003,3932186.89,3570826.97,7209009.290000003
ES01,Hardware,1100_AR,2025-03,7209009.290000003,4581028.1,3391485.88,8398551.510000002
ES01,Hardware,1100_AR,2025-04,8398551.510000002,4490297.08,4656637.28,8232211.310000001
ES01,Hardware,1100_AR,2025-05,8232211.310000001,4691848.15,4322337.86,8601721.600000001
ES01,Hardware,1100_AR,2025-06,8601721.600000001,4808227.65,4594865.23,8815084.020000001
ES01,Hardware,1100_AR,2025-07,8815084.020000001,4357362.47,5183948.63,7988497.860000002
ES01,Hardware,1100_AR,2025-08,7988497.860000002,3706548.86,4899707.14,6795339.580000003
ES01,Hardware,1100_AR,2025-09,6795339.580000003,4752466.38,2834950.93,8712855.030000003
ES01,Hardware,1100_AR,2025-10,8712855.030000003,5042217.8,4511006.86,9244065.970000003
ES01,Hardware,1100_AR,2025-11,9244065.970000003,5042528.53,5041958.86,9244635.640000004
ES01,Hardware,1100_AR,2025-12,9244635.640000004,5478749.67,4679010.91,10044374.400000004
ES01,Hardware,1100_AR,2026-01,10044374.400000004,3969315.91,6736611.14,7277079.170000005
ES01,Hardware,1100_AR,2026-02,7277079.170000005,4158406.09,3811740.76,7623744.500000006
ES01,Hardware,1100_AR,2026-03,7623744.500000006,4575854.05,3810532.79,8389065.760000005
ES01,Hardware,1100_AR,2026-04,8389065.760000005,4826801.56,4366731.12,8849136.200000003
ES01,Hardware,1100_AR,2026-05,8849136.200000003,5134093.25,4570725.15,9412504.300000003
ES01,Hardware,1100_AR,2026-06,9412504.300000003,5025591.43,5224511.43,9213584.300000003
ES01,Hardware,1100_AR,2026-07,9213584.300000003,4727054.36,5274372.32,8666266.340000004
ES01,Hardware,1100_AR,2026-08,8666266.340000004,4556218.7,4869417.41,8353067.630000003
ES01,Hardware,1100_AR,2026-09,8353067.630000003,5318785.85,3920746.07,9751107.410000002
ES01,Hardware,1200_INVENTORY,2023-10,0.0,11144408.59,3184116.72,7960291.869999999
ES01,Hardware,1200_INVENTORY,2023-11,7960291.869999999,4132915.79,3455202.09,8638005.57
ES01,Hardware,1200_INVENTORY,2023-12,8638005.57,4033033.0500000003,3620296.77,9050741.850000001
ES01,Hardware,1200_INVENTORY,2024-01,9050741.850000001,0.0,2435254.53,6615487.320000002
ES01,Hardware,1200_INVENTORY,2024-02,6615487.320000002,2597579.14,2632304.5,6580761.960000003
ES01,Hardware,1200_INVENTORY,2024-03,6580761.960000003,3791242.7399999998,2963429.74,7408574.960000003
ES01,Hardware,1200_INVENTORY,2024-04,7408574.960000003,2898403.31,2944850.8,7362127.470000003
ES01,Hardware,1200_INVENTORY,2024-05,7362127.470000003,3166024.93,3008043.52,7520108.880000005
ES01,Hardware,1200_INVENTORY,2024-06,7520108.880000005,3381788.04,3114827.7600000002,7787069.160000006
ES01,Hardware,1200_INVENTORY,2024-07,7787069.160000006,2352307.9000000004,2896964.88,7242412.180000006
ES01,Hardware,1200_INVENTORY,2024-08,7242412.180000006,1197174.55,2411310.53,6028276.200000007
ES01,Hardware,1200_INVENTORY,2024-09,6028276.200000007,5108193.05,3181848.22,7954621.030000007
ES01,Hardware,1200_INVENTORY,2024-10,7954621.030000007,3678573.96,3323769.96,8309425.030000006
ES01,Hardware,1200_INVENTORY,2024-11,8309425.030000006,4295481.4399999995,3601401.7399999998,9003504.730000006
ES01,Hardware,1200_INVENTORY,2024-12,9003504.730000006,3616405.8,3605688.65,9014221.880000005
ES01,Hardware,1200_INVENTORY,2025-01,9014221.880000005,0.0,2569171.81,6445050.070000004
ES01,Hardware,1200_INVENTORY,2025-02,6445050.070000004,3067490.13,2717868.7,6794671.500000003
ES01,Hardware,1200_INVENTORY,2025-03,6794671.500000003,4365709.42,3188680.28,7971700.640000002
ES01,Hardware,1200_INVENTORY,2025-04,7971700.640000002,2824986.9799999995,3084767.85,7711919.770000001
ES01,Hardware,1200_INVENTORY,2025-05,7711919.770000001,3547603.9400000004,3217006.82,8042516.890000001
ES01,Hardware,1200_INVENTORY,2025-06,8042516.890000001,3643361.12,3338822.34,8347055.670000002
ES01,Hardware,1200_INVENTORY,2025-07,8347055.670000002,2130619.95,2993621.71,7484053.910000001
ES01,Hardware,1200_INVENTORY,2025-08,7484053.910000001,1152585.58,2467611.35,6169028.140000002
ES01,Hardware,1200_INVENTORY,2025-09,6169028.140000002,5164764.02,3238226.37,8095565.790000002
ES01,Hardware,1200_INVENTORY,2025-10,8095565.790000002,3945670.09,3440353.16,8600882.720000003
ES01,Hardware,1200_INVENTORY,2025-11,8600882.720000003,3394214.33,3427170.66,8567926.390000002
ES01,Hardware,1200_INVENTORY,2025-12,8567926.390000002,4452691.36,3720176.54,9300441.210000005
ES01,Hardware,1200_INVENTORY,2026-01,9300441.210000005,49637.41,2671451.14,6678627.480000004
ES01,Hardware,1200_INVENTORY,2026-02,6678627.480000004,3142261.66,2805968.36,7014920.780000005
ES01,Hardware,1200_INVENTORY,2026-03,7014920.780000005,4502069.359999999,3290568.73,8226421.410000004
ES01,Hardware,1200_INVENTORY,2026-04,8226421.410000004,4200630.81,3550586.39,8876465.830000002
ES01,Hardware,1200_INVENTORY,2026-05,8876465.830000002,4080004.7199999997,3701848.71,9254621.84
ES01,Hardware,1200_INVENTORY,2026-06,9254621.84,2925118.96,3479925.94,8699814.860000001
ES01,Hardware,1200_INVENTORY,2026-07,8699814.860000001,2756664.11,3273279.69,8183199.280000001
ES01,Hardware,1200_INVENTORY,2026-08,8183199.280000001,2912849.74,3170299.82,7925749.200000001
ES01,Hardware,1200_INVENTORY,2026-09,7925749.200000001,5566489.859999999,3854925.39,9637313.67
ES01,Hardware,2100_AP,2023-10,0.0,0.0,373969.23,-373969.23
ES01,Hardware,2100_AP,2023-11,-373969.23,0.0,404968.62,-778937.85
ES01,Hardware,2100_AP,2023-12,-778937.85,349890.98,429046.87,-858093.74
ES01,Hardware,2100_AP,2024-01,-858093.74,555234.89,302858.85,-605717.7
ES01,Hardware,2100_AP,2024-02,-605717.7,281494.81,324222.89,-648445.78
ES01,Hardware,2100_AP,2024-03,-648445.78,290937.17,357508.61,-715017.22
ES01,Hardware,2100_AP,2024-04,-715017.22,360588.05,354429.17,-708858.34
ES01,Hardware,2100_AP,2024-05,-708858.34,344721.48,364136.86,-728273.72
ES01,Hardware,2100_AP,2024-06,-728273.72,350689.13,377584.59,-755169.1799999999
ES01,Hardware,2100_AP,2024-07,-755169.1799999999,403658.63,351510.55,-703021.0999999999
ES01,Hardware,2100_AP,2024-08,-703021.0999999999,399672.85,303348.25,-606696.4999999999
ES01,Hardware,2100_AP,2024-09,-606696.4999999999,217556.72,389139.78,-778279.5599999999
ES01,Hardware,2100_AP,2024-10,-778279.5599999999,375269.59,403009.97,-806019.94
ES01,Hardware,2100_AP,2024-11,-806019.94,371289.34,434730.6,-869461.2
ES01,Hardware,2100_AP,2024-12,-869461.2,431442.33,438018.87,-876037.74
ES01,Hardware,2100_AP,2025-01,-876037.74,552931.11,323106.63,-646213.26
ES01,Hardware,2100_AP,2025-02,-646213.26,307239.21,338974.05,-677948.1
ES01,Hardware,2100_AP,2025-03,-677948.1,284797.1,393151.0,-786302.0
ES01,Hardware,2100_AP,2025-04,-786302.0,400962.07,385339.93,-770679.86
ES01,Hardware,2100_AP,2025-05,-770679.86,368392.37,402287.49,-804574.98
ES01,Hardware,2100_AP,2025-06,-804574.98,392430.31,412144.67,-824289.34
ES01,Hardware,2100_AP,2025-07,-824289.34,449853.38,374435.96,-748871.9199999999
ES01,Hardware,2100_AP,2025-08,-748871.9199999999,428183.73,320688.19,-641376.3799999999
ES01,Hardware,2100_AP,2025-09,-641376.3799999999,233274.87,408101.51,-816203.0199999999
ES01,Hardware,2100_AP,2025-10,-816203.0199999999,384072.61,432130.41,-864260.8199999998
ES01,Hardware,2100_AP,2025-11,-864260.8199999998,431817.29,432443.52999999997,-864887.0599999998
ES01,Hardware,2100_AP,2025-12,-864887.0599999998,395411.43,469475.63,-938951.2599999998
ES01,Hardware,2100_AP,2026-01,-938951.2599999998,596162.94,342788.32,-685576.6399999999
ES01,Hardware,2100_AP,2026-02,-685576.6399999999,326861.43,358715.21,-717430.4199999999
ES01,Hardware,2100_AP,2026-03,-717430.4199999999,324030.05,393400.37,-786800.74
ES01,Hardware,2100_AP,2026-04,-786800.74,372108.69,414692.05,-829384.1
ES01,Hardware,2100_AP,2026-05,-829384.1,388837.18,440546.92,-881093.84
ES01,Hardware,2100_AP,2026-06,-881093.84,449112.92,431980.92,-863961.84
ES01,Hardware,2100_AP,2026-07,-863961.84,458048.71,405913.13,-811826.26
ES01,Hardware,2100_AP,2026-08,-811826.26,419935.73,391890.53,-783781.06
ES01,Hardware,2100_AP,2026-09,-783781.06,328971.51,454809.55,-909619.1000000001
ES01,Spare Parts,1100_AR,2023-10,0.0,1887505.95,0.0,1887505.95
ES01,Spare Parts,1100_AR,2023-11,1887505.95,1960934.86,580216.04,3268224.77
ES01,Spare Parts,1100_AR,2023-12,3268224.77,2070505.38,1887887.85,3450842.3000000003
ES01,Spare Parts,1100_AR,2024-01,3450842.3000000003,1556255.34,2413338.74,2593758.9000000004
ES01,Spare Parts,1100_AR,2024-02,2593758.9000000004,1628663.04,1507983.54,2714438.4000000004
ES01,Spare Parts,1100_AR,2024-03,2714438.4000000004,1770855.05,1533868.37,2951425.08
ES01,Spare Parts,1100_AR,2024-04,2951425.08,1814659.01,1741652.41,3024431.6799999997
ES01,Spare Parts,1100_AR,2024-05,3024431.6799999997,1834353.52,1801529.34,3057255.8599999994
ES01,Spare Parts,1100_AR,2024-06,3057255.8599999994,1888814.21,1798046.39,3148023.6799999997
ES01,Spare Parts,1100_AR,2024-07,3148023.6799999997,1737515.97,1989679.7,2895859.9499999993
ES01,Spare Parts,1100_AR,2024-08,2895859.9499999993,1529000.46,1876526.31,2548334.099999999
ES01,Spare Parts,1100_AR,2024-09,2548334.099999999,1884247.24,1292169.27,3140412.069999999
ES01,Spare Parts,1100_AR,2024-10,3140412.069999999,1995094.17,1810349.29,3325156.9499999983
ES01,Spare Parts,1100_AR,2024-11,3325156.9499999983,2039663.45,1965381.32,3399439.079999998
ES01,Spare Parts,1100_AR,2024-12,3399439.079999998,2180696.77,1945641.24,3634494.6099999975
ES01,Spare Parts,1100_AR,2025-01,3634494.6099999975,1647022.14,2536479.86,2745036.8899999973
ES01,Spare Parts,1100_AR,2025-02,2745036.8899999973,1744113.25,1582294.73,2906855.409999997
ES01,Spare Parts,1100_AR,2025-03,2906855.409999997,1924143.48,1624093.1,3206905.789999997
ES01,Spare Parts,1100_AR,2025-04,3206905.789999997,1934873.53,1916990.11,3224789.2099999962
ES01,Spare Parts,1100_AR,2025-05,3224789.2099999962,1975457.31,1907817.68,3292428.839999996
ES01,Spare Parts,1100_AR,2025-06,3292428.839999996,2037961.34,1933787.96,3396602.219999996
ES01,Spare Parts,1100_AR,2025-07,3396602.219999996,1860477.6,2156283.83,3100795.9899999965
ES01,Spare Parts,1100_AR,2025-08,3100795.9899999965,1649564.19,2001086.54,2749273.639999996
ES01,Spare Parts,1100_AR,2025-09,2749273.639999996,2061119.91,1375193.71,3435199.839999996
ES01,Spare Parts,1100_AR,2025-10,3435199.839999996,2137107.6,2010461.45,3561845.9899999956
ES01,Spare Parts,1100_AR,2025-11,3561845.9899999956,2246247.57,2064347.62,3743745.939999995
ES01,Spare Parts,1100_AR,2025-12,3743745.939999995,2349745.46,2177248.98,3916242.419999995
ES01,Spare Parts,1100_AR,2026-01,3916242.419999995,1730376.87,2762657.85,2883961.4399999953
ES01,Spare Parts,1100_AR,2026-02,2883961.4399999953,1839318.77,1657748.94,3065531.2699999954
ES01,Spare Parts,1100_AR,2026-03,3065531.2699999954,2016743.57,1721035.57,3361239.269999995
ES01,Spare Parts,1100_AR,2026-04,3361239.269999995,2107476.69,1956254.82,3512461.139999995
ES01,Spare Parts,1100_AR,2026-05,3512461.139999995,2174342.11,2062899.74,3623903.509999994
ES01,Spare Parts,1100_AR,2026-06,3623903.509999994,2201176.53,2156452.5,3668627.5399999935
ES01,Spare Parts,1100_AR,2026-07,3668627.5399999935,2008950.68,2329327.1,3348251.119999993
ES01,Spare Parts,1100_AR,2026-08,3348251.119999993,1868999.55,2102251.43,3114999.2399999932
ES01,Spare Parts,1100_AR,2026-09,3114999.2399999932,2255432.92,1611377.3,3759054.859999993
ES01,Spare Parts,1200_INVENTORY,2023-10,0.0,4176611.43,1044152.88,3132458.5500000003
ES01,Spare Parts,1200_INVENTORY,2023-11,3132458.5500000003,1168381.8900000001,1075210.15,3225630.2900000005
ES01,Spare Parts,1200_INVENTORY,2023-12,3225630.2900000005,1273896.08,1124881.45,3374644.920000001
ES01,Spare Parts,1200_INVENTORY,2024-01,3374644.920000001,11066.460000000001,846427.77,2539283.610000001
ES01,Spare Parts,1200_INVENTORY,2024-02,2539283.610000001,1004416.61,885925.0,2657775.2200000007
ES01,Spare Parts,1200_INVENTORY,2024-03,2657775.2200000007,1204218.47,965498.41,2896495.2800000003
ES01,Spare Parts,1200_INVENTORY,2024-04,2896495.2800000003,1076652.54,993286.96,2979860.8600000003
ES01,Spare Parts,1200_INVENTORY,2024-05,2979860.8600000003,986001.5900000001,991465.47,2974396.9800000004
ES01,Spare Parts,1200_INVENTORY,2024-06,2974396.9800000004,1105794.51,1020047.84,3060143.6500000004
ES01,Spare Parts,1200_INVENTORY,2024-07,3060143.6500000004,699025.8099999999,939792.29,2819377.1700000004
ES01,Spare Parts,1200_INVENTORY,2024-08,2819377.1700000004,471387.98,822691.1900000001,2468073.9600000004
ES01,Spare Parts,1200_INVENTORY,2024-09,2468073.9600000004,1569635.3,1009427.19,3028282.0700000008
ES01,Spare Parts,1200_INVENTORY,2024-10,3028282.0700000008,1245825.86,1068526.83,3205581.1000000006
ES01,Spare Parts,1200_INVENTORY,2024-11,3205581.1000000006,1146667.75,1088062.18,3264186.670000001
ES01,Spare Parts,1200_INVENTORY,2024-12,3264186.670000001,1370334.02,1158630.03,3475890.660000001
ES01,Spare Parts,1200_INVENTORY,2025-01,3475890.660000001,40242.48,879033.13,2637100.010000001
ES01,Spare Parts,1200_INVENTORY,2025-02,2637100.010000001,1079105.27,929051.17,2787154.1100000013
ES01,Spare Parts,1200_INVENTORY,2025-03,2787154.1100000013,1287831.83,1018746.36,3056239.5800000015
ES01,Spare Parts,1200_INVENTORY,2025-04,3056239.5800000015,1013644.7,1017470.89,3052413.390000001
ES01,Spare Parts,1200_INVENTORY,2025-05,3052413.390000001,1086611.9,1034756.28,3104269.0100000007
ES01,Spare Parts,1200_INVENTORY,2025-06,3104269.0100000007,1189006.8,1073318.9,3219956.9100000006
ES01,Spare Parts,1200_INVENTORY,2025-07,3219956.9100000006,696753.29,979177.48,2937532.7200000007
ES01,Spare Parts,1200_INVENTORY,2025-08,2937532.7200000007,522646.59,865044.73,2595134.5800000005
ES01,Spare Parts,1200_INVENTORY,2025-09,2595134.5800000005,1711684.08,1076704.58,3230114.08
ES01,Spare Parts,1200_INVENTORY,2025-10,3230114.08,1217662.11,1111944.02,3335832.1700000004
ES01,Spare Parts,1200_INVENTORY,2025-11,3335832.1700000004,1314320.97,1162538.17,3487614.9700000007
ES01,Spare Parts,1200_INVENTORY,2025-12,3487614.9700000007,1379160.68,1216693.86,3650081.79
ES01,Spare Parts,1200_INVENTORY,2026-01,3650081.79,0.0,904668.7,2745413.09
ES01,Spare Parts,1200_INVENTORY,2026-02,2745413.09,1085727.32,957785.01,2873355.4000000004
ES01,Spare Parts,1200_INVENTORY,2026-03,2873355.4000000004,1446077.73,1079858.18,3239574.950000001
ES01,Spare Parts,1200_INVENTORY,2026-04,3239574.950000001,1314739.7,1138578.61,3415736.040000001
ES01,Spare Parts,1200_INVENTORY,2026-05,3415736.040000001,1206991.13,1155681.74,3467045.4300000006
ES01,Spare Parts,1200_INVENTORY,2026-06,3467045.4300000006,1128703.88,1148937.24,3446812.0700000003
ES01,Spare Parts,1200_INVENTORY,2026-07,3446812.0700000003,726383.32,1043298.83,3129896.56
ES01,Spare Parts,1200_INVENTORY,2026-08,3129896.56,768195.73,974523.1,2923569.19
ES01,Spare Parts,1200_INVENTORY,2026-09,2923569.19,1883223.99,1201698.19,3605094.9899999998
ES01,Spare Parts,2100_AP,2023-10,0.0,0.0,201207.42,-201207.42
ES01,Spare Parts,2100_AP,2023-11,-201207.42,61822.45,209077.46,-348462.43000000005
ES01,Spare Parts,2100_AP,2023-12,-348462.43000000005,201280.33,220773.16,-367955.26000000007
ES01,Spare Parts,2100_AP,2024-01,-367955.26000000007,257337.02,165927.37,-276545.6100000001
ES01,Spare Parts,2100_AP,2024-02,-276545.6100000001,160831.64,173570.96,-289284.93000000005
ES01,Spare Parts,2100_AP,2024-03,-289284.93000000005,163469.27,188723.5,-314539.16000000003
ES01,Spare Parts,2100_AP,2024-04,-314539.16000000003,185629.66,193364.26,-322273.76
ES01,Spare Parts,2100_AP,2024-05,-322273.76,191833.79,195659.96,-326099.93
ES01,Spare Parts,2100_AP,2024-06,-326099.93,191723.89,201564.06,-335940.1
ES01,Spare Parts,2100_AP,2024-07,-335940.1,212371.24,185353.29,-308922.15
ES01,Spare Parts,2100_AP,2024-08,-308922.15,200144.54,163166.41,-271944.02
ES01,Spare Parts,2100_AP,2024-09,-271944.02,137950.96,200989.59,-334982.65
ES01,Spare Parts,2100_AP,2024-10,-334982.65,193094.33,212832.48,-354720.80000000005
ES01,Spare Parts,2100_AP,2024-11,-354720.80000000005,209603.79,217675.52,-362792.53
ES01,Spare Parts,2100_AP,2024-12,-362792.53,207601.63,232786.36,-387977.26
ES01,Spare Parts,2100_AP,2025-01,-387977.26,270760.26,175825.51,-293042.51
ES01,Spare Parts,2100_AP,2025-02,-293042.51,168975.44,186100.62,-310167.69
ES01,Spare Parts,2100_AP,2025-03,-310167.69,173253.81,205370.83,-342284.70999999996
ES01,Spare Parts,2100_AP,2025-04,-342284.70999999996,204610.04,206512.02,-344186.68999999994
ES01,Spare Parts,2100_AP,2025-05,-344186.68999999994,203597.86,210883.26,-351472.08999999997
ES01,Spare Parts,2100_AP,2025-06,-351472.08999999997,206413.83,217587.4,-362645.66
ES01,Spare Parts,2100_AP,2025-07,-362645.66,230253.46,198588.31,-330980.51
ES01,Spare Parts,2100_AP,2025-08,-330980.51,213656.37,175986.22,-293310.36
ES01,Spare Parts,2100_AP,2025-09,-293310.36,146660.29,219975.11,-366625.17999999993
ES01,Spare Parts,2100_AP,2025-10,-366625.17999999993,214560.08,228097.66,-380162.75999999995
ES01,Spare Parts,2100_AP,2025-11,-380162.75999999995,220170.13,239988.96,-399981.58999999997
ES01,Spare Parts,2100_AP,2025-12,-399981.58999999997,232681.81,250949.69,-418249.47
ES01,Spare Parts,2100_AP,2026-01,-418249.47,295002.28,184870.81,-308117.99999999994
ES01,Spare Parts,2100_AP,2026-02,-308117.99999999994,177154.37,196445.47,-327409.1
ES01,Spare Parts,2100_AP,2026-03,-327409.1,183769.26,215459.78,-359099.62
ES01,Spare Parts,2100_AP,2026-04,-359099.62,208998.09,225152.32,-375253.85
ES01,Spare Parts,2100_AP,2026-05,-375253.85,220372.47,232322.09,-387203.47
ES01,Spare Parts,2100_AP,2026-06,-387203.47,230410.21,235189.91,-391983.17
ES01,Spare Parts,2100_AP,2026-07,-391983.17,248808.46,214762.08,-357936.79
ES01,Spare Parts,2100_AP,2026-08,-357936.79,224755.44,199772.04,-332953.39
ES01,Spare Parts,2100_AP,2026-09,-332953.39,172510.01,240665.08,-401108.45999999996
JP01,Hardware,1100_AR,2023-10,0.0,3144155.33,0.0,3144155.33
JP01,Hardware,1100_AR,2023-11,3144155.33,3153367.54,516349.05,5781173.82
JP01,Hardware,1100_AR,2023-12,5781173.82,3481441.67,2879972.43,6382643.0600000005
JP01,Hardware,1100_AR,2024-01,6382643.0600000005,1981378.09,4731494.65,3632526.5
JP01,Hardware,1100_AR,2024-02,3632526.5,2204078.68,1795794.27,4040810.9099999997
JP01,Hardware,1100_AR,2024-03,4040810.9099999997,2681576.0,1806164.25,4916222.66
JP01,Hardware,1100_AR,2024-04,4916222.66,2883752.68,2513095.43,5286879.91
JP01,Hardware,1100_AR,2024-05,5286879.91,2878192.45,2888386.21,5276686.15
JP01,Hardware,1100_AR,2024-06,5276686.15,3107849.63,2686811.47,5697724.3100000005
JP01,Hardware,1100_AR,2024-07,5697724.3100000005,2664367.11,3477418.4,4884673.02
JP01,Hardware,1100_AR,2024-08,4884673.02,1840294.67,3351094.14,3373873.5499999993
JP01,Hardware,1100_AR,2024-09,3373873.5499999993,2993146.86,879584.51,5487435.899999999
JP01,Hardware,1100_AR,2024-10,5487435.899999999,3189377.44,2829621.38,5847191.96
JP01,Hardware,1100_AR,2024-11,5847191.96,3505116.83,2926261.28,6426047.51
JP01,Hardware,1100_AR,2024-12,6426047.51,3568673.5,3452152.94,6542568.07
JP01,Hardware,1100_AR,2025-01,6542568.07,2307558.84,4619602.38,4230524.53
JP01,Hardware,1100_AR,2025-02,4230524.53,2538483.48,2115121.64,4653886.369999999
JP01,Hardware,1100_AR,2025-03,4653886.369999999,3071011.94,2094709.76,5630188.549999999
JP01,Hardware,1100_AR,2025-04,5630188.549999999,3179389.49,2980697.31,5828880.729999999
JP01,Hardware,1100_AR,2025-05,5828880.729999999,3268108.44,3105457.03,5991532.139999999
JP01,Hardware,1100_AR,2025-06,5991532.139999999,3267211.05,3268856.26,5989886.929999998
JP01,Hardware,1100_AR,2025-07,5989886.929999998,2913153.02,3562259.41,5340780.539999997
JP01,Hardware,1100_AR,2025-08,5340780.539999997,2264184.89,3453959.79,4151005.639999998
JP01,Hardware,1100_AR,2025-09,4151005.639999998,3420851.08,1300296.4,6271560.319999998
JP01,Hardware,1100_AR,2025-10,6271560.319999998,3573820.2199999997,3293376.8,6552003.739999999
JP01,Hardware,1100_AR,2025-11,6552003.739999999,3715131.39,3456060.91,6811074.219999999
JP01,Hardware,1100_AR,2025-12,6811074.219999999,3812651.53,3633864.61,6989861.139999999
JP01,Hardware,1100_AR,2026-01,6989861.139999999,2301293.04,5072116.94,4219037.239999999
JP01,Hardware,1100_AR,2026-02,4219037.239999999,2845134.32,1848091.97,5216079.589999999
JP01,Hardware,1100_AR,2026-03,5216079.589999999,3265538.72,2494797.32,5986820.989999998
JP01,Hardware,1100_AR,2026-04,5986820.989999998,3471706.0,3093732.65,6364794.339999998
JP01,Hardware,1100_AR,2026-05,6364794.339999998,3584493.15,3377716.71,6571570.779999998
JP01,Hardware,1100_AR,2026-06,6571570.779999998,3639861.9,3538352.53,6673080.1499999985
JP01,Hardware,1100_AR,2026-07,6673080.1499999985,3142643.03,4054210.96,5761512.219999998
JP01,Hardware,1100_AR,2026-08,5761512.219999998,2819534.27,3411900.33,5169146.159999998
JP01,Hardware,1100_AR,2026-09,5169146.159999998,3923602.4699999997,1899477.44,7193271.1899999995
JP01,Hardware,1200_INVENTORY,2023-10,0.0,7625281.28,2178651.81,5446629.470000001
JP01,Hardware,1200_INVENTORY,2023-11,5446629.470000001,2068222.5,2147100.4899999998,5367751.48
JP01,Hardware,1200_INVENTORY,2023-12,5367751.48,2845134.6799999997,2346538.86,5866347.300000001
JP01,Hardware,1200_INVENTORY,2024-01,5866347.300000001,0.0,1301602.57,4564744.73
JP01,Hardware,1200_INVENTORY,2024-02,4564744.73,517693.99,1452125.2,3630313.5200000005
JP01,Hardware,1200_INVENTORY,2024-03,3630313.5200000005,2653357.7,1795334.5,4488336.720000001
JP01,Hardware,1200_INVENTORY,2024-04,4488336.720000001,2337096.54,1950123.6,4875309.66
JP01,Hardware,1200_INVENTORY,2024-05,4875309.66,1846530.77,1920525.84,4801314.59
JP01,Hardware,1200_INVENTORY,2024-06,4801314.59,2509755.83,2088877.25,5222193.17
JP01,Hardware,1200_INVENTORY,2024-07,5222193.17,994668.83,1776246.27,4440615.73
JP01,Hardware,1200_INVENTORY,2024-08,4440615.73,0.0,1204172.42,3236443.3100000005
JP01,Hardware,1200_INVENTORY,2024-09,3236443.3100000005,3657455.67,1969685.28,4924213.7
JP01,Hardware,1200_INVENTORY,2024-10,4924213.7,2474170.2800000003,2113823.95,5284560.03
JP01,Hardware,1200_INVENTORY,2024-11,5284560.03,2861777.37,2327524.93,5818812.470000001
JP01,Hardware,1200_INVENTORY,2024-12,5818812.470000001,2440997.0,2359945.5,5899863.970000001
JP01,Hardware,1200_INVENTORY,2025-01,5899863.970000001,0.0,1511082.76,4388781.210000001
JP01,Hardware,1200_INVENTORY,2025-02,4388781.210000001,1399366.37,1653756.49,4134391.090000001
JP01,Hardware,1200_INVENTORY,2025-03,4134391.090000001,2867073.9000000004,2000418.47,5001046.520000001
JP01,Hardware,1200_INVENTORY,2025-04,5001046.520000001,2167333.42,2048108.48,5120271.460000001
JP01,Hardware,1200_INVENTORY,2025-05,5120271.460000001,2273064.09,2112381.5100000002,5280954.040000001
JP01,Hardware,1200_INVENTORY,2025-06,5280954.040000001,2149034.37,2122853.88,5307134.530000001
JP01,Hardware,1200_INVENTORY,2025-07,5307134.530000001,1285280.23,1883547.1,4708867.660000002
JP01,Hardware,1200_INVENTORY,2025-08,4708867.660000002,319603.11,1436705.97,3591764.8000000026
JP01,Hardware,1200_INVENTORY,2025-09,3591764.8000000026,4139626.34,2208968.87,5522422.270000002
JP01,Hardware,1200_INVENTORY,2025-10,5522422.270000002,2518980.99,2297543.75,5743859.510000003
JP01,Hardware,1200_INVENTORY,2025-11,5743859.510000003,2596115.5,2382850.02,5957124.990000002
JP01,Hardware,1200_INVENTORY,2025-12,5957124.990000002,2614838.1799999997,2449132.34,6122830.830000002
JP01,Hardware,1200_INVENTORY,2026-01,6122830.830000002,0.0,1459764.45,4663066.380000002
JP01,Hardware,1200_INVENTORY,2026-02,4663066.380000002,1733907.06,1827706.69,4569266.750000002
JP01,Hardware,1200_INVENTORY,2026-03,4569266.750000002,3197293.21,2219017.2,5547542.760000002
JP01,Hardware,1200_INVENTORY,2026-04,5547542.760000002,2888198.55,2410211.74,6025529.570000002
JP01,Hardware,1200_INVENTORY,2026-05,6025529.570000002,2517945.46,2440992.84,6102482.190000001
JP01,Hardware,1200_INVENTORY,2026-06,6102482.190000001,2297612.25,2400026.98,6000067.460000001
JP01,Hardware,1200_INVENTORY,2026-07,6000067.460000001,1153607.39,2043907.09,5109767.760000001
JP01,Hardware,1200_INVENTORY,2026-08,5109767.760000001,1348087.46,1845101.53,4612753.69
JP01,Hardware,1200_INVENTORY,2026-09,4612753.69,4826840.4399999995,2697026.82,6742567.309999999
JP01,Hardware,2100_AP,2023-10,0.0,0.0,274762.42,-274762.42
JP01,Hardware,2100_AP,2023-11,-274762.42,0.0,275476.81,-550239.23
JP01,Hardware,2100_AP,2023-12,-550239.23,246156.3,304082.93,-608165.86
JP01,Hardware,2100_AP,2024-01,-608165.86,433626.64,174539.22,-349078.43999999994
JP01,Hardware,2100_AP,2024-02,-349078.43999999994,155057.44,194021.0,-388041.99999999994
JP01,Hardware,2100_AP,2024-03,-388041.99999999994,153069.8,234972.2,-469944.39999999997
JP01,Hardware,2100_AP,2024-04,-469944.39999999997,217570.11,252374.29,-504748.57999999996
JP01,Hardware,2100_AP,2024-05,-504748.57999999996,252594.82,252153.76,-504307.51999999996
JP01,Hardware,2100_AP,2024-06,-504307.51999999996,232661.22,271646.3,-543292.5999999999
JP01,Hardware,2100_AP,2024-07,-543292.5999999999,309783.31,233509.29,-467018.57999999984
JP01,Hardware,2100_AP,2024-08,-467018.57999999984,304894.93,162123.65,-324247.2999999998
JP01,Hardware,2100_AP,2024-09,-324247.2999999998,62340.41,261906.88999999998,-523813.7799999998
JP01,Hardware,2100_AP,2024-10,-523813.7799999998,244929.81,278883.97000000003,-557767.9399999998
JP01,Hardware,2100_AP,2024-11,-557767.9399999998,251807.91,305960.03,-611920.0599999998
JP01,Hardware,2100_AP,2024-12,-611920.0599999998,300386.39,311533.67,-623067.3399999999
JP01,Hardware,2100_AP,2025-01,-623067.3399999999,420321.63,202745.71,-405491.4199999998
JP01,Hardware,2100_AP,2025-02,-405491.4199999998,182666.03,222825.39,-445650.7799999998
JP01,Hardware,2100_AP,2025-03,-445650.7799999998,176900.49,268750.29,-537500.5799999998
JP01,Hardware,2100_AP,2025-04,-537500.5799999998,259246.23,278254.35,-556508.6999999998
JP01,Hardware,2100_AP,2025-05,-556508.6999999998,271100.37,285408.33,-570816.6599999999
JP01,Hardware,2100_AP,2025-06,-570816.6599999999,285175.32,285641.34,-571282.6799999999
JP01,Hardware,2100_AP,2025-07,-571282.6799999999,316146.3,255136.38,-510272.75999999995
JP01,Hardware,2100_AP,2025-08,-510272.75999999995,311148.75,199124.01,-398248.01999999996
JP01,Hardware,2100_AP,2025-09,-398248.01999999996,99450.35,298797.67,-597595.3399999999
JP01,Hardware,2100_AP,2025-10,-597595.3399999999,285539.68,312055.66,-624111.3199999998
JP01,Hardware,2100_AP,2025-11,-624111.3199999998,299870.3,324241.02,-648482.0399999998
JP01,Hardware,2100_AP,2025-12,-648482.0399999998,316085.01,332397.03,-664794.0599999998
JP01,Hardware,2100_AP,2026-01,-664794.0599999998,462489.22,202304.84,-404609.6799999998
JP01,Hardware,2100_AP,2026-02,-404609.6799999998,155265.62,249344.06,-498688.1199999998
JP01,Hardware,2100_AP,2026-03,-498688.1199999998,212930.72,285757.4,-571514.7999999998
JP01,Hardware,2100_AP,2026-04,-571514.7999999998,267918.35,303596.45,-607192.8999999999
JP01,Hardware,2100_AP,2026-05,-607192.8999999999,293948.9,313244.0,-626487.9999999999
JP01,Hardware,2100_AP,2026-06,-626487.9999999999,308548.23,317939.77,-635879.5399999999
JP01,Hardware,2100_AP,2026-07,-635879.5399999999,360992.0,274887.54,-549775.0799999998
JP01,Hardware,2100_AP,2026-08,-549775.0799999998,302631.7,247143.38,-494286.75999999983
JP01,Hardware,2100_AP,2026-09,-494286.75999999983,153332.38,340954.38,-681908.7599999998
JP01,Software,1100_AR,2023-10,0.0,515254.67,0.0,515254.67
JP01,Software,1100_AR,2023-11,515254.67,531117.23,594028.4,452343.4999999999
JP01,Software,1100_AR,2023-12,452343.4999999999,524018.76,547318.15,429044.10999999987
JP01,Software,1100_AR,2024-01,429044.10999999987,525500.61,516837.54,437707.1799999999
JP01,Software,1100_AR,2024-02,437707.1799999999,525271.49,527354.35,435624.31999999995
JP01,Software,1100_AR,2024-03,435624.31999999995,534671.72,521739.52,448556.5199999999
JP01,Software,1100_AR,2024-04,448556.5199999999,551915.83,531307.69,469164.6599999999
JP01,Software,1100_AR,2024-05,469164.6599999999,544254.6,559441.3200000001,453977.9399999998
JP01,Software,1100_AR,2024-06,453977.9399999998,542679.19,551237.79,445419.33999999973
JP01,Software,1100_AR,2024-07,445419.33999999973,561375.93,533493.73,473301.5399999998
JP01,Software,1100_AR,2024-08,473301.5399999998,564883.49,568523.98,469661.0499999998
JP01,Software,1100_AR,2024-09,469661.0499999998,562061.21,568599.6699999999,463122.58999999985
JP01,Software,1100_AR,2024-10,463122.58999999985,587960.11,547649.64,503433.0599999997
JP01,Software,1100_AR,2024-11,503433.0599999997,561586.11,601792.3,463226.86999999965
JP01,Software,1100_AR,2024-12,463226.86999999965,581547.28,553514.45,491259.6999999997
JP01,Software,1100_AR,2025-01,491259.6999999997,598285.56,588860.39,500684.86999999976
JP01,Software,1100_AR,2025-02,500684.86999999976,606867.23,603150.44,504401.6599999997
JP01,Software,1100_AR,2025-03,504401.6599999997,600048.53,609769.45,494680.73999999976
JP01,Software,1100_AR,2025-04,494680.73999999976,618173.43,595353.94,517500.23
JP01,Software,1100_AR,2025-05,517500.23,616363.4,625846.5800000001,508017.0499999998
JP01,Software,1100_AR,2025-06,508017.0499999998,635120.07,604258.79,538878.3299999996
JP01,Software,1100_AR,2025-07,538878.3299999996,638190.11,649787.31,527281.1299999994
JP01,Software,1100_AR,2025-08,527281.1299999994,658777.62,628015.48,558043.2699999996
JP01,Software,1100_AR,2025-09,558043.2699999996,665617.74,667456.6,556204.4099999996
JP01,Software,1100_AR,2025-10,556204.4099999996,678511.8099999999,665386.75,569329.4699999995
JP01,Software,1100_AR,2025-11,569329.4699999995,690835.74,686253.0800000001,573912.1299999994
JP01,Software,1100_AR,2025-12,573912.1299999994,696583.87,691084.22,579411.7799999996
JP01,Software,1100_AR,2026-01,579411.7799999996,666552.84,713052.25,532912.3699999996
JP01,Software,1100_AR,2026-02,532912.3699999996,688429.15,637724.5,583617.0199999996
JP01,Software,1100_AR,2026-03,583617.0199999996,727869.52,683867.84,627618.6999999996
JP01,Software,1100_AR,2026-04,627618.6999999996,741056.59,743930.6399999999,624744.6499999997
JP01,Software,1100_AR,2026-05,624744.6499999997,748277.66,748096.2,624926.1099999996
JP01,Software,1100_AR,2026-06,624926.1099999996,761159.52,754681.75,631403.8799999997
JP01,Software,1100_AR,2026-07,631403.8799999997,739957.45,770813.9199999999,600547.4099999997
JP01,Software,1100_AR,2026-08,600547.4099999997,776565.13,716257.0900000001,660855.4499999995
JP01,Software,1100_AR,2026-09,660855.4499999995,767719.27,801805.59,626769.1299999995
JP01,Software,2100_AP,2023-10,0.0,0.0,169829.05,-169829.05
JP01,Software,2100_AP,2023-11,-169829.05,169829.05,170549.71,-170549.71
JP01,Software,2100_AP,2023-12,-170549.71,170549.71,164690.59,-164690.59
JP01,Software,2100_AP,2024-01,-164690.59,164690.59,168056.1,-168056.1
JP01,Software,2100_AP,2024-02,-168056.1,168056.1,167677.18,-167677.18
JP01,Software,2100_AP,2024-03,-167677.18,167677.18,171469.79,-171469.79
JP01,Software,2100_AP,2024-04,-171469.79,171469.79,179364.1,-179364.1
JP01,Software,2100_AP,2024-05,-179364.1,179364.1,171275.15,-171275.15
JP01,Software,2100_AP,2024-06,-171275.15,171275.15,170529.55,-170529.55
JP01,Software,2100_AP,2024-07,-170529.55,170529.55,179117.09,-179117.09
JP01,Software,2100_AP,2024-08,-179117.09,179117.09,179964.1,-179964.1
JP01,Software,2100_AP,2024-09,-179964.1,179964.1,174002.24,-174002.24
JP01,Software,2100_AP,2024-10,-174002.24,174002.24,182777.04,-182777.04
JP01,Software,2100_AP,2024-11,-182777.04,182777.04,169661.0,-169661.0
JP01,Software,2100_AP,2024-12,-169661.0,169661.0,175109.18,-175109.18
JP01,Software,2100_AP,2025-01,-175109.18,175109.18,187059.08,-187059.08
JP01,Software,2100_AP,2025-02,-187059.08,187059.08,187313.76,-187313.76
JP01,Software,2100_AP,2025-03,-187313.76,187313.76,182520.68,-182520.68
JP01,Software,2100_AP,2025-04,-182520.68,182520.68,184600.2,-184600.2
JP01,Software,2100_AP,2025-05,-184600.2,184600.2,181417.41,-181417.41
JP01,Software,2100_AP,2025-06,-181417.41,181417.41,191080.0,-191080.0
JP01,Software,2100_AP,2025-07,-191080.0,191080.0,192265.22,-192265.22
JP01,Software,2100_AP,2025-08,-192265.22,192265.22,197495.87,-197495.87
JP01,Software,2100_AP,2025-09,-197495.87,197495.87,198095.64,-198095.64
JP01,Software,2100_AP,2025-10,-198095.64,198095.64,199293.72,-199293.72
JP01,Software,2100_AP,2025-11,-199293.72,199293.72,202845.12,-202845.12
JP01,Software,2100_AP,2025-12,-202845.12,202845.12,203043.68,-203043.68
JP01,Software,2100_AP,2026-01,-203043.68,203043.68,200818.77,-200818.77
JP01,Software,2100_AP,2026-02,-200818.77,200818.77,207373.15,-207373.15
JP01,Software,2100_AP,2026-03,-207373.15,207373.15,239812.05,-239812.05
JP01,Software,2100_AP,2026-04,-239812.05,239812.05,253169.08,-253169.08
JP01,Software,2100_AP,2026-05,-253169.08,253169.08,248116.47,-248116.47
JP01,Software,2100_AP,2026-06,-248116.47,248116.47,238236.96,-238236.96
JP01,Software,2100_AP,2026-07,-238236.96,238236.96,231585.55,-231585.55
JP01,Software,2100_AP,2026-08,-231585.55,231585.55,249950.85,-249950.85
JP01,Software,2100_AP,2026-09,-249950.85,249950.85,256093.53,-256093.53
JP01,Spare Parts,1100_AR,2023-10,0.0,2589581.1,0.0,2589581.1
JP01,Spare Parts,1100_AR,2023-11,2589581.1,2730665.77,769137.25,4551109.62
JP01,Spare Parts,1100_AR,2023-12,4551109.62,2871826.99,2636558.29,4786378.32
JP01,Spare Parts,1100_AR,2024-01,4786378.32,2171477.32,3338726.77,3619128.8700000006
JP01,Spare Parts,1100_AR,2024-02,3619128.8700000006,2259250.86,2112961.63,3765418.1000000006
JP01,Spare Parts,1100_AR,2024-03,3765418.1000000006,2461376.88,2124500.18,4102294.8000000003
JP01,Spare Parts,1100_AR,2024-04,4102294.8000000003,2535621.05,2411880.77,4226035.08
JP01,Spare Parts,1100_AR,2024-05,4226035.08,2546004.59,2528698.69,4243340.98
JP01,Spare Parts,1100_AR,2024-06,4243340.98,2649914.62,2476731.24,4416524.36
JP01,Spare Parts,1100_AR,2024-07,4416524.36,2403290.82,2814330.49,4005484.6899999995
JP01,Spare Parts,1100_AR,2024-08,4005484.6899999995,2136898.65,2580885.6,3561497.7399999998
JP01,Spare Parts,1100_AR,2024-09,3561497.7399999998,2617325.89,1816613.82,4362209.81
JP01,Spare Parts,1100_AR,2024-10,4362209.81,2772381.75,2513955.32,4620636.24
JP01,Spare Parts,1100_AR,2024-11,4620636.24,2860046.49,2713938.59,4766744.140000001
JP01,Spare Parts,1100_AR,2024-12,4766744.140000001,3041330.91,2739190.21,5068884.840000001
JP01,Spare Parts,1100_AR,2025-01,5068884.840000001,2311810.7399999998,3527677.69,3853017.89
JP01,Spare Parts,1100_AR,2025-02,3853017.89,2431383.99,2232095.24,4052306.6400000006
JP01,Spare Parts,1100_AR,2025-03,4052306.6400000006,2660137.21,2278881.84,4433562.010000001
JP01,Spare Parts,1100_AR,2025-04,4433562.010000001,2685766.17,2643051.24,4476276.94
JP01,Spare Parts,1100_AR,2025-05,4476276.94,2734857.58,2653038.56,4558095.960000001
JP01,Spare Parts,1100_AR,2025-06,4558095.960000001,2823049.9,2676062.7,4705083.160000001
JP01,Spare Parts,1100_AR,2025-07,4705083.160000001,2571194.41,2990953.56,4285324.010000002
JP01,Spare Parts,1100_AR,2025-08,4285324.010000002,2267916.03,2773380.0,3779860.040000001
JP01,Spare Parts,1100_AR,2025-09,3779860.040000001,2827480.22,1894873.24,4712467.020000001
JP01,Spare Parts,1100_AR,2025-10,4712467.020000001,2970043.07,2732438.32,4950071.770000001
JP01,Spare Parts,1100_AR,2025-11,4950071.770000001,3080239.12,2896579.04,5133731.8500000015
JP01,Spare Parts,1100_AR,2025-12,5133731.8500000015,3250211.08,2966924.48,5417018.450000001
JP01,Spare Parts,1100_AR,2026-01,5417018.450000001,2397037.82,3818993.25,3995063.0200000014
JP01,Spare Parts,1100_AR,2026-02,3995063.0200000014,2545994.33,2297733.48,4243323.870000001
JP01,Spare Parts,1100_AR,2026-03,4243323.870000001,2806973.74,2372008.06,4678289.550000001
JP01,Spare Parts,1100_AR,2026-04,4678289.550000001,2940055.28,2718252.71,4900092.12
JP01,Spare Parts,1100_AR,2026-05,4900092.12,3019944.0,2886796.13,5033239.99
JP01,Spare Parts,1100_AR,2026-06,5033239.99,3033019.12,3011227.25,5055031.86
JP01,Spare Parts,1100_AR,2026-07,5055031.86,2790693.87,3194569.29,4651156.44
JP01,Spare Parts,1100_AR,2026-08,4651156.44,2596342.8,2920261.25,4327237.99
JP01,Spare Parts,1100_AR,2026-09,4327237.99,3166150.41,2216471.06,5276917.34
JP01,Spare Parts,1200_INVENTORY,2023-10,0.0,5739331.720000001,1434832.95,4304498.7700000005
JP01,Spare Parts,1200_INVENTORY,2023-11,4304498.7700000005,1683255.53,1496938.7,4490815.600000001
JP01,Spare Parts,1200_INVENTORY,2023-12,4490815.600000001,1750144.96,1560240.11,4680720.45
JP01,Spare Parts,1200_INVENTORY,2024-01,4680720.45,39749.26,1180117.45,3540352.26
JP01,Spare Parts,1200_INVENTORY,2024-02,3540352.26,1370115.02,1227616.8800000001,3682850.3999999994
JP01,Spare Parts,1200_INVENTORY,2024-03,3682850.3999999994,1673449.82,1339075.15,4017225.07
JP01,Spare Parts,1200_INVENTORY,2024-04,4017225.07,1520092.8900000001,1384329.6,4152988.36
JP01,Spare Parts,1200_INVENTORY,2024-05,4152988.36,1355167.85,1377039.09,4131117.12
JP01,Spare Parts,1200_INVENTORY,2024-06,4131117.12,1598013.1300000001,1432282.61,4296847.64
JP01,Spare Parts,1200_INVENTORY,2024-07,4296847.64,898275.1499999999,1298780.83,3896341.959999999
JP01,Spare Parts,1200_INVENTORY,2024-08,3896341.959999999,717404.5700000001,1153436.66,3460309.869999999
JP01,Spare Parts,1200_INVENTORY,2024-09,3460309.869999999,2153430.7800000003,1403435.22,4210305.43
JP01,Spare Parts,1200_INVENTORY,2024-10,4210305.43,1735479.15,1486446.22,4459338.36
JP01,Spare Parts,1200_INVENTORY,2024-11,4459338.36,1632054.36,1522848.3,4568544.420000001
JP01,Spare Parts,1200_INVENTORY,2024-12,4568544.420000001,1902315.06,1617714.93,4853144.550000001
JP01,Spare Parts,1200_INVENTORY,2025-01,4853144.550000001,92708.55,1236463.3800000001,3709389.7200000007
JP01,Spare Parts,1200_INVENTORY,2025-02,3709389.7200000007,1465633.73,1293755.94,3881267.510000001
JP01,Spare Parts,1200_INVENTORY,2025-03,3881267.510000001,1754262.1500000001,1408882.49,4226647.170000001
JP01,Spare Parts,1200_INVENTORY,2025-04,4226647.170000001,1415226.8900000001,1410468.55,4231405.510000001
JP01,Spare Parts,1200_INVENTORY,2025-05,4231405.510000001,1485149.26,1429138.85,4287415.92
JP01,Spare Parts,1200_INVENTORY,2025-06,4287415.92,1650895.55,1484577.97,4453733.5
JP01,Spare Parts,1200_INVENTORY,2025-07,4453733.5,943125.27,1349214.8,4047643.9699999997
JP01,Spare Parts,1200_INVENTORY,2025-08,4047643.9699999997,690745.78,1184597.52,3553792.23
JP01,Spare Parts,1200_INVENTORY,2025-09,3553792.23,2338854.5300000003,1473161.82,4419484.9399999995
JP01,Spare Parts,1200_INVENTORY,2025-10,4419484.9399999995,1751296.6,1542695.45,4628086.089999999
JP01,Spare Parts,1200_INVENTORY,2025-11,4628086.089999999,1743963.08,1593012.31,4779036.859999999
JP01,Spare Parts,1200_INVENTORY,2025-12,4779036.859999999,1940253.38,1679822.7,5039467.539999999
JP01,Spare Parts,1200_INVENTORY,2026-01,5039467.539999999,0.0,1250787.72,3788679.8199999994
JP01,Spare Parts,1200_INVENTORY,2026-02,3788679.8199999994,1508692.01,1324343.05,3973028.7799999993
JP01,Spare Parts,1200_INVENTORY,2026-03,3973028.7799999993,2039427.73,1503114.2,4509342.31
JP01,Spare Parts,1200_INVENTORY,2026-04,4509342.31,1844428.1300000001,1588442.69,4765327.75
JP01,Spare Parts,1200_INVENTORY,2026-05,4765327.75,1644007.79,1602333.97,4807001.57
JP01,Spare Parts,1200_INVENTORY,2026-06,4807001.57,1521997.96,1582249.95,4746749.58
JP01,Spare Parts,1200_INVENTORY,2026-07,4746749.58,1053837.47,1450146.75,4350440.3
JP01,Spare Parts,1200_INVENTORY,2026-08,4350440.3,1065323.88,1353941.1300000001,4061823.05
JP01,Spare Parts,1200_INVENTORY,2026-09,4061823.05,2694946.4699999997,1689192.49,5067577.029999999
JP01,Spare Parts,2100_AP,2023-10,0.0,0.0,275470.98,-275470.98
JP01,Spare Parts,2100_AP,2023-11,-275470.98,81759.99,290566.48,-484277.47
JP01,Spare Parts,2100_AP,2023-12,-484277.47,280500.84,305664.94,-509441.56999999995
JP01,Spare Parts,2100_AP,2024-01,-509441.56999999995,355354.69,231130.31,-385217.18999999994
JP01,Spare Parts,2100_AP,2024-02,-385217.18999999994,224893.13,240486.08,-400810.1399999999
JP01,Spare Parts,2100_AP,2024-03,-400810.1399999999,226160.56,261974.36,-436623.9399999999
JP01,Spare Parts,2100_AP,2024-04,-436623.9399999999,256709.58,269871.53,-449785.8899999999
JP01,Spare Parts,2100_AP,2024-05,-449785.8899999999,269117.43,271002.68,-451671.1399999999
JP01,Spare Parts,2100_AP,2024-06,-451671.1399999999,263545.0,282189.2,-470315.3399999999
JP01,Spare Parts,2100_AP,2024-07,-470315.3399999999,299703.17,255918.24,-426530.4099999999
JP01,Spare Parts,2100_AP,2024-08,-426530.4099999999,274895.3,227452.65,-379087.7599999999
JP01,Spare Parts,2100_AP,2024-09,-379087.7599999999,193337.17,278625.87,-464376.45999999985
JP01,Spare Parts,2100_AP,2024-10,-464376.45999999985,267602.18,295161.4,-491935.6799999999
JP01,Spare Parts,2100_AP,2024-11,-491935.6799999999,288806.18,304694.23,-507823.72999999986
JP01,Spare Parts,2100_AP,2024-12,-507823.72999999986,291823.68,324000.06,-540000.1099999999
JP01,Spare Parts,2100_AP,2025-01,-540000.1099999999,375840.14,246239.94,-410399.90999999986
JP01,Spare Parts,2100_AP,2025-02,-410399.90999999986,237719.9,259020.0,-431700.0099999999
JP01,Spare Parts,2100_AP,2025-03,-431700.0099999999,242793.8,283359.3,-472265.5099999999
JP01,Spare Parts,2100_AP,2025-04,-472265.5099999999,281497.31,286152.28,-476920.4799999999
JP01,Spare Parts,2100_AP,2025-05,-476920.4799999999,282578.08,291513.58,-485855.9799999999
JP01,Spare Parts,2100_AP,2025-06,-485855.9799999999,285254.94,300901.54,-501502.5799999999
JP01,Spare Parts,2100_AP,2025-07,-501502.5799999999,318782.39,274080.26,-456800.4499999999
JP01,Spare Parts,2100_AP,2025-08,-456800.4499999999,295648.35,241728.12,-402880.2199999999
JP01,Spare Parts,2100_AP,2025-09,-402880.2199999999,201942.07,301407.2,-502345.3499999999
JP01,Spare Parts,2100_AP,2025-10,-502345.3499999999,291322.71,316533.93,-527556.5699999998
JP01,Spare Parts,2100_AP,2025-11,-527556.5699999998,308570.88,328478.51,-547464.1999999998
JP01,Spare Parts,2100_AP,2025-12,-547464.1999999998,316438.26,346538.88,-577564.8199999998
JP01,Spare Parts,2100_AP,2026-01,-577564.8199999998,407132.93,255647.8,-426079.6899999998
JP01,Spare Parts,2100_AP,2026-02,-426079.6899999998,245017.29,271593.56,-452655.95999999985
JP01,Spare Parts,2100_AP,2026-03,-452655.95999999985,253157.21,299248.08,-498746.82999999984
JP01,Spare Parts,2100_AP,2026-04,-498746.82999999984,289767.69,313468.67,-522447.8099999998
JP01,Spare Parts,2100_AP,2026-05,-522447.8099999998,307643.25,322206.8,-537011.3599999999
JP01,Spare Parts,2100_AP,2026-06,-537011.3599999999,321318.76,323538.86,-539231.4599999998
JP01,Spare Parts,2100_AP,2026-07,-539231.4599999998,340814.65,297625.18,-496041.9899999998
JP01,Spare Parts,2100_AP,2026-08,-496041.9899999998,311376.15,276998.73,-461664.5699999998
JP01,Spare Parts,2100_AP,2026-09,-461664.5699999998,236929.0,337103.32,-561838.8899999998
US01,Events,1100_AR,2023-10,0.0,1134485.99,0.0,1134485.99
US01,Events,1100_AR,2023-11,1134485.99,1415040.54,685075.28,1864451.2500000002
US01,Events,1100_AR,2023-12,1864451.2500000002,1596260.24,1367445.68,2093265.8100000003
US01,Events,1100_AR,2024-01,2093265.8100000003,2918211.06,1368631.26,3642845.6100000003
US01,Events,1100_AR,2024-02,3642845.6100000003,3478577.38,2954558.2399999998,4166864.7500000005
US01,Events,1100_AR,2024-03,4166864.7500000005,1054372.96,4114461.56,1106776.1500000008
US01,Events,1100_AR,2024-04,1106776.1500000008,2918724.6,903561.82,3121938.930000001
US01,Events,1100_AR,2024-05,3121938.930000001,2079799.59,2428672.4,2773066.1200000015
US01,Events,1100_AR,2024-06,2773066.1200000015,2148678.5,2423225.0100000002,2498519.610000001
US01,Events,1100_AR,2024-07,2498519.610000001,1844951.43,2110016.72,2233454.3200000008
US01,Events,1100_AR,2024-08,2233454.3200000008,2658352.13,1791903.4000000001,3099903.0500000007
US01,Events,1100_AR,2024-09,3099903.0500000007,1936768.55,2910790.84,2125880.7600000007
US01,Events,1100_AR,2024-10,2125880.7600000007,1864919.16,1730474.28,2260325.6400000006
US01,Events,1100_AR,2024-11,2260325.6400000006,2829480.63,1772814.58,3316991.6900000004
US01,Events,1100_AR,2024-12,3316991.6900000004,2104401.94,2903860.04,2517533.590000001
US01,Events,1100_AR,2025-01,2517533.590000001,2553570.29,2281229.85,2789874.0300000007
US01,Events,1100_AR,2025-02,2789874.0300000007,1986978.21,2538776.57,2238075.6700000004
US01,Events,1100_AR,2025-03,2238075.6700000004,2175443.6,2075280.51,2338238.7600000007
US01,Events,1100_AR,2025-04,2338238.7600000007,2207176.32,2122540.4,2422874.68
US01,Events,1100_AR,2025-05,2422874.68,3069954.84,2385102.45,3107727.0699999994
US01,Events,1100_AR,2025-06,3107727.0699999994,2256814.93,2926252.5300000003,2438289.4699999997
US01,Events,1100_AR,2025-07,2438289.4699999997,1513970.65,2207884.59,1744375.5299999998
US01,Events,1100_AR,2025-08,1744375.5299999998,1368544.87,1636441.88,1476478.52
US01,Events,1100_AR,2025-09,1476478.52,3680310.3,1050957.51,4105831.3100000005
US01,Events,1100_AR,2025-10,4105831.3100000005,2152138.58,3709557.3600000003,2548412.5300000003
US01,Events,1100_AR,2025-11,2548412.5300000003,2247091.5,2365713.1,2429790.93
US01,Events,1100_AR,2025-12,2429790.93,2120276.55,2237942.85,2312124.6300000004
US01,Events,1100_AR,2026-01,2312124.6300000004,1694382.05,1876862.8099999998,2129643.870000001
US01,Events,1100_AR,2026-02,2129643.870000001,2126392.69,1857366.0,2398670.5600000005
US01,Events,1100_AR,2026-03,2398670.5600000005,2052129.69,2169496.24,2281304.01
US01,Events,1100_AR,2026-04,2281304.01,2301375.69,1876229.01,2706450.6899999995
US01,Events,1100_AR,2026-05,2706450.6899999995,1834312.06,2459061.3,2081701.4500000002
US01,Events,1100_AR,2026-06,2081701.4500000002,1106838.42,1954886.28,1233653.59
US01,Events,1100_AR,2026-07,1233653.59,2810554.0,882157.74,3162049.8499999996
US01,Events,1100_AR,2026-08,3162049.8499999996,3051386.78,2412697.79,3800738.839999999
US01,Events,1100_AR,2026-09,3800738.839999999,2495089.01,3317725.09,2978102.759999999
US01,Events,2100_AP,2023-10,0.0,0.0,779838.35,-779838.35
US01,Events,2100_AP,2023-11,-779838.35,615944.97,983360.27,-1147253.65
US01,Events,2100_AP,2023-12,-1147253.65,978625.31,1011770.01,-1180398.3499999999
US01,Events,2100_AP,2024-01,-1180398.3499999999,862618.98,1906676.16,-2224455.53
US01,Events,2100_AP,2024-02,-2224455.53,1812613.17,2471054.13,-2882896.4899999998
US01,Events,2100_AP,2024-03,-2882896.4899999998,2777603.83,631755.9,-737048.5599999997
US01,Events,2100_AP,2024-04,-737048.5599999997,410911.52,1956822.18,-2282959.2199999997
US01,Events,2100_AP,2024-05,-2282959.2199999997,2055568.16,1364346.28,-1591737.3399999999
US01,Events,2100_AP,2024-06,-1591737.3399999999,1357796.36,1403645.83,-1637586.8099999998
US01,Events,2100_AP,2024-07,-1637586.8099999998,1426812.67,1264644.8,-1475418.94
US01,Events,2100_AP,2024-08,-1475418.94,1188131.02,1723727.46,-2011015.38
US01,Events,2100_AP,2024-09,-2011015.38,1793508.65,1305040.3,-1522547.03
US01,Events,2100_AP,2024-10,-1522547.03,1326990.6,1173338.49,-1368894.92
US01,Events,2100_AP,2024-11,-1368894.92,1080466.41,1730570.94,-2018999.45
US01,Events,2100_AP,2024-12,-2018999.45,1791872.78,1362759.87,-1589886.54
US01,Events,2100_AP,2025-01,-1589886.54,1305801.7,1704508.8699999999,-1988593.71
US01,Events,2100_AP,2025-02,-1988593.71,1771349.7,1303463.9,-1520707.91
US01,Events,2100_AP,2025-03,-1520707.91,1282283.92,1430543.8,-1668967.79
US01,Events,2100_AP,2025-04,-1668967.79,1431609.34,1424150.53,-1661508.98
US01,Events,2100_AP,2025-05,-1661508.98,1333231.94,1969662.09,-2297939.13
US01,Events,2100_AP,2025-06,-2297939.13,2072190.23,1354493.25,-1580242.15
US01,Events,2100_AP,2025-07,-1580242.15,1428768.65,908840.83,-1060314.33
US01,Events,2100_AP,2025-08,-1060314.33,916369.9,863666.4,-1007610.8300000001
US01,Events,2100_AP,2025-09,-1007610.8300000001,602371.53,2431435.6,-2836674.9000000004
US01,Events,2100_AP,2025-10,-2836674.9000000004,2610145.24,1359177.78,-1585707.4400000002
US01,Events,2100_AP,2025-11,-1585707.4400000002,1347471.45,1429415.74,-1667651.7300000002
US01,Events,2100_AP,2025-12,-1667651.7300000002,1455403.77,1273487.58,-1485735.5400000003
US01,Events,2100_AP,2026-01,-1485735.5400000003,1298885.1,1121102.46,-1307952.9000000001
US01,Events,2100_AP,2026-02,-1307952.9000000001,1089364.22,1311531.8800000001,-1530120.5600000003
US01,Events,2100_AP,2026-03,-1530120.5600000003,1303654.95,1358793.47,-1585259.0800000003
US01,Events,2100_AP,2026-04,-1585259.0800000003,1319404.23,1595128.8900000001,-1860983.7400000005
US01,Events,2100_AP,2026-05,-1860983.7400000005,1658779.84,1213223.19,-1415427.0900000003
US01,Events,2100_AP,2026-06,-1415427.0900000003,1301933.69,680960.17,-794453.5700000004
US01,Events,2100_AP,2026-07,-794453.5700000004,488128.45,1837950.51,-2144275.6300000004
US01,Events,2100_AP,2026-08,-2144275.6300000004,1819634.26,1947848.02,-2272489.3900000006
US01,Events,2100_AP,2026-09,-2272489.3900000006,2010765.18,1570345.06,-1832069.2700000007
US01,Hardware,1100_AR,2023-10,0.0,5620872.26,0.0,5620872.26
US01,Hardware,1100_AR,2023-11,5620872.26,5753853.36,825994.46,10548731.16
US01,Hardware,1100_AR,2023-12,10548731.16,6094918.11,5469632.73,11174016.54
US01,Hardware,1100_AR,2024-01,11174016.54,4329466.0200000005,7566128.18,7937354.379999999
US01,Hardware,1100_AR,2024-02,7937354.379999999,4840215.04,3903841.84,8873727.579999998
US01,Hardware,1100_AR,2024-03,8873727.579999998,5064053.98,4653682.59,9284098.969999999
US01,Hardware,1100_AR,2024-04,9284098.969999999,5288639.29,4876899.56,9695838.7
US01,Hardware,1100_AR,2024-05,9695838.7,5327445.66,5256300.65,9766983.709999999
US01,Hardware,1100_AR,2024-06,9766983.709999999,5518709.22,5168059.36,10117633.57
US01,Hardware,1100_AR,2024-07,10117633.57,4990048.49,5959259.83,9148422.23
US01,Hardware,1100_AR,2024-08,9148422.23,4316414.76,5551409.93,7913427.0600000005
US01,Hardware,1100_AR,2024-09,7913427.0600000005,5557279.61,3282360.72,10188345.950000001
US01,Hardware,1100_AR,2024-10,10188345.950000001,5642968.0,5485872.62,10345441.330000002
US01,Hardware,1100_AR,2024-11,10345441.330000002,5799608.56,5512434.2,10632615.690000001
US01,Hardware,1100_AR,2024-12,10632615.690000001,6191156.26,5473318.81,11350453.140000004
US01,Hardware,1100_AR,2025-01,11350453.140000004,4843942.49,7313834.4,8880561.230000004
US01,Hardware,1100_AR,2025-02,8880561.230000004,5024694.01,4693316.22,9211939.020000003
US01,Hardware,1100_AR,2025-03,9211939.020000003,5643557.42,4508974.5,10346521.940000003
US01,Hardware,1100_AR,2025-04,10346521.940000003,5414874.6,5834126.44,9927270.100000001
US01,Hardware,1100_AR,2025-05,9927270.100000001,5637315.36,5229507.3,10335078.16
US01,Hardware,1100_AR,2025-06,10335078.16,5719263.22,5569025.48,10485315.899999999
US01,Hardware,1100_AR,2025-07,10485315.899999999,5224763.8,6131346.07,9578733.629999999
US01,Hardware,1100_AR,2025-08,9578733.629999999,4496825.37,5831379.16,8244179.84
US01,Hardware,1100_AR,2025-09,8244179.84,5710211.41,3485670.34,10468720.91
US01,Hardware,1100_AR,2025-10,10468720.91,5845785.48,5597233.02,10717273.370000001
US01,Hardware,1100_AR,2025-11,10717273.370000001,6014569.7,5705131.96,11026711.11
US01,Hardware,1100_AR,2025-12,11026711.11,6382523.77,5707941.31,11701293.57
US01,Hardware,1100_AR,2026-01,11701293.57,4715868.51,7771403.15,8645758.93
US01,Hardware,1100_AR,2026-02,8645758.93,5150460.5,4353708.52,9442510.91
US01,Hardware,1100_AR,2026-03,9442510.91,5641419.01,4741328.41,10342601.51
US01,Hardware,1100_AR,2026-04,10342601.51,6025098.71,5321685.93,11046014.29
US01,Hardware,1100_AR,2026-05,11046014.29,5861610.25,6161339.09,10746285.45
US01,Hardware,1100_AR,2026-06,10746285.45,5969717.7700000005,5771520.65,10944482.569999998
US01,Hardware,1100_AR,2026-07,10944482.569999998,5368735.5,6470536.33,9842681.739999998
US01,Hardware,1100_AR,2026-08,9842681.739999998,5173236.29,5531651.51,9484266.519999998
US01,Hardware,1100_AR,2026-09,9484266.519999998,6409869.75,4142708.41,11751427.859999998
US01,Hardware,1200_INVENTORY,2023-10,0.0,14508186.969999999,4145196.37,10362990.599999998
US01,Hardware,1200_INVENTORY,2023-11,10362990.599999998,4241716.61,4172773.4699999997,10431933.739999998
US01,Hardware,1200_INVENTORY,2023-12,10431933.739999998,4767881.33,4342804.4,10857010.669999998
US01,Hardware,1200_INVENTORY,2024-01,10857010.669999998,0.0,3101239.03,7755771.639999999
US01,Hardware,1200_INVENTORY,2024-02,7755771.639999999,4360464.609999999,3461781.73,8654454.519999998
US01,Hardware,1200_INVENTORY,2024-03,8654454.519999998,4063787.13,3633783.27,9084458.379999999
US01,Hardware,1200_INVENTORY,2024-04,9084458.379999999,4324742.17,3831200.15,9578000.399999999
US01,Hardware,1200_INVENTORY,2024-05,9578000.399999999,3762445.01,3811555.92,9528889.489999998
US01,Hardware,1200_INVENTORY,2024-06,9528889.489999998,4271990.75,3943108.73,9857771.509999998
US01,Hardware,1200_INVENTORY,2024-07,9857771.509999998,2669971.7800000003,3579355.26,8948388.03
US01,Hardware,1200_INVENTORY,2024-08,8948388.03,1798985.02,3070678.11,7676694.9399999995
US01,Hardware,1200_INVENTORY,2024-09,7676694.9399999995,5985329.35,3903435.4,9758588.889999999
US01,Hardware,1200_INVENTORY,2024-10,9758588.889999999,4136581.88,3970048.7600000002,9925122.01
US01,Hardware,1200_INVENTORY,2024-11,9925122.01,4218067.26,4040911.1,10102278.17
US01,Hardware,1200_INVENTORY,2024-12,10102278.17,4977911.640000001,4308625.64,10771564.170000002
US01,Hardware,1200_INVENTORY,2025-01,10771564.170000002,1173104.06,3412762.37,8531905.860000003
US01,Hardware,1200_INVENTORY,2025-02,8531905.860000003,3800269.51,3523478.75,8808696.620000003
US01,Hardware,1200_INVENTORY,2025-03,8808696.620000003,4854338.22,3903724.22,9759310.620000003
US01,Hardware,1200_INVENTORY,2025-04,9759310.620000003,3233005.66,3712090.37,9280225.910000004
US01,Hardware,1200_INVENTORY,2025-05,9280225.910000004,4060843.1100000003,3811734.08,9529334.940000003
US01,Hardware,1200_INVENTORY,2025-06,9529334.940000003,4159323.68,3911045.37,9777613.250000004
US01,Hardware,1200_INVENTORY,2025-07,9777613.250000004,2756826.38,3581268.58,8953171.050000003
US01,Hardware,1200_INVENTORY,2025-08,8953171.050000003,1772949.9100000001,3064605.99,7661514.9700000025
US01,Hardware,1200_INVENTORY,2025-09,7661514.9700000025,5847400.62,3859690.17,9649225.420000004
US01,Hardware,1200_INVENTORY,2025-10,9649225.420000004,4101106.18,3928666.17,9821665.430000003
US01,Hardware,1200_INVENTORY,2025-11,9821665.430000003,4207015.92,4008194.67,10020486.680000003
US01,Hardware,1200_INVENTORY,2025-12,10020486.680000003,4848054.64,4248154.62,10620386.700000003
US01,Hardware,1200_INVENTORY,2026-01,10620386.700000003,663976.59,3224103.84,8060259.450000003
US01,Hardware,1200_INVENTORY,2026-02,8060259.450000003,4240111.74,3514391.82,8785979.370000003
US01,Hardware,1200_INVENTORY,2026-03,8785979.370000003,5336489.0,4034990.97,10087477.400000002
US01,Hardware,1200_INVENTORY,2026-04,10087477.400000002,5260823.4,4385228.82,10963071.980000002
US01,Hardware,1200_INVENTORY,2026-05,10963071.980000002,3626040.46,4168317.85,10420794.590000002
US01,Hardware,1200_INVENTORY,2026-06,10420794.590000002,3924030.97,4098521.53,10246304.030000003
US01,Hardware,1200_INVENTORY,2026-07,10246304.030000003,2689389.3200000003,3695912.41,9239780.940000003
US01,Hardware,1200_INVENTORY,2026-08,9239780.940000003,3218531.2199999997,3559517.78,8898794.380000005
US01,Hardware,1200_INVENTORY,2026-09,8898794.380000005,6988571.34,4539247.28,11348118.440000005
US01,Hardware,2100_AP,2023-10,0.0,0.0,483607.22,-483607.22
US01,Hardware,2100_AP,2023-11,-483607.22,0.0,495171.64,-978778.86
US01,Hardware,2100_AP,2023-12,-978778.86,453863.09,524915.77,-1049831.54
US01,Hardware,2100_AP,2024-01,-1049831.54,677487.06,372344.48,-744688.96
US01,Hardware,2100_AP,2024-02,-744688.96,328278.15,416410.81,-832821.6199999999
US01,Hardware,2100_AP,2024-03,-832821.6199999999,397256.3,435565.32,-871130.6399999999
US01,Hardware,2100_AP,2024-04,-871130.6399999999,416362.86,454767.78,-909535.5599999999
US01,Hardware,2100_AP,2024-05,-909535.5599999999,451323.71,458211.85,-916423.7
US01,Hardware,2100_AP,2024-06,-916423.7,441570.72,474852.98,-949705.96
US01,Hardware,2100_AP,2024-07,-949705.96,520802.39,428903.57,-857807.1399999999
US01,Hardware,2100_AP,2024-08,-857807.1399999999,486376.77,371430.37,-742860.7399999999
US01,Hardware,2100_AP,2024-09,-742860.7399999999,264264.65,478596.09,-957192.1799999999
US01,Hardware,2100_AP,2024-10,-957192.1799999999,471397.24,485794.94,-971589.8799999999
US01,Hardware,2100_AP,2024-11,-971589.8799999999,471364.84,500225.04,-1000450.0799999998
US01,Hardware,2100_AP,2024-12,-1000450.0799999998,466715.79,533734.29,-1067468.5799999998
US01,Hardware,2100_AP,2025-01,-1067468.5799999998,650148.16,417320.42,-834640.8399999999
US01,Hardware,2100_AP,2025-02,-834640.8399999999,402111.07,432529.77,-865059.5399999998
US01,Hardware,2100_AP,2025-03,-865059.5399999998,378618.12,486441.42,-972882.8399999999
US01,Hardware,2100_AP,2025-04,-972882.8399999999,506825.72,466057.12,-932114.2399999999
US01,Hardware,2100_AP,2025-05,-932114.2399999999,445694.19,486420.05,-972840.0999999999
US01,Hardware,2100_AP,2025-06,-972840.0999999999,479549.44,493290.66,-986581.3199999998
US01,Hardware,2100_AP,2025-07,-986581.3199999998,536251.67,450329.65,-900659.2999999998
US01,Hardware,2100_AP,2025-08,-900659.2999999998,513315.56,387343.74,-774687.4799999997
US01,Hardware,2100_AP,2025-09,-774687.4799999997,282045.96,492641.52,-985283.0399999998
US01,Hardware,2100_AP,2025-10,-985283.0399999998,481116.43,504166.61,-1008333.2199999997
US01,Hardware,2100_AP,2025-11,-1008333.2199999997,488591.65,519741.57,-1039483.1399999997
US01,Hardware,2100_AP,2025-12,-1039483.1399999997,487902.29,551580.85,-1103161.6999999997
US01,Hardware,2100_AP,2026-01,-1103161.6999999997,696817.34,406344.36,-812688.7199999997
US01,Hardware,2100_AP,2026-02,-812688.7199999997,368665.33,444023.39,-888046.7799999998
US01,Hardware,2100_AP,2026-03,-888046.7799999998,401258.92,486787.86,-973575.7199999997
US01,Hardware,2100_AP,2026-04,-973575.7199999997,453053.14,520522.58,-1041045.1599999997
US01,Hardware,2100_AP,2026-05,-1041045.1599999997,534905.59,506139.57,-1012279.1399999997
US01,Hardware,2100_AP,2026-06,-1012279.1399999997,496533.91,515745.23,-1031490.4599999997
US01,Hardware,2100_AP,2026-07,-1031490.4599999997,568565.06,462925.4,-925850.7999999997
US01,Hardware,2100_AP,2026-08,-925850.7999999997,478734.29,447116.51,-894233.0199999998
US01,Hardware,2100_AP,2026-09,-894233.0199999998,342609.06,551623.96,-1103247.9199999997
US01,Software,1100_AR,2023-10,0.0,774044.43,0.0,774044.43
US01,Software,1100_AR,2023-11,774044.43,783227.43,916731.8099999999,640540.0500000002
US01,Software,1100_AR,2023-12,640540.0500000002,802661.65,779797.97,663403.7300000002
US01,Software,1100_AR,2024-01,663403.7300000002,794147.59,822672.03,634879.2900000003
US01,Software,1100_AR,2024-02,634879.2900000003,813739.02,779753.8899999999,668864.4200000004
US01,Software,1100_AR,2024-03,668864.4200000004,808217.47,828642.98,648438.9100000004
US01,Software,1100_AR,2024-04,648438.9100000004,823687.45,796317.22,675809.1400000004
US01,Software,1100_AR,2024-05,675809.1400000004,811773.88,826688.78,660894.2400000005
US01,Software,1100_AR,2024-06,660894.2400000005,821079.78,812801.79,669172.2300000004
US01,Software,1100_AR,2024-07,669172.2300000004,853952.24,813505.98,709618.4900000005
US01,Software,1100_AR,2024-08,709618.4900000005,870131.36,867125.77,712624.0800000005
US01,Software,1100_AR,2024-09,712624.0800000005,867784.87,879472.1499999999,700936.8000000007
US01,Software,1100_AR,2024-10,700936.8000000007,892544.8200000001,855936.54,737545.0800000008
US01,Software,1100_AR,2024-11,737545.0800000008,865642.11,902181.53,701005.6600000008
US01,Software,1100_AR,2024-12,701005.6600000008,878484.84,866709.23,712781.270000001
US01,Software,1100_AR,2025-01,712781.270000001,922508.64,866390.36,768899.5500000011
US01,Software,1100_AR,2025-02,768899.5500000011,920625.16,944127.23,745397.4800000011
US01,Software,1100_AR,2025-03,745397.4800000011,925532.31,918442.3500000001,752487.4400000011
US01,Software,1100_AR,2025-04,752487.4400000011,940565.21,925131.1799999999,767921.4700000011
US01,Software,1100_AR,2025-05,767921.4700000011,951877.53,938529.85,781269.1500000012
US01,Software,1100_AR,2025-06,781269.1500000012,962174.36,955745.48,787698.0300000012
US01,Software,1100_AR,2025-07,787698.0300000012,983710.2,960221.6699999999,811186.5600000012
US01,Software,1100_AR,2025-08,811186.5600000012,979283.84,996707.41,793762.9900000013
US01,Software,1100_AR,2025-09,793762.9900000013,987656.78,973202.9299999999,808216.8400000015
US01,Software,1100_AR,2025-10,808216.8400000015,1012386.25,982261.0800000001,838342.0100000014
US01,Software,1100_AR,2025-11,838342.0100000014,1040772.17,1017196.81,861917.3700000015
US01,Software,1100_AR,2025-12,861917.3700000015,1033741.14,1061031.92,834626.5900000017
US01,Software,1100_AR,2026-01,834626.5900000017,1019508.7,1033998.77,820136.5200000016
US01,Software,1100_AR,2026-02,820136.5200000016,1031074.72,1010517.97,840693.2700000016
US01,Software,1100_AR,2026-03,840693.2700000016,1086297.7,1010630.55,916360.4200000016
US01,Software,1100_AR,2026-04,916360.4200000016,1101695.33,1112366.79,905688.9600000016
US01,Software,1100_AR,2026-05,905688.9600000016,1100147.2,1118081.47,887754.6900000016
US01,Software,1100_AR,2026-06,887754.6900000016,1130166.27,1080374.4,937546.5600000017
US01,Software,1100_AR,2026-07,937546.5600000017,1132865.88,1155895.28,914517.1600000015
US01,Software,1100_AR,2026-08,914517.1600000015,1148086.16,1125086.93,937516.3900000015
US01,Software,1100_AR,2026-09,937516.3900000015,1163950.33,1146962.52,954504.2000000016
US01,Software,2100_AP,2023-10,0.0,0.0,253499.06,-253499.06
US01,Software,2100_AP,2023-11,-253499.06,253499.06,250824.31,-250824.31
US01,Software,2100_AP,2023-12,-250824.31,250824.31,251216.03,-251216.03
US01,Software,2100_AP,2024-01,-251216.03,251216.03,252252.4,-252252.4
US01,Software,2100_AP,2024-02,-252252.4,252252.4,259330.35,-259330.35
US01,Software,2100_AP,2024-03,-259330.35,259330.35,256638.32,-256638.32
US01,Software,2100_AP,2024-04,-256638.32,256638.32,265321.53,-265321.53
US01,Software,2100_AP,2024-05,-265321.53,265321.53,253477.8,-253477.8
US01,Software,2100_AP,2024-06,-253477.8,253477.8,255974.82,-255974.82
US01,Software,2100_AP,2024-07,-255974.82,255974.82,271614.36,-271614.36
US01,Software,2100_AP,2024-08,-271614.36,271614.36,275036.0,-275036.0
US01,Software,2100_AP,2024-09,-275036.0,275036.0,267065.01,-267065.01
US01,Software,2100_AP,2024-10,-267065.01,267065.01,275930.0,-275930.0
US01,Software,2100_AP,2024-11,-275930.0,275930.0,260858.0,-260858.0
US01,Software,2100_AP,2024-12,-260858.0,260858.0,264383.46,-264383.46
US01,Software,2100_AP,2025-01,-264383.46,264383.46,287121.0,-287121.0
US01,Software,2100_AP,2025-02,-287121.0,287121.0,282729.87,-282729.87
US01,Software,2100_AP,2025-03,-282729.87,282729.87,280410.91,-280410.91
US01,Software,2100_AP,2025-04,-280410.91,280410.91,279229.83,-279229.83
US01,Software,2100_AP,2025-05,-279229.83,279229.83,279626.25,-279626.25
US01,Software,2100_AP,2025-06,-279626.25,279626.25,288605.59,-288605.59
US01,Software,2100_AP,2025-07,-288605.59,288605.59,295698.51,-295698.51
US01,Software,2100_AP,2025-08,-295698.51,295698.51,292232.79,-292232.79
US01,Software,2100_AP,2025-09,-292232.79,292232.79,292201.7,-292201.7
US01,Software,2100_AP,2025-10,-292201.7,292201.7,296367.29,-296367.29
US01,Software,2100_AP,2025-11,-296367.29,296367.29,304109.05,-304109.05
US01,Software,2100_AP,2025-12,-304109.05,304109.05,300362.39,-300362.39
US01,Software,2100_AP,2026-01,-300362.39,300362.39,306967.83,-306967.83
US01,Software,2100_AP,2026-02,-306967.83,306967.83,309482.35,-309482.35
US01,Software,2100_AP,2026-03,-309482.35,309482.35,356141.87,-356141.87
US01,Software,2100_AP,2026-04,-356141.87,356141.87,375297.87,-375297.87
US01,Software,2100_AP,2026-05,-375297.87,375297.87,362663.45,-362663.45
US01,Software,2100_AP,2026-06,-362663.45,362663.45,352107.9,-352107.9
US01,Software,2100_AP,2026-07,-352107.9,352107.9,353264.83,-353264.83
US01,Software,2100_AP,2026-08,-353264.83,353264.83,366939.17,-366939.17
US01,Software,2100_AP,2026-09,-366939.17,366939.17,386581.92,-386581.92
