month,opening_fte,hires,attrition,ending_fte,average_fte,payroll_cost,recruitment_cost,personnel_cost,revenue,revenue_per_fte,personnel_cost_pct_revenue
2023-10,241.8483,1.2193,2.2167,240.8509,241.3494,2345904.01,9144.89,2355048.91,26882870.94,111385.69617326582,0.08760407008820763
2023-11,240.8509,1.6306,2.2077,240.2738,240.5626,2344397.25,12231.17,2356628.42,31197268.97,129684.61834882063,0.07553957438602037
2023-12,240.2738,16.1789,2.2028,254.2502,247.2619,2398631.89,121341.90000000001,2519973.83,32341363.27,130798.00515162264,0.07791798412955399
2024-01,254.2502,14.7602,2.3308,266.68,260.4649,2505212.36,110700.97,2615913.31,25058748.69,96207.77575020665,0.10439121850660932
2024-02,266.68,12.572000000000001,2.4445,276.8068,271.7432,2606225.6,94290.7,2700516.34,26973449.31,99260.8069309554,0.10011757521122167
2024-03,276.8068,7.6998999999999995,2.5379,281.9699,279.3888,2694058.41,57749.740000000005,2751808.14,25438984.5,91052.27016974195,0.10817287694797724
2024-04,281.9699,2.4824,2.5849,281.8674,281.9183,2739876.08,18617.48,2758493.54,29215995.73,103632.84586350017,0.0944172351848848
2024-05,281.8674,1.5266,2.5841,280.81,281.3384,2746682.4899999998,11449.83,2758132.34,27400446.0,97393.19623627632,0.10066012575123777
2024-06,280.81,0.3292,2.5741,278.5654,279.6877,2739936.96,2469.95,2742406.91,27932397.330000002,99869.95255779929,0.09818014822002391
2024-07,278.5654,0.5642,2.5534,276.5757,277.5711,2726798.23,4229.65,2731027.85,26792592.740000002,96525.1524384203,0.10193219732417728
2024-08,276.5757,0.373,2.5353,274.4134,275.4948,2714074.71,2797.26,2716871.96,24288043.29,88161.5307802543,0.11186047091404044
2024-09,274.4134,0.5395,2.5151,272.4376,273.4261,2701692.91,4046.54,2705739.4499999997,28461129.25,104090.75523514397,0.09506788807404751
2024-10,272.4376,0.5787,2.4972,270.5188,271.4784,2690639.11,4339.75,2694978.83,30885609.3,113768.201448071,0.08725678045794616
2024-11,270.5188,1.0292999999999999,2.4799,269.0683,269.7935,2681597.11,7718.53,2689315.62,31897234.86,118228.32966694898,0.0843118731703128
2024-12,269.0683,10.5307,2.4668,277.1326,273.1001,2720073.93,78979.97,2799053.88,32562691.75,119233.5401927718,0.08595892199237491
2025-01,277.1326,10.6137,2.5406,285.206,281.1689,2805263.87,79603.45,2884867.34,26525286.580000002,94339.33333309623,0.1087591393706254
2025-02,285.206,2.1470000000000002,2.6144,284.7387,284.9725,2852660.03,16102.34,2868762.4,27263138.27,95669.36553527093,0.10522495141935836
2025-03,284.7387,0.5497,2.6103,282.678,283.7088,2850945.14,4123.65,2855068.76,29147246.57,102736.4909724337,0.0979532921966838
2025-04,282.678,0.6208,2.5909,280.7077,281.6927,2839276.86,4655.58,2843932.44,29085283.45,103251.81820473161,0.09777908628220709
2025-05,280.7077,0.5326,2.5734,278.6674,279.6873,2827562.34,3995.48,2831557.83,31515033.03,112679.52828033308,0.08984784586151519
2025-06,278.6674,3.5144,2.5544,279.6271,279.1472,2832666.55,26357.88,2859024.4,31716558.169999998,113619.47449231087,0.09014295891362792
2025-07,279.6271,4.3449,2.563,281.4091,280.5183,2857904.09,32587.85,2890491.94,29102642.18,103745.96659112792,0.09932060196192125
2025-08,281.4091,4.3679,2.5796,283.1976,282.3034,2880155.77,32761.91,2912917.68,24140344.009999998,85512.0555048221,0.12066595566299058
2025-09,283.1976,0.5245,2.5958,281.12600000000003,282.1622,2882118.15,3933.6,2886051.74,32140220.32,113906.89582091436,0.08979564269520851
2025-10,281.12600000000003,0.5389,2.5768,279.0885,280.1072,2869624.39,4042.8399999999997,2873667.23,32931734.37,117568.32516265202,0.08726133879598641
2025-11,279.0885,1.9628,2.558,278.4926,278.7905,2864384.43,14723.01,2879107.38,33875829.53,121509.98520394346,0.08499001854553256
2025-12,278.4926,14.7046,2.5528,290.645,284.5692,2934443.37,110286.18,3044729.55,34310730.519999996,120570.7803936617,0.08873986370605554
2026-01,290.645,12.5729,2.6642,300.5537,295.5994,3056565.71,94297.27,3150862.98,27709924.759999998,93741.47836565296,0.11370882480880472
2026-02,300.5537,2.8768,2.7551,300.6756,300.6145,3110514.44,21577.14,3132091.57,28485337.98,94757.03261153404,0.10995451667798677
2026-03,300.6756,0.3127,2.7563,298.2323,299.4542,3103205.55,2345.85,3105551.41,32459524.6,108395.6231036332,0.09567458082858059
2026-04,298.2323,4.8635,2.7338,300.3619,299.297,3103168.52,36475.06,3139643.54,31591002.89,105550.68340143736,0.09938410473805633
2026-05,300.3619,0.7916,2.7535,298.39979999999997,299.3809,3106154.29,5937.68,3112091.97,33213021.36,110939.01234180269,0.0937009595202934
2026-06,298.39979999999997,3.2159,2.7353,298.8809,298.6407,3109087.68,24118.62,3133206.35,31589284.03,105776.8885151957,0.09918573485313652
2026-07,298.8809,5.4746,2.74,301.6153,300.2486,3136180.67,41057.67,3177238.34,31663921.46,105459.01449665378,0.1003425410846127
2026-08,301.6153,1.4543,2.7648,300.3044,300.96,3151976.52,10906.25,3162882.79,31152568.49,103510.66085194045,0.10152879660678021
2026-09,300.3044,0.6125,2.753,298.1647,299.2344,3142448.22,4594.23,3147042.45,36125024.769999996,120724.83902251879,0.08711530220495405
