month,trade_payables,revenue,variable_production_cost,fixed_production_cost,opex,net_working_capital,dso,dio,dpo,trade_receivables_gross,credit_loss_allowance,net_trade_receivables,inventory_gross,inventory_provision,net_inventory,trade_receivables,inventory,gross_net_working_capital,provision_adjusted_net_working_capital,contract_liabilities,trade_net_working_capital,operating_net_working_capital,gross_operating_net_working_capital
2023-10,53174988.18000001,26882870.93,14803873.799999999,-1341297.69,3246065.56,10843735.685925916,29.948109314528484,82.85714038409087,95.47452611089481,26882870.93,46499.02,26836371.91,40208386.96,47635.969999999994,37182351.95592593,26836371.91,37182351.95592593,13916269.709999993,10843735.685925916,1655660.51,10843735.685925916,9188075.175925916,12260609.199999994
2023-11,40804091.279999994,31197268.990000002,16981329.74,1683387.21,3426789.48,48961150.48370371,49.341958614820406,61.807682409623204,55.41146513836901,51400574.04,89428.86000000002,51311145.18,41586407.32,51836.12,38454096.583703704,51311145.18,38454096.583703704,52182890.080000006,48961150.48370371,3505769.95,48961150.48370371,45455380.53370371,48677120.13
2023-12,42484421.010000005,32341363.26,17283078.19,1635813.13,3621691.41,50855278.81444444,49.40544907939048,63.5529534313818,56.54390774040118,53358162.03,96842.84,53261319.19,43349184.39,59753.060000000005,40078380.634444445,53261319.19,40078380.634444445,54222925.41,50855278.81444444,5211430.44,50855278.81444444,45643848.37444444,49011494.97
2024-01,10815875.379999999,25058748.71,12963119.65,2649689.87,3501920.56,58228512.15296297,47.39874926101208,56.59316332252857,16.975194524954546,39665460.5,73682.27,39591778.23,31827177.14,16999.160000000003,29452609.302962963,39591778.23,29452609.302962963,60676762.260000005,58228512.15296297,6508907.33,58228512.15296297,51719604.82296297,54167854.93000001
2024-02,24547868.880000003,26973449.31,14394693.92,1764476.0,3650866.34,48188432.9937037,47.36886677397656,55.96743730578403,37.17489744766374,42667879.67,77822.11000000002,42590057.56,32596400.650000002,35608.14,30146244.313703705,42590057.56,30146244.313703705,50716411.440000005,48188432.9937037,8017958.19,48188432.9937037,40170474.8037037,42698453.25000001
2024-03,37399225.68000001,25438984.5,13476694.11,1367134.6600000001,3606485.92,37482532.02592592,49.145128717697034,67.11547127862605,60.810711863256586,41748931.83,75526.23999999999,41673405.589999996,35933928.67,63804.06,33208352.115925927,41673405.589999996,33208352.115925927,40283634.81999999,37482532.02592592,7926978.960000001,37482532.02592592,29555553.06592592,32356655.859999992
2024-04,37930973.410000004,29215995.72,15632943.51,1686784.24,3773721.58,43110258.037777774,47.76845053563008,59.79505636474761,53.947042254563314,46605061.14,84966.26000000001,46520094.88,37357458.69,69102.96,34521136.567777775,46520094.88,34521136.567777775,46031546.419999994,43110258.037777774,7649245.32,43110258.037777774,35461012.717777774,38382301.099999994
2024-05,33008349.11,27400445.990000002,14398346.97,1718920.13,3690662.1,45997406.11,49.10129162828272,63.58245234392125,49.9926298858136,44928769.43,82193.12,44846576.31,36961809.03,64718.340000000004,34159178.91,44846576.31,34159178.91,48882229.35000001,45997406.11,7532260.7,45997406.11,38465145.41,41349968.650000006
2024-06,37555699.349999994,27932397.34,14842182.98,1535987.07,3684089.54,44152996.56814815,49.37639182244284,65.45663396286719,56.158728055816155,46057833.81,84467.29000000001,45973366.52,38677385.67999999,77064.75,35735329.39814814,45973366.52,35735329.39814814,47179520.14,44152996.56814815,7472533.04,44152996.56814815,36680463.52814815,39706987.1
2024-07,27201316.76,26792592.75,14168342.04,1977157.4,3652496.87,48476054.06555556,48.309838983388424,60.448751473659385,41.218287447998826,43224272.35,79410.96,43144861.39,35233094.669999994,90726.37,32532509.435555555,43144861.39,32532509.435555555,51256050.25999999,48476054.06555556,6570736.09,48476054.06555556,41905317.975555554,44685314.16999999
2024-08,19408451.540000003,24288043.27,12412918.41,2188695.38,3573724.77,46263702.1311111,47.42519200477363,56.04171610084293,32.03536177760202,38467504.41,72000.56,38395503.849999994,29538062.219999995,73407.79000000001,27276649.821111105,38395503.849999994,27276649.821111105,48597115.08999999,46263702.1311111,7095158.090000001,46263702.1311111,39168544.0411111,41501956.999999985
2024-09,40827783.970000006,28461129.3,14839652.15,1024527.9199999999,3672191.17,40613762.57740738,48.68231826626781,66.67174962432344,62.69503706973988,46278973.41,93848.25,46185125.16,38225377.06999999,137446.27,35256421.3874074,46185125.16,35256421.3874074,43676566.50999998,40613762.57740738,6542688.760000001,40613762.57740738,34071073.817407385,37133877.749999985
2024-10,40279697.11,30885609.31,16010129.06,1607786.23,3754502.61,46939860.117777765,48.692715371267504,63.15631079602797,56.53973822493898,50220278.22999999,90138.79,50130139.43999999,40233818.64,164117.99000000002,37089417.787777774,50130139.43999999,37089417.787777774,50174399.75999999,46939860.117777765,6846181.23,46939860.117777765,40093678.88777776,43328218.52999999
2024-11,40865629.02,31897234.84,16495673.54,1634393.63,3778342.99,49666315.23222221,48.83949775315382,63.87805336888151,55.95882410665988,52023015.949999996,94851.64,51928164.309999995,41849170.25999999,145451.78,38603779.942222215,51928164.309999995,38603779.942222215,53006557.189999975,49666315.23222221,7247587.57,49666315.23222221,42418727.66222221,45758969.619999975
2024-12,42126435.95,32562691.740000002,16914770.9,1599635.1199999999,3901451.86,50938555.312962964,48.6302426145806,65.26907409740866,56.37942055421348,52881296.68,96910.03000000001,52784386.65,43655737.55,141374.6,40280604.61296296,52784386.65,40280604.61296296,54410598.27999999,50938555.312962964,7222079.5200000005,50938555.312962964,43716475.79296296,47188518.75999998
2025-01,14433549.610000009,26525286.6,13616751.22,2559065.3,3813143.54,58354446.20814813,47.58889158995928,56.95730320662937,21.66228192963833,42156299.62,79333.34000000003,42076966.279999994,33255625.029999994,81215.86,30711029.538148142,42076966.279999994,30711029.538148142,60978375.039999984,58354446.20814813,7296405.700000001,58354446.20814813,51058040.50814813,53681969.33999998
2025-02,27950732.66000001,27263138.29,13901610.59,1638808.12,3813058.5900000003,47404269.99407406,47.886565171364204,61.459864688692306,43.32668320023298,43598610.16,80675.21000000002,43517934.949999996,34507871.72,114665.37000000002,31837067.704074077,43517934.949999996,31837067.704074077,50155749.219999984,47404269.99407406,7504204.62,47404269.99407406,39900065.374074064,42651544.59999999
2025-03,42132607.73000002,29147246.599999998,15067421.31,1373486.3599999999,3845585.9200000004,41102636.45925923,48.91077466301739,65.16932864557457,62.306392491754444,47606365.64999999,85885.30000000002,47520480.349999994,38716835.23,134157.66999999998,35714763.83925925,47520480.349999994,35714763.83925925,44190593.149999976,41102636.45925923,7381133.220000001,41102636.45925923,33721503.23925923,36809459.92999998
2025-04,32368419.790000014,29085283.46,14656595.56,1811831.97,3838329.79,49418156.7307407,48.601869919682045,63.151028258629495,47.8191854266962,47206355.88999999,86383.78000000001,47119972.10999999,37540499.74999999,93117.57999999999,34666604.41074073,47119972.10999999,34666604.41074073,52378435.84999997,49418156.7307407,7238908.750000001,49418156.7307407,42179247.9807407,45139527.09999997
2025-05,38880192.63,31515032.98,15871369.15,1690364.32,3921731.92,47058983.5822222,47.607681973620444,61.37307690655132,54.29318583969847,50103481.919999994,91559.67000000001,50011922.24999999,38913181.889999986,103470.01,35927253.96222221,50011922.24999999,35927253.96222221,50136471.17999997,47058983.5822222,7077439.920000001,47058983.5822222,39981543.6622222,43059031.25999997
2025-06,38426237.77000001,31716558.18,15998683.09,1721021.25,3953388.51,48780981.46259259,47.74194804513307,62.191009682375864,53.18978426745402,50565528.06,91852.30000000002,50473675.760000005,39808505.529999994,126183.87000000001,36733543.47259259,50473675.760000005,36733543.47259259,51947795.81999999,48780981.46259259,7066419.010000001,48780981.46259259,41714562.45259259,44881376.809999995
2025-07,28039838.84000001,29102642.189999998,14643475.27,2049565.6,3899297.94,51787342.40407405,47.909441372958725,59.93659964736083,40.849908937565715,46562876.39,86498.73000000001,46476377.660000004,36160650.79999999,131280.49,33350803.58407406,46476377.660000004,33350803.58407406,54683688.34999999,51787342.40407405,6993009.190000001,51787342.40407405,44794333.214074045,47690679.15999998
2025-08,19716692.27000001,24140344.03,11898905.89,2078139.69,3743083.31,47381225.97074071,48.082950237060054,60.97129623313584,33.38016172296591,38763631.029999994,72332.34,38691298.68999999,30807961.459999993,119270.69,28406619.550740734,38691298.68999999,28406619.550740734,49854900.21999997,47381225.97074071,6881962.24,47381225.97074071,40499263.73074071,42972937.97999997
2025-09,44539691.370000005,32140220.330000002,16162650.629999999,1117783.97,3998353.05,43448611.19333333,48.11154857132866,63.270012051664494,62.79449577100321,51645844.36,101985.31000000001,51543859.05,39574514.06999999,198625.07,36444443.51333333,51543859.05,36444443.51333333,46680667.05999999,43448611.19333333,7646434.15,43448611.19333333,35802177.04333333,39034232.90999999
2025-10,40907587.40000001,32931734.369999997,16434648.92,1652580.92,4005311.71,50378275.35148146,48.438494719948764,63.21654842997474,55.54940880036504,53268599.68,96478.30000000002,53172121.38,41312162.13999999,138260.61000000002,38113741.37148148,53172121.38,38113741.37148148,53673174.41999998,50378275.35148146,7431187.740000001,50378275.35148146,42947087.61148146,46241986.67999998
2025-11,40477084.140000015,33875829.53,16895101.150000002,1730836.0,4042950.19,52949773.50148144,48.220311445167425,62.77819308782774,53.56736331991494,54549805.13999999,99703.46,54450101.67999999,42247952.97999999,141719.02000000002,38976755.96148147,54450101.67999999,38976755.96148147,56320673.97999996,52949773.50148144,7416314.550000001,52949773.50148144,45533458.95148145,48904359.42999996
2025-12,43708220.60000002,34310730.54,17091092.1,1557386.97,4206852.02,53198293.928888865,48.737138259137744,66.2246295331079,57.37158708559319,55841971.33,101744.06,55740227.269999996,44595555.629999995,125893.88,41166287.258888885,55740227.269999996,41166287.258888885,56729306.35999998,53198293.928888865,7149298.450000001,53198293.928888865,46048995.47888886,49580007.909999974
2026-01,13107153.72000001,27709924.77,13697544.38,2698179.12,4130782.3600000003,61241734.30444442,47.20624828314898,56.257660854876775,19.15643189746471,43682773.54,80053.92000000001,43602719.62,33273678.089999996,62792.79000000001,30746168.40444444,43602719.62,30746168.40444444,63849297.90999998,61241734.30444442,8106971.110000001,61241734.30444442,53134763.19444442,55742326.79999998
2026-02,26833150.420000017,28485337.98,14071689.53,1627879.29,4122561.0300000003,50921415.32333329,47.93580298603849,61.604839851901076,40.61089896452275,45601196.60999999,85611.63,45515584.97999999,34925009.30999999,98990.82,32238980.76333332,45515584.97999999,32238980.76333332,53693055.49999997,50921415.32333329,7680530.150000002,50921415.32333329,43240885.17333329,46012525.349999964
2026-03,47673818.16000001,32459524.63,17090547.27,1422618.61,4242191.48,41544505.56925924,47.79985954772745,60.76696988887876,62.85177253748918,51812106.00999999,93415.40000000001,51718690.60999999,40667675.67999999,155622.14,37499633.11925925,51718690.60999999,37499633.11925925,44805963.52999997,41544505.56925924,8353810.510000001,41544505.56925924,33190695.05925924,36452153.01999997
2026-04,44199983.01000002,31591002.869999997,17069880.74,1512778.44,4218550.71,47196216.74555552,48.51349678282625,65.07658375762486,58.15478637743467,51179628.849999994,93294.98000000003,51086333.87,43664651.16,120366.67,40309865.88555555,51086333.87,40309865.88555555,50644296.99999997,47196216.74555552,8074201.190000001,47196216.74555552,39122015.55555552,42570095.80999997
2026-05,39931767.87000001,33213021.37,17590564.95,1805944.8900000001,4256680.12,53713615.51407405,48.262481113743966,62.19771984103621,50.64657401922799,53528859.239999995,97432.02000000002,53431427.21999999,43589259.349999994,146469.16,40213956.16407407,53431427.21999999,40213956.16407407,57186350.71999998,53713615.51407405,8328113.730000002,53713615.51407405,45385501.784074046,48858236.98999997
2026-06,35461760.44000001,31589284.07,16023225.870000001,1797753.19,4204093.23,54927501.945185155,48.757708414250864,65.7347032343999,48.3018988175135,51435327.849999994,94624.46000000002,51340703.38999999,42332279.05999999,147995.69,39048558.995185174,51340703.38999999,39048558.995185174,58305846.46999997,54927501.945185155,7511473.050000001,54927501.945185155,47416028.89518516,50794373.41999997
2026-07,30567630.63000001,31663921.45,16093621.299999999,2125305.55,4284127.720000001,55406557.98259257,47.76387371943787,58.55636402523772,40.75130849669358,50506596.08,93544.56000000001,50413051.519999996,38560598.19999999,143120.5,35561137.09259258,50413051.519999996,35561137.09259258,58499563.649999976,55406557.98259257,7934622.2200000025,55406557.98259257,47471935.76259257,50564941.42999998
2026-08,33310531.950000014,31152568.47,15684201.24,1974125.1400000001,4263564.96,50499851.26851848,47.8696670239595,57.93575194726667,45.58529841248636,49800600.08999999,91830.77000000002,49708769.319999985,36995900.86999999,153849.87,34101613.89851851,49708769.319999985,34101613.89851851,53485969.00999996,50499851.26851848,8141540.250000002,50499851.26851848,42358311.01851848,45344428.75999996
2026-09,62138699.680000015,37606637.93,19911945.04,1000781.3,4436367.32,43026946.17037033,48.16531756365916,64.24957201974799,73.53955196203256,60495750.35999999,117895.08000000002,60377855.279999994,48649490.04999999,258033.55,44787790.57037036,60377855.279999994,44787790.57037036,47006540.72999997,43026946.17037033,8799543.450000001,43026946.17037033,34227402.72037033,38206997.279999964
