vintage,month,horizon_month,entity,division,scenario,revenue_forecast,gross_profit_forecast,marginal_contribution_forecast,opex_forecast,bias_correction,active_action_count,action_opex_reduction_pct,action_revenue_impact_forecast,action_gross_profit_impact_forecast,action_opex_impact_forecast,action_ebit_impact_forecast,personnel_cost_forecast,non_people_opex_forecast,workforce_fte_forecast,workforce_hires_forecast,workforce_attrition_forecast,workforce_target_fte
2026-09,2026-10,1,DE01,Hardware,Base,6463138.64,1935613.28,2287331.61,701633.07,1.09521,16,0.009682,18563.92,42941.97,1873.82,44815.79,509970.75,191662.32,44.6143,4.7864,0.3685,48.5305
2026-09,2026-10,1,DE01,Hardware,Upside,6481693.66,2018311.79,2347897.4,703186.38,1.09521,16,0.009682,18617.21,42649.89,1879.2,44529.09,510973.82,192212.56,44.691,4.863,0.3685,48.6698
2026-09,2026-10,1,DE01,Hardware,Downside,6432741.85,1811671.46,2196187.15,699088.45,1.09521,16,0.009682,18476.61,43358.35,1865.0,45223.35,508327.54,190760.91,44.4888,4.6609,0.3685,48.3022
2026-09,2026-10,1,DE01,Software,Base,1066270.13,777604.44,825316.17,185930.11,1.05507,11,0.006091,2533.78,2721.08,356.83,3077.91,127704.56,58225.55,10.7864,0.992,0.0906,11.5981
2026-09,2026-10,1,DE01,Software,Upside,1069331.28,792630.04,836640.79,186341.17,1.05507,11,0.006091,2541.05,2720.59,357.85,3078.44,127948.46,58392.71,10.8047,1.0104,0.0906,11.6314
2026-09,2026-10,1,DE01,Software,Downside,1061255.35,754902.44,808103.23,185256.72,1.05507,11,0.006091,2521.86,2720.64,355.15,3075.79,127305.02,57951.71,10.7564,0.962,0.0906,11.5436
2026-09,2026-10,1,ES01,Events,Base,3816781.21,1482996.51,1692799.31,537223.27,1.13636,12,0.006091,9069.81,15235.62,1044.74,16280.36,366746.48,170476.79,47.9146,6.1917,0.386,52.9805
2026-09,2026-10,1,ES01,Events,Upside,3827738.8,1532957.01,1729651.24,538637.76,1.13636,12,0.006091,9095.85,15158.61,1047.74,16206.35,367671.55,170966.21,47.9982,6.2753,0.386,53.1326
2026-09,2026-10,1,ES01,Events,Downside,3798830.5,1407985.11,1637212.2,534906.05,1.13636,12,0.006091,9027.15,15343.71,1039.82,16383.53,365231.03,169675.02,47.7775,6.0546,0.386,52.7313
2026-09,2026-10,1,ES01,Hardware,Base,5881232.75,1716833.53,2037445.2,501550.66,1.07309,16,0.009682,16892.52,39315.36,1705.17,41020.53,327138.74,174411.92,41.28,3.9732,0.3451,44.5308
2026-09,2026-10,1,ES01,Hardware,Upside,5898117.17,1791958.53,2092431.8,502843.61,1.07309,16,0.009682,16941.02,39050.26,1710.06,40760.32,327930.97,174912.64,41.3504,4.0435,0.3451,44.6587
2026-09,2026-10,1,ES01,Hardware,Downside,5853572.71,1604260.08,1954713.58,499432.55,1.07309,16,0.009682,16813.07,39693.12,1697.15,41390.27,325840.91,173591.64,41.1649,3.858,0.3451,44.3214
2026-09,2026-10,1,ES01,Spare Parts,Base,2427994.23,1059898.69,1143955.5,226029.77,1.03963,11,0.006091,5769.64,6657.35,443.17,7100.52,153715.46,72314.31,20.9272,1.6511,0.1783,22.2781
2026-09,2026-10,1,ES01,Spare Parts,Upside,2434964.76,1092072.79,1167631.54,226624.32,1.03963,11,0.006091,5786.2,6657.56,444.44,7102.0,154102.4,72521.92,20.9624,1.6862,0.1783,22.3421
2026-09,2026-10,1,ES01,Spare Parts,Downside,2416575.13,1011547.03,1108218.56,225055.77,1.03963,11,0.006091,5742.5,6654.18,441.08,7095.26,153081.56,71974.21,20.8696,1.5934,0.1783,22.1733
2026-09,2026-10,1,JP01,Hardware,Base,3826143.17,1246323.08,1449599.47,410302.89,1.00756,18,0.009682,10989.74,24880.55,1109.21,25989.76,296848.39,113454.51,27.9198,1.6726,0.2428,29.2883
2026-09,2026-10,1,JP01,Hardware,Upside,3837127.63,1295568.53,1485728.29,411217.1,1.00756,18,0.009682,11021.29,24706.09,1112.39,25818.48,297436.88,113780.22,27.9661,1.7189,0.2428,29.3724
2026-09,2026-10,1,JP01,Hardware,Downside,3808148.43,1172477.76,1395193.24,408805.24,1.00756,18,0.009682,10938.05,25129.58,1103.99,26233.57,295884.32,112920.92,27.844,1.5969,0.2428,29.1506
2026-09,2026-10,1,JP01,Software,Base,899152.84,655176.4,695559.18,149616.36,1.06127,13,0.006091,2136.65,2294.96,300.9,2595.86,100516.85,49099.51,9.0386,0.8604,0.0757,9.7425
2026-09,2026-10,1,JP01,Software,Upside,901734.21,667845.44,705107.73,149956.38,1.06127,13,0.006091,2142.79,2294.55,301.76,2596.31,100715.91,49240.47,9.054,0.8757,0.0757,9.7705
2026-09,2026-10,1,JP01,Software,Downside,894924.03,636035.1,681045.94,149059.35,1.06127,13,0.006091,2126.61,2294.59,299.48,2594.07,100190.76,48868.59,9.0134,0.8352,0.0757,9.6967
2026-09,2026-10,1,JP01,Spare Parts,Base,3401505.19,1485544.93,1603720.25,391708.94,1.04722,13,0.006091,8082.99,9326.2,620.85,9947.05,290401.09,101307.85,29.1287,2.4118,0.2472,31.102
2026-09,2026-10,1,JP01,Spare Parts,Upside,3411270.56,1530621.27,1636892.41,392606.52,1.04722,13,0.006091,8106.19,9326.49,622.63,9949.12,291007.83,101598.7,29.1778,2.4609,0.2472,31.1913
2026-09,2026-10,1,JP01,Spare Parts,Downside,3385507.56,1417803.36,1553649.35,390238.53,1.04722,13,0.006091,8044.97,9321.76,617.93,9939.69,289407.14,100831.39,29.0482,2.3314,0.2472,30.9557
2026-09,2026-10,1,US01,Events,Base,2917924.25,1158335.62,1318213.78,608593.23,1.13636,14,0.011305,6933.86,11582.65,1481.21,13063.86,479051.93,129541.3,34.9743,4.7864,0.2793,38.8904
2026-09,2026-10,1,US01,Events,Upside,2926301.31,1196600.94,1346456.14,609841.52,1.13636,14,0.011305,6953.76,11523.59,1485.46,13009.05,479928.32,129913.2,35.0357,4.8478,0.2793,39.0021
2026-09,2026-10,1,US01,Events,Downside,2904200.95,1100873.87,1275604.3,606548.27,1.13636,14,0.011305,6901.25,11665.6,1474.24,13139.84,477616.21,128932.06,34.8737,4.6858,0.2793,38.7075
2026-09,2026-10,1,US01,Hardware,Base,6803649.98,2035924.51,2404659.21,895190.46,1.05661,18,0.01484,19541.96,45213.35,3020.32,48233.67,694685.14,200505.33,48.1472,4.1958,0.4066,51.5801
2026-09,2026-10,1,US01,Hardware,Upside,6823182.57,2122975.21,2468406.78,896960.85,1.05661,18,0.01484,19598.06,44905.91,3028.99,47934.9,695879.89,201080.96,48.2286,4.2772,0.4066,51.7281
2026-09,2026-10,1,US01,Hardware,Downside,6771651.72,1905460.64,2308727.75,892290.22,1.05661,18,0.01484,19450.05,45651.62,3006.12,48657.74,692727.89,199562.33,48.0137,4.0623,0.4066,51.3375
2026-09,2026-10,1,US01,Software,Base,1375728.41,1004507.45,1066015.08,279599.72,1.08654,13,0.011305,3269.14,3510.01,853.66,4363.67,204941.65,74658.07,13.6974,1.4756,0.1131,14.9047
2026-09,2026-10,1,US01,Software,Upside,1379677.99,1023897.38,1080629.76,280165.84,1.08654,13,0.011305,3278.53,3509.38,856.11,4365.49,205293.43,74872.4,13.721,1.4991,0.1131,14.9475
2026-09,2026-10,1,US01,Software,Downside,1369258.22,975211.02,1043801.0,278672.31,1.08654,13,0.011305,3253.77,3509.45,849.65,4359.1,204365.37,74306.94,13.6589,1.437,0.1131,14.8346
2026-09,2026-11,2,DE01,Hardware,Base,6741068.03,2057675.32,2421502.12,741604.21,1.09521,16,0.019287,38618.38,89270.16,3893.25,93163.41,543638.84,197965.37,47.7043,3.499,0.409,50.5671
2026-09,2026-11,2,DE01,Hardware,Upside,6779829.44,2149533.4,2491444.31,745145.94,1.09521,16,0.019287,38840.44,88917.96,3915.63,92833.59,546042.26,199103.68,47.8984,3.6171,0.4097,50.8579
2026-09,2026-11,2,DE01,Hardware,Downside,6677809.28,1920132.68,2316015.27,735822.2,1.09521,16,0.019287,38255.98,89711.15,3856.71,93567.86,539714.55,196107.65,47.3874,3.3064,0.4078,50.0926
2026-09,2026-11,2,DE01,Software,Base,1117651.06,815990.76,865850.28,196607.97,1.05507,11,0.012153,5300.21,5693.96,746.26,6440.22,135948.91,60659.06,11.4891,0.8015,0.0989,12.1449
2026-09,2026-11,2,DE01,Software,Upside,1124077.59,834090.2,880214.18,197548.48,1.05507,11,0.012153,5330.68,5709.2,750.55,6459.75,136540.63,61007.85,11.5357,0.83,0.099,12.2147
2026-09,2026-11,2,DE01,Software,Downside,1107162.93,788524.86,843859.07,195072.57,1.05507,11,0.012153,5250.47,5666.38,739.26,6405.64,134982.74,60089.83,11.413,0.7552,0.0986,12.0309
2026-09,2026-11,2,ES01,Events,Base,3975725.48,1556936.16,1774380.72,563394.44,1.13636,12,0.012153,18853.98,31678.44,2171.31,33849.75,386901.46,176492.98,51.6865,4.2111,0.4392,55.132
2026-09,2026-11,2,ES01,Events,Upside,3998586.05,1613392.23,1817836.01,566428.53,1.13636,12,0.012153,18962.39,31608.72,2183.79,33792.51,388920.71,177507.82,51.8981,4.3399,0.44,55.449
2026-09,2026-11,2,ES01,Events,Downside,3938416.93,1472142.54,1708601.53,558442.23,1.13636,12,0.012153,18677.05,31753.28,2150.93,33904.21,383605.48,174836.76,51.3408,4.0013,0.438,54.6146
2026-09,2026-11,2,ES01,Hardware,Base,6134138.88,1826373.52,2158022.76,524642.85,1.07309,16,0.019287,35141.39,81730.69,3542.84,85273.53,344495.18,180147.67,43.9255,3.0239,0.3784,46.3996
2026-09,2026-11,2,ES01,Hardware,Upside,6169410.43,1909696.46,2221406.33,527430.08,1.07309,16,0.019287,35343.45,81413.06,3563.21,84976.27,346246.55,181183.53,44.1036,3.1323,0.379,46.6664
2026-09,2026-11,2,ES01,Hardware,Downside,6076575.61,1701646.51,2062459.98,520093.49,1.07309,16,0.019287,34811.62,82127.3,3509.59,85636.89,341636.33,178457.15,43.6347,2.8472,0.3773,45.9642
2026-09,2026-11,2,ES01,Spare Parts,Base,2534188.37,1110576.27,1198044.05,236316.69,1.03963,11,0.012153,12017.81,13876.03,922.9,14798.93,161299.88,75016.8,22.1071,1.3717,0.1918,23.2294
2026-09,2026-11,2,ES01,Spare Parts,Upside,2548760.06,1147362.52,1226213.13,237591.51,1.03963,11,0.012153,12086.92,13916.14,928.2,14844.34,162143.35,75448.15,22.1963,1.426,0.1922,23.363
2026-09,2026-11,2,ES01,Spare Parts,Downside,2510407.34,1055240.11,1155361.42,234235.96,1.03963,11,0.012153,11905.04,13804.44,914.23,14718.67,159923.12,74312.84,21.9615,1.2832,0.1913,23.0114
2026-09,2026-11,2,JP01,Hardware,Base,3990675.86,1322041.31,1532315.82,428379.66,1.00756,18,0.019287,22861.87,51723.66,2304.61,54028.27,311194.06,117185.6,29.2333,1.5695,0.2559,30.5174
2026-09,2026-11,2,JP01,Hardware,Upside,4013622.41,1377018.28,1574289.32,430444.24,1.00756,18,0.019287,22993.33,51508.7,2317.86,53826.56,312584.82,117859.42,29.3505,1.6408,0.2564,30.6929
2026-09,2026-11,2,JP01,Hardware,Downside,3953227.02,1239641.72,1468941.03,425009.26,1.00756,18,0.019287,22647.33,51995.27,2282.98,54278.25,308923.34,116085.92,29.042,1.4532,0.2552,30.2311
2026-09,2026-11,2,JP01,Software,Base,942480.8,687521.48,729722.14,158168.82,1.06127,13,0.012153,4469.5,4802.3,629.29,5431.59,107017.22,51151.6,9.6411,0.6854,0.0829,10.2018
2026-09,2026-11,2,JP01,Software,Upside,947900.1,702780.86,741832.34,158939.32,1.06127,13,0.012153,4495.2,4815.15,632.91,5448.06,107493.59,51445.72,9.6802,0.7092,0.083,10.2605
2026-09,2026-11,2,JP01,Software,Downside,933636.48,664365.76,711181.6,156911.01,1.06127,13,0.012153,4427.56,4779.03,623.39,5402.42,106239.42,50671.59,9.5772,0.6464,0.0826,10.1061
2026-09,2026-11,2,JP01,Spare Parts,Base,3550278.16,1556569.3,1679540.1,411631.24,1.04722,13,0.012153,16836.39,19438.74,1292.92,20731.66,306537.36,105093.88,30.8243,1.9626,0.267,32.43
2026-09,2026-11,2,JP01,Spare Parts,Upside,3570692.4,1608109.15,1719010.18,413648.85,1.04722,13,0.012153,16933.2,19494.93,1300.35,20795.28,307950.68,105698.17,30.9487,2.0384,0.2675,32.6165
2026-09,2026-11,2,JP01,Spare Parts,Downside,3516962.05,1479039.35,1619733.07,408337.6,1.04722,13,0.012153,16678.39,19338.46,1280.79,20619.25,304229.93,104107.67,30.621,1.8391,0.2663,32.1257
2026-09,2026-11,2,US01,Events,Base,3039436.93,1215757.92,1381459.41,651860.54,1.13636,14,0.022505,14413.84,24083.02,3071.45,27154.47,518453.25,133407.3,37.8525,3.1988,0.3206,40.4697
2026-09,2026-11,2,US01,Events,Upside,3056913.81,1259065.03,1414824.37,654808.36,1.13636,14,0.022505,14496.72,24028.94,3089.12,27118.06,520633.96,134174.39,38.0079,3.2934,0.3212,40.7024
2026-09,2026-11,2,US01,Events,Downside,3010914.6,1150694.18,1330937.2,647047.52,1.13636,14,0.022505,14278.58,24141.5,3042.63,27184.13,514892.13,132155.39,37.5988,3.0448,0.3197,40.0899
2026-09,2026-11,2,US01,Hardware,Base,7096222.11,2164360.02,2545789.0,943829.22,1.05661,18,0.029486,40652.99,93992.01,6259.22,100251.23,737810.74,206018.48,51.0272,3.3214,0.4413,53.7447
2026-09,2026-11,2,US01,Hardware,Upside,7137025.67,2261047.75,2619397.19,948024.01,1.05661,18,0.029486,40886.75,93621.37,6295.21,99916.58,740820.91,207203.1,51.2335,3.447,0.4421,54.0537
2026-09,2026-11,2,US01,Hardware,Downside,7029630.57,2019587.11,2434775.44,936980.13,1.05661,18,0.029486,40271.5,94456.07,6200.48,100656.55,732894.94,204085.19,50.6903,3.1167,0.4401,53.2403
2026-09,2026-11,2,US01,Software,Base,1442021.37,1054089.49,1118365.94,297746.38,1.08654,13,0.022505,6838.46,7344.82,1781.28,9126.1,220377.21,77369.17,14.6914,1.1196,0.1256,15.6074
2026-09,2026-11,2,US01,Software,Upside,1450313.05,1077449.19,1136905.64,299087.91,1.08654,13,0.022505,6877.78,7364.47,1791.52,9155.99,221273.86,77814.05,14.7513,1.1561,0.1258,15.6972
2026-09,2026-11,2,US01,Software,Downside,1428489.32,1018640.31,1089980.85,295556.02,1.08654,13,0.022505,6774.29,7309.26,1764.57,9073.83,218912.89,76643.13,14.5937,1.06,0.1252,15.461
2026-09,2026-12,3,DE01,Hardware,Base,7122586.36,2174131.77,2558549.75,786911.1,1.09521,16,0.019287,40804.03,94322.5,4113.59,98436.09,577741.65,209169.45,50.6269,3.3599,0.4373,53.3759
2026-09,2026-12,3,DE01,Hardware,Upside,7184107.32,2277709.02,2640007.9,792828.01,1.09521,16,0.019287,41156.47,94220.1,4149.12,98369.22,581851.87,210976.14,50.967,3.5077,0.4391,53.837
2026-09,2026-12,3,DE01,Hardware,Downside,7022563.52,2019263.07,2435583.83,777285.5,1.09521,16,0.019287,40231.02,94342.66,4055.82,98398.48,571053.43,206232.07,50.0733,3.1204,0.4344,52.6264
2026-09,2026-12,3,DE01,Software,Base,1187363.63,866887.51,919856.99,209270.45,1.05507,11,0.012153,5630.8,6049.11,792.81,6841.92,144827.84,64442.62,12.212,0.8282,0.1053,12.8896
2026-09,2026-12,3,DE01,Software,Upside,1197619.42,888659.84,937801.44,210847.93,1.05507,11,0.012153,5679.44,6082.72,799.65,6882.37,145848.69,64999.24,12.294,0.8641,0.1057,13.0009
2026-09,2026-12,3,DE01,Software,Downside,1170689.42,833768.63,892277.79,206704.26,1.05507,11,0.012153,5551.73,5991.51,781.67,6773.18,143166.61,63537.65,12.0785,0.7701,0.1046,12.7086
2026-09,2026-12,3,ES01,Events,Base,4197338.83,1643722.3,1873287.56,596626.6,1.13636,12,0.012153,19904.93,33444.24,2292.34,35736.58,410295.62,186330.99,55.0267,3.814,0.4738,58.1473
2026-09,2026-12,3,ES01,Events,Upside,4233593.11,1708215.39,1924674.85,601525.33,1.13636,12,0.012153,20076.85,33466.45,2312.14,35778.59,413584.92,187940.41,55.3973,3.9749,0.4757,58.6495
2026-09,2026-12,3,ES01,Events,Downside,4138395.38,1546892.57,1795358.09,588660.41,1.13636,12,0.012153,19625.4,33365.59,2260.15,35625.74,404946.08,183714.33,54.4235,3.5533,0.4706,57.3307
2026-09,2026-12,3,ES01,Hardware,Base,6481307.38,1929739.18,2280158.49,555356.14,1.07309,16,0.019287,37130.26,86356.33,3743.35,90099.68,365012.81,190343.33,46.5226,2.9997,0.4027,48.9769
2026-09,2026-12,3,ES01,Hardware,Upside,6537289.32,2023570.72,2353867.7,559873.55,1.07309,16,0.019287,37450.97,86267.69,3775.68,90043.37,367886.13,191987.41,46.8347,3.1354,0.4043,49.4
2026-09,2026-12,3,ES01,Hardware,Downside,6390290.05,1789497.15,2168938.28,548009.79,1.07309,16,0.019287,36608.83,86367.28,3690.78,90058.06,360339.46,187670.33,46.0146,2.7799,0.4,48.2892
2026-09,2026-12,3,ES01,Spare Parts,Base,2680826.17,1174838.44,1267367.44,250231.73,1.03963,11,0.012153,12713.21,14678.95,976.3,15655.25,170874.17,79357.56,23.359,1.4546,0.2026,24.5491
2026-09,2026-12,3,ES01,Spare Parts,Upside,2703981.66,1217237.85,1300890.53,252291.3,1.03963,11,0.012153,12823.02,14763.64,984.73,15748.37,172248.29,80043.01,23.5154,1.5226,0.2035,24.7612
2026-09,2026-12,3,ES01,Spare Parts,Downside,2643179.19,1111050.25,1216466.83,246882.55,1.03963,11,0.012153,12534.68,14534.54,962.59,15497.13,168639.41,78243.14,23.1045,1.3443,0.2013,24.2044
2026-09,2026-12,3,JP01,Hardware,Base,4216532.65,1396863.73,1619038.96,452295.89,1.00756,18,0.019287,24155.77,54651.02,2435.04,57086.06,328478.04,123817.85,30.7513,1.786,0.268,32.2126
2026-09,2026-12,3,JP01,Hardware,Upside,4252952.73,1459129.2,1668163.42,455727.75,1.00756,18,0.019287,24364.41,54580.14,2456.07,57036.21,330840.43,124887.32,30.9566,1.8752,0.269,32.4908
2026-09,2026-12,3,JP01,Hardware,Downside,4157319.67,1303640.52,1544777.82,446713.28,1.00756,18,0.019287,23816.54,54679.62,2400.84,57080.46,324634.21,122079.07,30.4172,1.6414,0.2662,31.7602
2026-09,2026-12,3,JP01,Software,Base,1001267.26,730405.07,775237.96,168390.04,1.06127,13,0.012153,4748.28,5101.83,668.54,5770.37,114047.91,54342.14,10.2538,0.7011,0.0884,10.8274
2026-09,2026-12,3,JP01,Software,Upside,1009915.66,748759.7,790366.1,169675.88,1.06127,13,0.012153,4789.3,5130.18,674.32,5804.5,114864.36,54811.52,10.3227,0.7312,0.0887,10.9209
2026-09,2026-12,3,JP01,Software,Downside,987206.42,702485.56,751987.58,166298.41,1.06127,13,0.012153,4681.6,5053.24,659.16,5712.4,112719.4,53579.01,10.1417,0.6523,0.0878,10.6754
2026-09,2026-12,3,JP01,Spare Parts,Base,3755710.77,1646638.32,1776724.69,436059.09,1.04722,13,0.012153,17810.61,20563.54,1367.73,21931.27,324884.09,111175.01,32.5936,2.0519,0.2826,34.2725
2026-09,2026-12,3,JP01,Spare Parts,Upside,3788150.52,1706044.33,1823699.33,439404.57,1.04722,13,0.012153,17964.44,20682.18,1379.55,22061.73,327269.29,112135.28,32.8119,2.1469,0.2837,34.5685
2026-09,2026-12,3,JP01,Spare Parts,Downside,3702969.13,1557263.62,1705398.43,430617.23,1.04722,13,0.012153,17560.49,20361.24,1348.52,21709.76,321003.46,109613.77,32.2383,1.898,0.2807,33.7912
2026-09,2026-12,3,US01,Events,Base,3208860.05,1283526.23,1458464.18,694579.51,1.13636,14,0.022505,15217.29,25425.44,3242.66,28668.1,553735.87,140843.64,40.3532,2.8477,0.347,42.6831
2026-09,2026-12,3,US01,Events,Upside,3236576.4,1333063.48,1497977.19,699591.36,1.13636,14,0.022505,15348.73,25441.19,3270.67,28711.86,557531.19,142060.16,40.6252,2.9658,0.3484,43.0518
2026-09,2026-12,3,US01,Events,Downside,3163797.86,1209122.23,1398517.33,686424.57,1.13636,14,0.022505,15003.59,25367.32,3197.13,28564.45,547558.81,138865.76,39.9104,2.6563,0.3447,42.0837
2026-09,2026-12,3,US01,Hardware,Base,7497840.79,2286854.41,2689870.8,999751.92,1.05661,18,0.029486,42953.8,99311.6,6613.47,105925.07,782073.59,217678.33,53.9532,3.3938,0.4677,56.73
2026-09,2026-12,3,US01,Hardware,Upside,7562602.99,2395872.91,2775590.55,1006902.24,1.05661,18,0.029486,43324.81,99203.97,6670.59,105874.56,787343.72,219558.52,54.3147,3.5509,0.4696,57.22
2026-09,2026-12,3,US01,Hardware,Downside,7392548.23,2123852.02,2560475.22,988117.21,1.05661,18,0.029486,42350.59,99332.54,6520.59,105853.13,773495.75,214621.46,53.3649,3.1392,0.4647,55.9333
2026-09,2026-12,3,US01,Software,Base,1531966.28,1119837.46,1188123.11,317714.98,1.08654,13,0.022505,7265.0,7802.95,1892.39,9695.34,235519.97,82195.01,15.661,1.1042,0.1347,16.5645
2026-09,2026-12,3,US01,Software,Upside,1545198.55,1147940.39,1211286.73,320007.51,1.08654,13,0.022505,7327.75,7846.29,1908.73,9755.02,237102.55,82904.97,15.7664,1.1503,0.1352,16.7075
2026-09,2026-12,3,US01,Software,Downside,1510452.8,1077087.58,1152521.47,313984.79,1.08654,13,0.022505,7162.98,7728.64,1865.81,9594.45,232944.04,81040.74,15.4895,1.0296,0.1338,16.3318
2026-09,2027-01,4,DE01,Hardware,Base,5327008.84,1626041.24,1913548.88,724284.57,1.09521,16,0.019287,30517.49,70544.15,3076.57,73620.72,567845.96,156438.61,50.1628,0.0,0.4641,39.8804
2026-09,2027-01,4,DE01,Hardware,Upside,5388445.99,1708397.65,1980140.24,729903.52,1.09521,16,0.019287,30869.45,70669.87,3112.05,73781.92,571660.69,158242.83,50.4998,0.0,0.4672,40.3403
2026-09,2027-01,4,DE01,Hardware,Downside,5227499.75,1503111.67,1813015.12,715153.13,1.09521,16,0.019287,29947.42,70227.38,3019.1,73246.48,561636.81,153516.32,49.6143,0.0,0.459,39.1354
2026-09,2027-01,4,DE01,Software,Base,892889.94,651893.93,691726.64,191023.58,1.05507,11,0.012153,4234.33,4548.9,596.19,5145.09,142563.14,48460.44,12.1,0.0,0.1119,9.6833
2026-09,2027-01,4,DE01,Software,Upside,903187.76,670185.11,707245.37,192539.75,1.05507,11,0.012153,4283.16,4587.3,603.06,5190.36,143520.41,49019.34,12.1813,0.0,0.1127,9.795
2026-09,2027-01,4,DE01,Software,Downside,876210.66,624039.94,667831.53,188560.22,1.05507,11,0.012153,4155.23,4484.38,585.05,5069.43,141005.03,47555.19,11.9678,0.0,0.1107,9.5024
2026-09,2027-01,4,ES01,Events,Base,3136666.52,1228351.8,1399905.66,532108.4,1.13636,12,0.012153,14874.93,24992.84,1713.06,26705.9,392863.47,139244.93,54.5223,0.0,0.5044,43.4102
2026-09,2027-01,4,ES01,Events,Upside,3172842.14,1280212.25,1442436.56,536360.27,1.13636,12,0.012153,15046.48,25081.24,1732.82,26814.06,395509.41,140850.86,54.8895,0.0,0.5078,43.9109
2026-09,2027-01,4,ES01,Events,Downside,3078073.26,1150554.31,1335359.05,525200.53,1.13636,12,0.012153,14597.06,24816.8,1681.06,26497.86,388556.71,136643.82,53.9246,0.0,0.4989,42.5993
2026-09,2027-01,4,ES01,Hardware,Base,4847393.91,1443259.11,1705339.02,494015.0,1.07309,16,0.019287,27769.86,64586.22,2799.67,67385.89,351656.51,142358.49,46.0962,0.0,0.4265,36.5936
2026-09,2027-01,4,ES01,Hardware,Upside,4903299.59,1517780.99,1765520.53,498015.77,1.07309,16,0.019287,28090.13,64705.15,2831.95,67537.1,354015.44,144000.33,46.4054,0.0,0.4293,37.0157
2026-09,2027-01,4,ES01,Hardware,Downside,4756844.07,1332077.08,1614527.84,487516.14,1.07309,16,0.019287,27251.11,64290.61,2747.37,67037.98,347816.93,139699.22,45.5928,0.0,0.4218,35.9101
2026-09,2027-01,4,ES01,Spare Parts,Base,2007405.42,879720.25,949006.06,223469.27,1.03963,11,0.012153,9519.66,10991.61,731.05,11722.66,164046.24,59423.02,23.1449,0.0,0.2141,18.3641
2026-09,2027-01,4,ES01,Spare Parts,Upside,2030557.12,914085.71,976904.75,225252.77,1.03963,11,0.012153,9629.46,11086.77,739.48,11826.25,165144.41,60108.36,23.2998,0.0,0.2156,18.5759
2026-09,2027-01,4,ES01,Spare Parts,Downside,1969906.88,828042.81,906607.61,220571.77,1.03963,11,0.012153,9341.84,10832.29,717.4,11549.69,162258.77,58313.0,22.8927,0.0,0.2118,18.0211
2026-09,2027-01,4,JP01,Hardware,Base,3153560.46,1044719.58,1210885.26,415025.28,1.00756,18,0.019287,18066.19,40873.7,1821.18,42694.88,322421.45,92603.83,30.4694,0.0,0.2819,24.068
2026-09,2027-01,4,JP01,Hardware,Upside,3189930.92,1094421.14,1251207.43,418245.35,1.00756,18,0.019287,18274.55,40937.88,1842.18,42780.06,324573.51,93671.84,30.6728,0.0,0.2838,24.3455
2026-09,2027-01,4,JP01,Hardware,Downside,3094651.61,970412.08,1149911.38,409792.57,1.00756,18,0.019287,17728.71,40702.76,1787.16,42489.92,318918.58,90873.98,30.1384,0.0,0.2788,23.6184
2026-09,2027-01,4,JP01,Software,Base,752946.65,549259.99,582974.05,152784.57,1.06127,13,0.012153,3570.68,3836.55,502.74,4339.29,111919.63,40864.95,10.1598,0.0,0.094,8.1341
2026-09,2027-01,4,JP01,Software,Upside,761630.49,564679.05,596056.62,154007.7,1.06127,13,0.012153,3611.86,3868.94,508.54,4377.48,112671.45,41336.25,10.2281,0.0,0.0946,8.2279
2026-09,2027-01,4,JP01,Software,Downside,738881.53,525780.22,562830.35,150797.49,1.06127,13,0.012153,3503.98,3782.14,493.35,4275.49,110695.9,40101.58,10.0487,0.0,0.093,7.9821
2026-09,2027-01,4,JP01,Spare Parts,Base,2812280.14,1233004.49,1330413.29,400751.78,1.04722,13,0.012153,13336.6,15398.0,1024.16,16422.16,317503.82,83247.96,32.2949,0.0,0.2988,25.6378
2026-09,2027-01,4,JP01,Spare Parts,Upside,2844714.56,1281155.31,1369508.42,403838.48,1.04722,13,0.012153,13490.41,15531.3,1035.97,16567.27,319630.41,84208.07,32.5112,0.0,0.3008,25.9335
2026-09,2027-01,4,JP01,Spare Parts,Downside,2759746.44,1160596.42,1270998.24,395735.29,1.04722,13,0.012153,13087.47,15174.82,1005.03,16179.85,314042.41,81692.88,31.9428,0.0,0.2955,25.1589
2026-09,2027-01,4,US01,Events,Base,2397977.46,959177.69,1089908.62,653573.15,1.13636,14,0.022505,11371.86,19000.4,2423.24,21423.64,548320.86,105252.29,39.9833,0.0,0.3699,31.8654
2026-09,2027-01,4,US01,Events,Upside,2425633.67,999056.8,1122650.44,658483.58,1.13636,14,0.022505,11503.02,19066.75,2451.19,21517.94,552017.41,106466.18,40.2528,0.0,0.3724,32.2329
2026-09,2027-01,4,US01,Events,Downside,2353182.98,899326.06,1040195.15,645590.21,1.13636,14,0.022505,11159.44,18867.81,2377.97,21245.78,542304.05,103286.16,39.5445,0.0,0.3658,31.2701
2026-09,2027-01,4,US01,Hardware,Base,5607663.03,1710346.93,2011764.38,938981.52,1.05661,18,0.029486,32125.3,74275.51,4946.24,79221.75,776179.08,162802.43,53.4587,0.0,0.4946,42.3864
2026-09,2027-01,4,US01,Hardware,Upside,5672337.0,1797026.57,2081834.13,946059.41,1.05661,18,0.029486,32495.81,74408.02,5003.28,79411.3,781379.35,164680.06,53.8168,0.0,0.4979,42.8753
2026-09,2027-01,4,US01,Hardware,Downside,5502911.28,1580966.25,1905982.56,927475.97,1.05661,18,0.029486,31525.2,73941.78,4853.84,78795.62,767714.7,159761.27,52.8757,0.0,0.4892,41.5946
2026-09,2027-01,4,US01,Software,Base,1152028.95,842110.69,893461.06,295845.87,1.08654,13,0.022505,5463.24,5867.77,1423.06,7290.83,234035.74,61810.13,15.5174,0.0,0.1436,12.444
2026-09,2027-01,4,US01,Software,Upside,1165315.47,865722.2,913495.0,298133.48,1.08654,13,0.022505,5526.24,5917.3,1439.48,7356.78,235610.49,62522.99,15.6218,0.0,0.1445,12.5875
2026-09,2027-01,4,US01,Software,Downside,1130508.93,806153.71,862612.73,292128.07,1.08654,13,0.022505,5361.18,5784.56,1396.48,7181.04,231472.57,60655.51,15.3475,0.0,0.142,12.2115
2026-09,2027-02,5,DE01,Hardware,Base,5585134.06,1704832.6,2006271.69,728138.5,1.09521,16,0.019287,31996.24,73962.43,3225.65,77188.08,564119.52,164018.99,49.703,0.0,0.4598,41.7713
2026-09,2027-02,5,DE01,Hardware,Upside,5665767.49,1796321.95,2082050.04,734296.16,1.09521,16,0.019287,32458.17,74306.96,3272.22,77579.18,567909.21,166386.95,50.0369,0.0,0.4629,42.3743
2026-09,2027-02,5,DE01,Hardware,Downside,5455026.39,1568534.53,1891926.51,718149.22,1.09521,16,0.019287,31250.88,73284.02,3150.5,76434.52,557951.11,160198.11,49.1595,0.0,0.4548,40.7982
2026-09,2027-02,5,DE01,Software,Base,941275.18,687219.72,729210.94,192714.07,1.05507,11,0.012153,4463.78,4795.4,628.49,5423.89,141627.58,51086.49,11.9891,0.0,0.1109,10.1979
2026-09,2027-02,5,DE01,Software,Upside,954864.51,708530.39,747711.09,194402.59,1.05507,11,0.012153,4528.23,4849.76,637.57,5487.33,142578.56,51824.03,12.0696,0.0,0.1117,10.3451
2026-09,2027-02,5,DE01,Software,Downside,919347.84,654762.38,700709.89,189976.1,1.05507,11,0.012153,4359.8,4705.16,613.85,5319.01,140079.69,49896.41,11.8581,0.0,0.1097,9.9603
2026-09,2027-02,5,ES01,Events,Base,3285996.98,1286831.18,1466552.38,536159.44,1.13636,12,0.012153,15583.09,26182.7,1794.62,27977.32,390285.33,145874.11,54.0225,0.0,0.4998,45.4317
2026-09,2027-02,5,ES01,Events,Upside,3333437.41,1345010.94,1515446.33,540894.02,1.13636,12,0.012153,15808.07,26350.74,1820.53,28171.27,392913.91,147980.11,54.3864,0.0,0.5032,46.0876
2026-09,2027-02,5,ES01,Events,Downside,3209448.51,1199661.12,1392353.51,528482.75,1.13636,12,0.012153,15220.08,25876.01,1752.81,27628.82,386006.83,142475.92,53.4303,0.0,0.4943,44.3734
2026-09,2027-02,5,ES01,Hardware,Base,5082278.93,1513193.59,1787972.82,498605.4,1.07309,16,0.019287,29115.47,67715.8,2935.33,70651.13,349348.79,149256.6,45.6736,0.0,0.4225,38.3287
2026-09,2027-02,5,ES01,Hardware,Upside,5155652.56,1595895.04,1856384.72,503103.68,1.07309,16,0.019287,29535.82,68035.27,2977.7,71012.97,351692.24,151411.44,45.98,0.0,0.4254,38.8821
2026-09,2027-02,5,ES01,Hardware,Downside,4963885.44,1390055.66,1684800.08,491314.02,1.07309,16,0.019287,28437.22,67088.86,2866.95,69955.81,345534.41,145779.62,45.1749,0.0,0.4179,37.4358
2026-09,2027-02,5,ES01,Spare Parts,Base,2107201.29,923454.54,996184.81,225346.88,1.03963,11,0.012153,9992.92,11538.05,767.4,12305.45,162969.7,62377.17,22.9327,0.0,0.2122,19.2579
2026-09,2027-02,5,ES01,Spare Parts,Upside,2137623.27,962283.14,1028414.47,227338.39,1.03963,11,0.012153,10137.19,11671.35,778.47,12449.82,164060.67,63277.72,23.0863,0.0,0.2136,19.536
2026-09,2027-02,5,ES01,Spare Parts,Downside,2058113.29,865120.04,947202.73,222118.04,1.03963,11,0.012153,9760.14,11317.33,749.52,12066.85,161193.96,60924.07,22.6829,0.0,0.2098,18.8093
2026-09,2027-02,5,JP01,Hardware,Base,3306369.2,1095342.45,1269559.84,417396.62,1.00756,18,0.019287,18941.6,42854.27,1909.42,44763.69,320305.58,97091.04,30.1901,0.0,0.2793,25.2091
2026-09,2027-02,5,JP01,Hardware,Upside,3354103.75,1150746.56,1315602.01,420936.27,1.00756,18,0.019287,19215.06,43044.79,1936.99,44981.78,322443.52,98492.75,30.3916,0.0,0.2812,25.5731
2026-09,2027-02,5,JP01,Hardware,Downside,3229346.16,1012649.21,1199961.21,411654.97,1.00756,18,0.019287,18500.35,42474.35,1864.94,44339.29,316825.7,94829.27,29.8621,0.0,0.2763,24.6219
2026-09,2027-02,5,JP01,Software,Base,793748.44,579024.11,614565.11,154264.56,1.06127,13,0.012153,3764.17,4044.45,529.98,4574.43,111185.16,43079.4,10.0667,0.0,0.0931,8.5663
2026-09,2027-02,5,JP01,Software,Upside,805207.9,596987.7,630160.57,155633.39,1.06127,13,0.012153,3818.52,4090.3,537.64,4627.94,111932.06,43701.34,10.1343,0.0,0.0938,8.69
2026-09,2027-02,5,JP01,Software,Downside,775257.79,551665.18,590539.34,152045.31,1.06127,13,0.012153,3676.48,3968.34,517.64,4485.98,109969.47,42075.85,9.9566,0.0,0.0921,8.3668
2026-09,2027-02,5,JP01,Spare Parts,Base,2952089.43,1294301.9,1396553.27,402806.76,1.04722,13,0.012153,13999.61,16163.5,1075.07,17238.57,315420.22,87386.54,31.9988,0.0,0.296,26.8856
2026-09,2027-02,5,JP01,Spare Parts,Upside,2994709.19,1348707.4,1441719.15,406181.01,1.04722,13,0.012153,14201.73,16350.23,1090.59,17440.82,317532.86,88648.15,32.2132,0.0,0.298,27.2737
2026-09,2027-02,5,JP01,Spare Parts,Downside,2883319.46,1212564.39,1327909.66,397332.37,1.04722,13,0.012153,13673.49,15854.3,1050.03,16904.33,311981.53,85350.84,31.65,0.0,0.2928,26.2593
2026-09,2027-02,5,US01,Events,Base,2512140.4,1004842.23,1141797.0,654985.68,1.13636,14,0.022505,11913.26,19904.98,2538.6,22443.58,544722.54,110263.14,39.6168,0.0,0.3665,33.3492
2026-09,2027-02,5,US01,Events,Upside,2548408.55,1049624.65,1179474.05,660249.86,1.13636,14,0.022505,12085.25,20031.83,2575.25,22607.08,548394.83,111855.03,39.8839,0.0,0.369,33.8307
2026-09,2027-02,5,US01,Events,Downside,2453619.2,937710.2,1084591.72,646439.74,1.13636,14,0.022505,11635.73,19673.11,2479.47,22152.58,538745.22,107694.52,39.1821,0.0,0.3625,32.5723
2026-09,2027-02,5,US01,Hardware,Base,5879387.61,1793223.39,2109246.31,941776.65,1.05661,18,0.029486,33681.97,77874.6,5185.91,83060.51,771085.47,170691.18,52.9686,0.0,0.49,44.3961
2026-09,2027-02,5,US01,Hardware,Upside,5964269.22,1889512.25,2188977.7,949407.08,1.05661,18,0.029486,34168.24,78237.5,5260.78,83498.28,776251.61,173155.47,53.3235,0.0,0.4933,45.0371
2026-09,2027-02,5,US01,Hardware,Downside,5742425.19,1649777.72,1988940.34,929391.5,1.05661,18,0.029486,32897.33,77160.09,5065.1,82225.19,762676.64,166714.87,52.391,0.0,0.4847,43.3619
2026-09,2027-02,5,US01,Software,Base,1214456.8,887744.23,941877.25,297659.49,1.08654,13,0.022505,5759.29,6185.74,1500.18,7685.92,232499.9,65159.59,15.3752,0.0,0.1422,13.1053
2026-09,2027-02,5,US01,Software,Upside,1231990.1,915255.32,965761.49,300164.62,1.08654,13,0.022505,5842.43,6255.86,1521.84,7777.7,234064.31,66100.31,15.4786,0.0,0.1432,13.2945
2026-09,2027-02,5,US01,Software,Downside,1186165.6,845841.88,905080.47,293595.22,1.08654,13,0.022505,5625.12,6069.34,1465.23,7534.57,229953.54,63641.67,15.2068,0.0,0.1407,12.8
2026-09,2027-03,6,DE01,Hardware,Base,6027344.28,1839814.92,2165120.85,737422.93,1.09521,16,0.019287,34529.58,79818.5,3481.04,83299.54,560417.53,177005.4,49.2474,0.0,0.4556,45.0338
2026-09,2027-03,6,DE01,Hardware,Upside,6131915.67,1944113.44,2253349.66,744258.7,1.09521,16,0.019287,35128.65,80420.53,3541.44,83961.97,564182.35,180076.36,49.5782,0.0,0.4587,45.8151
2026-09,2027-03,6,DE01,Hardware,Downside,5859248.3,1684764.22,2032119.81,726358.52,1.09521,16,0.019287,33566.59,78714.42,3383.96,82098.38,554289.6,172068.92,48.7089,0.0,0.4506,43.7779
2026-09,2027-03,6,DE01,Software,Base,1021356.83,745686.89,791250.63,196130.97,1.05507,11,0.012153,4843.55,5203.38,681.96,5885.34,140698.16,55432.81,11.8792,0.0,0.1099,11.0545
2026-09,2027-03,6,DE01,Software,Upside,1039076.86,771017.79,813653.96,198037.45,1.05507,11,0.012153,4927.59,5277.48,693.79,5971.27,141642.9,56394.54,11.959,0.0,0.1106,11.2463
2026-09,2027-03,6,DE01,Software,Downside,992872.32,707126.74,756748.89,193047.28,1.05507,11,0.012153,4708.47,5081.45,662.94,5744.39,139160.43,53886.85,11.7494,0.0,0.1087,10.7462
2026-09,2027-03,6,ES01,Events,Base,3543302.11,1387594.6,1581388.6,545020.68,1.13636,12,0.012153,16803.31,28232.9,1935.14,30168.04,387724.11,157296.56,53.5273,0.0,0.4952,48.9405
2026-09,2027-03,6,ES01,Events,Upside,3604776.62,1454493.79,1638802.48,550361.02,1.13636,12,0.012153,17094.83,28495.67,1968.72,30464.39,390335.44,160025.58,53.8878,0.0,0.4985,49.7896
2026-09,2027-03,6,ES01,Events,Downside,3444483.32,1287514.88,1494318.55,536383.43,1.13636,12,0.012153,16334.68,27770.96,1881.17,29652.13,383473.69,152909.74,52.9405,0.0,0.4898,47.5756
2026-09,2027-03,6,ES01,Hardware,Base,5484674.94,1633002.65,1929537.88,508130.41,1.07309,16,0.019287,31420.73,73077.29,3167.73,76245.02,347056.22,161074.19,45.2549,0.0,0.4187,41.3223
2026-09,2027-03,6,ES01,Hardware,Upside,5579831.29,1727196.5,2009117.85,513253.03,1.07309,16,0.019287,31965.86,73632.83,3222.69,76855.52,349384.29,163868.74,45.5585,0.0,0.4215,42.0392
2026-09,2027-03,6,ES01,Hardware,Downside,5331713.41,1493059.92,1809645.14,499848.87,1.07309,16,0.019287,30544.44,72060.2,3079.39,75139.59,343266.86,156582.01,44.7608,0.0,0.4141,40.1699
2026-09,2027-03,6,ES01,Spare Parts,Base,2276770.03,997765.91,1076348.87,229296.96,1.03963,11,0.012153,10797.06,12466.53,829.15,13295.68,161900.23,67396.73,22.7225,0.0,0.2102,20.787
2026-09,2027-03,6,ES01,Spare Parts,Upside,2316270.84,1042704.02,1114362.14,231550.06,1.03963,11,0.012153,10984.39,12646.75,843.53,13490.28,162984.03,68566.03,22.8746,0.0,0.2116,21.1476
2026-09,2027-03,6,ES01,Spare Parts,Downside,2213273.43,930341.01,1018611.87,225653.25,1.03963,11,0.012153,10495.95,12170.54,806.03,12976.57,160136.14,65517.11,22.4749,0.0,0.2079,20.2073
2026-09,2027-03,6,JP01,Hardware,Base,3568155.25,1182067.6,1370078.89,422981.95,1.00756,18,0.019287,20441.33,46247.31,2060.6,48307.91,318203.6,104778.35,29.9134,0.0,0.2767,27.1781
2026-09,2027-03,6,JP01,Hardware,Upside,3630060.95,1245423.66,1423842.51,426923.7,1.00756,18,0.019287,20795.97,46586.28,2096.35,48682.63,320327.51,106596.2,30.1131,0.0,0.2786,27.6496
2026-09,2027-03,6,JP01,Hardware,Downside,3468643.35,1087687.35,1288879.31,416602.75,1.00756,18,0.019287,19871.24,45621.73,2003.13,47624.86,314746.56,101856.19,29.5884,0.0,0.2737,26.4201
2026-09,2027-03,6,JP01,Software,Base,861278.83,628286.22,666850.97,157200.02,1.06127,13,0.012153,4084.42,4388.54,575.07,4963.61,110455.52,46744.5,9.9744,0.0,0.0923,9.2859
2026-09,2027-03,6,JP01,Software,Upside,876221.59,649637.83,685736.31,158753.0,1.06127,13,0.012153,4155.28,4451.04,585.05,5036.09,111197.51,47555.49,10.0414,0.0,0.0929,9.447
2026-09,2027-03,6,JP01,Software,Downside,837258.72,595784.38,637767.49,154688.65,1.06127,13,0.012153,3970.51,4285.7,559.04,4844.74,109247.8,45440.85,9.8653,0.0,0.0913,9.0269
2026-09,2027-03,6,JP01,Spare Parts,Base,3189647.22,1398455.76,1508935.4,407768.93,1.04722,13,0.012153,15126.18,17464.19,1161.59,18625.78,313350.3,94418.63,31.7055,0.0,0.2933,29.0202
2026-09,2027-03,6,JP01,Spare Parts,Upside,3244986.0,1461422.91,1562207.93,411505.82,1.04722,13,0.012153,15388.61,17716.67,1181.74,18898.41,315449.07,96056.74,31.9179,0.0,0.2953,29.5237
2026-09,2027-03,6,JP01,Spare Parts,Downside,3100691.48,1303979.01,1428020.11,401719.57,1.04722,13,0.012153,14704.33,17049.54,1129.19,18178.73,309934.17,91785.4,31.3599,0.0,0.2901,28.2109
2026-09,2027-03,6,US01,Events,Base,2708849.83,1083524.91,1231203.73,660044.98,1.13636,14,0.022505,12846.11,21463.6,2737.38,24200.98,541147.84,118897.13,39.2536,0.0,0.3632,35.9249
2026-09,2027-03,6,US01,Events,Upside,2755847.01,1135063.28,1275482.32,665755.97,1.13636,14,0.022505,13068.98,21662.4,2784.88,24447.28,544796.03,120959.94,39.5183,0.0,0.3656,36.5481
2026-09,2027-03,6,US01,Events,Downside,2633303.0,1006380.73,1164018.71,650790.97,1.13636,14,0.022505,12487.84,21113.81,2661.04,23774.85,535209.75,115581.22,38.8229,0.0,0.3592,34.923
2026-09,2027-03,6,US01,Hardware,Base,6344895.73,1935204.17,2276248.62,950231.15,1.05661,18,0.029486,36348.78,84040.42,5596.51,89636.93,766025.28,184205.87,52.4831,0.0,0.4855,47.8636
2026-09,2027-03,6,US01,Hardware,Upside,6454976.48,2044970.93,2369074.74,958559.27,1.05661,18,0.029486,36979.41,84674.45,5693.61,90368.06,771157.52,187401.75,52.8347,0.0,0.4888,48.6941
2026-09,2027-03,6,US01,Hardware,Downside,6167943.59,1772027.6,2136322.45,936740.2,1.05661,18,0.029486,35335.05,82877.71,5440.43,88318.14,757671.63,179068.58,51.9107,0.0,0.4803,46.5288
2026-09,2027-03,6,US01,Software,Base,1317780.15,963271.58,1022010.13,301677.36,1.08654,13,0.022505,6249.27,6712.01,1627.81,8339.82,230974.14,70703.22,15.2342,0.0,0.1409,14.2061
2026-09,2027-03,6,US01,Software,Upside,1340642.98,995974.41,1050934.87,304458.17,1.08654,13,0.022505,6357.69,6807.59,1656.05,8463.64,232528.28,71929.89,15.3368,0.0,0.1419,14.4526
2026-09,2027-03,6,US01,Software,Downside,1281028.72,913487.75,977463.92,297175.88,1.08654,13,0.022505,6074.99,6554.73,1582.41,8137.14,228444.49,68731.39,15.0674,0.0,0.1394,13.8099
2026-09,2027-04,7,DE01,Hardware,Base,6166762.27,1882371.53,2215202.08,737839.53,1.09521,16,0.019287,35328.28,81664.78,3561.56,85226.34,556739.83,181099.7,48.796,0.0,0.4514,46.0297
2026-09,2027-04,7,DE01,Hardware,Upside,6291763.81,1994793.02,2312090.48,745250.57,1.09521,16,0.019287,36044.4,82516.95,3633.76,86150.71,560479.94,184770.63,49.1238,0.0,0.4545,46.9627
2026-09,2027-04,7,DE01,Hardware,Downside,5966584.04,1715627.46,2069346.27,725873.17,1.09521,16,0.019287,34181.5,80156.4,3445.95,83602.35,550652.12,175221.05,48.2624,0.0,0.4465,44.5355
2026-09,2027-04,7,DE01,Software,Base,1050696.29,767107.46,813980.07,196800.01,1.05507,11,0.012153,4982.69,5352.85,701.55,6054.4,139774.84,57025.17,11.7703,0.0,0.1089,11.3607
2026-09,2027-04,7,DE01,Software,Upside,1071994.12,795443.12,839429.97,198894.47,1.05507,11,0.012153,5083.69,5444.67,715.77,6160.44,140713.38,58181.09,11.8494,0.0,0.1096,11.591
2026-09,2027-04,7,DE01,Software,Downside,1016589.82,724018.42,774825.93,193421.29,1.05507,11,0.012153,4820.95,5202.84,678.78,5881.62,138247.2,55174.09,11.6417,0.0,0.1077,10.992
2026-09,2027-04,7,ES01,Events,Base,3622330.04,1418542.77,1616659.05,545984.53,1.13636,12,0.012153,17178.08,28862.59,1978.3,30840.89,385179.7,160804.82,53.0366,0.0,0.4907,49.9823
2026-09,2027-04,7,ES01,Events,Upside,3695755.41,1491202.88,1680163.23,551838.27,1.13636,12,0.012153,17526.28,29214.85,2018.4,31233.25,387773.9,164064.37,53.3938,0.0,0.494,50.9955
2026-09,2027-04,7,ES01,Events,Downside,3504746.19,1310040.56,1520462.36,536542.14,1.13636,12,0.012153,16620.46,28256.83,1914.09,30170.92,380957.18,155584.96,52.4552,0.0,0.4853,48.3599
2026-09,2027-04,7,ES01,Hardware,Base,5611540.5,1670775.5,1974169.86,509578.67,1.07309,16,0.019287,32147.52,74767.63,3241.01,78008.64,344778.69,164799.98,44.8401,0.0,0.4148,42.2361
2026-09,2027-04,7,ES01,Hardware,Upside,5725287.57,1772221.44,2061491.98,515231.99,1.07309,16,0.019287,32799.15,75552.31,3306.7,78859.01,347091.48,168140.51,45.1409,0.0,0.4176,43.0923
2026-09,2027-04,7,ES01,Hardware,Downside,5429385.22,1520411.33,1842796.08,500464.64,1.07309,16,0.019287,31103.98,73380.27,3135.8,76516.07,341014.2,159450.44,44.3505,0.0,0.4103,40.8651
2026-09,2027-04,7,ES01,Spare Parts,Base,2332228.62,1022069.94,1102567.06,229876.18,1.03963,11,0.012153,11060.06,12770.19,849.35,13619.54,160837.77,69038.41,22.5142,0.0,0.2083,21.2722
2026-09,2027-04,7,ES01,Spare Parts,Upside,2379503.37,1071169.09,1144783.43,232352.29,1.03963,11,0.012153,11284.25,12992.0,866.56,13858.56,161914.46,70437.83,22.6649,0.0,0.2097,21.7034
2026-09,2027-04,7,ES01,Spare Parts,Downside,2256522.53,948520.61,1038516.35,225882.62,1.03963,11,0.012153,10701.05,12408.36,821.78,13230.14,159085.26,66797.37,22.2689,0.0,0.206,20.5817
2026-09,2027-04,7,JP01,Hardware,Base,3650689.96,1209409.91,1401770.07,423317.38,1.00756,18,0.019287,20914.15,47317.06,2108.27,49425.33,316115.42,107201.96,29.6392,0.0,0.2742,27.7791
2026-09,2027-04,7,JP01,Hardware,Upside,3724690.19,1277889.64,1460959.55,427600.35,1.00756,18,0.019287,21338.09,47800.7,2151.0,49951.7,318225.38,109374.97,29.837,0.0,0.276,28.3422
2026-09,2027-04,7,JP01,Hardware,Downside,3532185.52,1107612.72,1312490.33,416403.16,1.00756,18,0.019287,20235.26,46457.47,2039.83,48497.3,312681.06,103722.1,29.3172,0.0,0.2712,26.8774
2026-09,2027-04,7,JP01,Software,Base,886019.9,646334.35,686006.91,157817.94,1.06127,13,0.012153,4201.75,4514.61,591.59,5106.2,109730.66,48087.28,9.883,0.0,0.0914,9.5431
2026-09,2027-04,7,JP01,Software,Upside,903979.71,670217.92,707459.98,159529.8,1.06127,13,0.012153,4286.92,4592.04,603.59,5195.63,110467.78,49062.02,9.9494,0.0,0.092,9.7366
2026-09,2027-04,7,JP01,Software,Downside,857258.96,610016.34,653002.33,155057.2,1.06127,13,0.012153,4065.36,4388.08,572.39,4960.47,108530.87,46526.33,9.7749,0.0,0.0904,9.2334
2026-09,2027-04,7,JP01,Spare Parts,Base,3267342.08,1432519.97,1545690.73,408012.48,1.04722,13,0.012153,15494.63,17889.59,1189.88,19079.47,311293.96,96718.52,31.4149,0.0,0.2906,29.6976
2026-09,2027-04,7,JP01,Spare Parts,Upside,3333571.77,1501318.7,1604855.08,412057.99,1.04722,13,0.012153,15808.71,18200.32,1214.0,19414.32,313378.96,98679.02,31.6253,0.0,0.2926,30.2996
2026-09,2027-04,7,JP01,Spare Parts,Downside,3161281.44,1329459.79,1455924.75,401479.21,1.04722,13,0.012153,14991.66,17382.71,1151.26,18533.97,307900.25,93578.96,31.0724,0.0,0.2875,28.7336
2026-09,2027-04,7,US01,Events,Base,2769266.58,1107691.28,1258663.84,659145.55,1.13636,14,0.022505,13132.62,21942.32,2798.44,24740.76,537596.6,121548.95,38.8938,0.0,0.3598,36.6896
2026-09,2027-04,7,US01,Events,Upside,2825400.18,1163710.46,1307673.45,665233.63,1.13636,14,0.022505,13398.82,22209.13,2855.16,25064.29,541220.85,124012.77,39.156,0.0,0.3623,37.4333
2026-09,2027-04,7,US01,Events,Downside,2679373.88,1023987.84,1184383.76,649300.84,1.13636,14,0.022505,12706.32,21483.21,2707.6,24190.81,531697.47,117603.37,38.467,0.0,0.3559,35.4986
2026-09,2027-04,7,US01,Hardware,Base,6491658.98,1979967.22,2328900.33,949465.02,1.05661,18,0.029486,37189.56,85984.36,5725.97,91710.33,760998.3,188466.72,52.002,0.0,0.4811,48.9221
2026-09,2027-04,7,US01,Hardware,Upside,6623246.24,2098279.68,2430832.31,958383.84,1.05661,18,0.029486,37943.4,86881.77,5842.03,92723.8,766096.86,192286.98,52.3504,0.0,0.4843,49.9138
2026-09,2027-04,7,US01,Hardware,Downside,6280934.33,1804489.42,2175457.8,935048.41,1.05661,18,0.029486,35982.36,84395.95,5540.1,89936.05,752699.47,182348.94,51.4349,0.0,0.4758,47.3341
2026-09,2027-04,7,US01,Software,Base,1355634.66,990942.49,1051368.35,302192.63,1.08654,13,0.022505,6428.79,6904.82,1674.57,8579.39,229458.39,72734.24,15.0946,0.0,0.1396,14.5997
2026-09,2027-04,7,US01,Software,Upside,1383113.65,1027526.21,1084227.79,305210.92,1.08654,13,0.022505,6559.1,7023.24,1708.51,8731.75,231002.34,74208.58,15.1962,0.0,0.1406,14.8956
2026-09,2027-04,7,US01,Software,Downside,1311629.63,935308.93,1000813.34,297318.57,1.08654,13,0.022505,6220.11,6711.31,1620.21,8331.52,226945.34,70373.23,14.9293,0.0,0.1381,14.1258
2026-09,2027-05,8,DE01,Hardware,Base,6306931.11,1925157.32,2265553.02,738302.31,1.09521,16,0.019287,36131.29,83521.0,3642.52,87163.52,553086.27,185216.05,48.3487,0.0,0.4473,47.0292
2026-09,2027-05,8,DE01,Hardware,Upside,6453247.48,2045991.15,2371432.32,746314.77,1.09521,16,0.019287,36969.51,84634.82,3727.02,88361.84,556801.84,189512.93,48.6735,0.0,0.4503,48.1202
2026-09,2027-05,8,DE01,Hardware,Downside,6073503.59,1746371.04,2106428.39,725399.47,1.09521,16,0.019287,34794.02,81592.78,3507.7,85100.48,547038.51,178360.96,47.82,0.0,0.4424,45.2885
2026-09,2027-05,8,DE01,Software,Base,1080454.73,788833.93,837034.09,197560.29,1.05507,11,0.012153,5123.81,5504.46,721.42,6225.88,138920.01,58640.27,11.6671,0.0047,0.1079,11.6709
2026-09,2027-05,8,DE01,Software,Upside,1105520.52,820320.44,865682.97,201274.15,1.05507,11,0.012153,5242.68,5614.95,738.16,6353.11,141273.46,60000.69,11.8512,0.1105,0.1086,11.9417
2026-09,2027-05,8,DE01,Software,Downside,1040465.73,741022.91,793023.7,193809.89,1.05507,11,0.012153,4934.17,5325.03,694.72,6019.75,137339.96,56469.92,11.535,0.0,0.1067,11.2389
2026-09,2027-05,8,ES01,Events,Base,3701668.5,1449612.55,1652068.09,546978.86,1.13636,12,0.012153,17554.32,29494.76,2021.63,31516.39,382651.99,164326.87,52.5505,0.0,0.4862,51.0263
2026-09,2027-05,8,ES01,Events,Upside,3787544.61,1528238.97,1721892.41,553368.3,1.13636,12,0.012153,17961.57,29940.45,2068.53,32008.98,385229.16,168139.14,52.9044,0.0,0.4894,52.2101
2026-09,2027-05,8,ES01,Events,Downside,3564665.06,1332437.66,1546456.94,536702.09,1.13636,12,0.012153,16904.61,28739.92,1946.81,30686.73,378457.17,158244.92,51.9744,0.0,0.4808,49.1378
2026-09,2027-05,8,ES01,Hardware,Base,5739089.29,1708751.77,2019042.21,511061.94,1.07309,16,0.019287,32878.22,76467.08,3314.67,79781.75,342516.11,168545.84,44.4291,0.0,0.411,43.1532
2026-09,2027-05,8,ES01,Hardware,Upside,5872232.13,1817707.07,2114401.98,517269.7,1.07309,16,0.019287,33640.97,77491.43,3391.57,80883.0,344813.72,172455.98,44.7271,0.0,0.4138,44.1544
2026-09,2027-05,8,ES01,Hardware,Downside,5526678.32,1547656.69,1875818.48,501084.07,1.07309,16,0.019287,31661.36,74695.23,3191.99,77887.22,338776.32,162307.74,43.944,0.0,0.4065,41.5561
2026-09,2027-05,8,ES01,Spare Parts,Base,2388101.3,1046555.44,1128981.02,230474.63,1.03963,11,0.012153,11325.03,13076.13,869.69,13945.82,159782.28,70692.35,22.3079,0.0,0.2064,21.7601
2026-09,2027-05,8,ES01,Spare Parts,Upside,2443503.58,1099979.74,1175574.04,233184.27,1.03963,11,0.012153,11587.76,13341.44,889.87,14231.31,160851.91,72332.36,22.4572,0.0,0.2078,22.265
2026-09,2027-05,8,ES01,Spare Parts,Downside,2299714.65,966676.25,1058394.6,226117.21,1.03963,11,0.012153,10905.87,12645.87,837.51,13483.38,158041.27,68075.93,22.0648,0.0,0.2041,20.9548
2026-09,2027-05,8,JP01,Hardware,Base,3733669.15,1236899.47,1433631.92,423679.57,1.00756,18,0.019287,21389.53,48392.56,2156.19,50548.75,314040.93,109638.64,29.3675,0.0,0.2717,28.3823
2026-09,2027-05,8,JP01,Hardware,Upside,3820287.65,1310687.8,1498456.37,428319.23,1.00756,18,0.019287,21885.75,49027.54,2206.21,51233.75,316137.05,112182.18,29.5635,0.0,0.2735,29.0407
2026-09,2027-05,8,JP01,Hardware,Downside,3595481.32,1127460.84,1336009.8,416209.89,1.00756,18,0.019287,20597.87,47289.98,2076.38,49366.36,310629.12,105580.77,29.0484,0.0,0.2687,27.3318
2026-09,2027-05,8,JP01,Software,Base,911114.27,664640.21,705436.4,158540.86,1.06127,13,0.012153,4320.75,4642.47,608.35,5250.82,109091.62,49449.23,9.7986,0.0062,0.0906,9.8037
2026-09,2027-05,8,JP01,Software,Upside,932251.48,691178.85,729585.65,161579.78,1.06127,13,0.012153,4420.99,4735.66,622.46,5358.12,110983.36,50596.42,9.9533,0.0951,0.0912,10.0311
2026-09,2027-05,8,JP01,Software,Downside,877392.78,624343.35,668338.93,155437.7,1.06127,13,0.012153,4160.84,4491.14,585.83,5076.97,107818.65,47619.06,9.6853,0.0,0.0896,9.4408
2026-09,2027-05,8,JP01,Spare Parts,Base,3345617.07,1466838.54,1582720.5,408286.71,1.04722,13,0.012153,15865.83,18318.17,1218.39,19536.56,309251.12,99035.58,31.1269,0.0,0.288,30.3788
2026-09,2027-05,8,JP01,Spare Parts,Upside,3423233.04,1541698.85,1648019.99,412655.58,1.04722,13,0.012153,16233.91,18689.84,1246.65,19936.49,311322.44,101333.14,31.3354,0.0,0.2899,31.0836
2026-09,2027-05,8,JP01,Spare Parts,Downside,3221791.55,1354906.99,1483792.62,401249.83,1.04722,13,0.012153,15278.61,17715.43,1173.29,18888.72,305879.68,95370.15,30.7876,0.0,0.2848,29.2545
2026-09,2027-05,8,US01,Events,Base,2829920.73,1131952.6,1286231.86,658279.86,1.13636,14,0.022505,13420.26,22422.91,2859.73,25282.64,534068.67,124211.19,38.5373,0.0,0.3565,37.456
2026-09,2027-05,8,US01,Events,Upside,2895572.91,1192612.82,1340151.33,664761.93,1.13636,14,0.022505,13731.6,22760.72,2926.07,25686.79,537669.13,127092.8,38.7971,0.0,0.3589,38.3249
2026-09,2027-05,8,US01,Events,Downside,2725181.78,1041494.44,1204632.57,647822.23,1.13636,14,0.022505,12923.56,21850.49,2753.89,24604.38,528208.25,119613.98,38.1144,0.0,0.3526,36.0697
2026-09,2027-05,8,US01,Hardware,Base,6639212.63,2024971.34,2381835.61,948754.83,1.05661,18,0.029486,38034.87,87938.76,5856.12,93794.88,756004.3,192750.52,51.5253,0.0,0.4767,49.9844
2026-09,2027-05,8,US01,Hardware,Upside,6793237.69,2152133.88,2493221.76,958291.6,1.05661,18,0.029486,38917.25,89111.66,5991.97,95103.63,761069.4,197222.2,51.8705,0.0,0.4799,51.144
2026-09,2027-05,8,US01,Hardware,Downside,6393486.95,1836825.38,2214441.41,933376.52,1.05661,18,0.029486,36627.15,85908.3,5639.37,91547.67,747759.94,185616.58,50.9634,0.0,0.4715,48.1344
2026-09,2027-05,8,US01,Software,Base,1394029.74,1019008.54,1081145.82,303095.7,1.08654,13,0.022505,6610.87,7100.38,1722.0,8822.38,228301.44,74794.26,14.9794,0.0231,0.1384,14.9983
2026-09,2027-05,8,US01,Software,Upside,1426370.25,1059661.89,1118136.79,308416.67,1.08654,13,0.022505,6764.24,7242.9,1761.95,9004.85,231887.24,76529.44,15.216,0.1591,0.1393,15.3462
2026-09,2027-05,8,US01,Software,Downside,1342434.93,957275.85,1024318.73,297482.06,1.08654,13,0.022505,6366.19,6868.93,1658.27,8527.2,225456.03,72026.03,14.7924,0.0,0.1369,14.4432
2026-09,2027-06,9,DE01,Hardware,Base,6447853.93,1968173.27,2316174.81,739731.9,1.09521,16,0.019287,36938.61,85387.2,3723.9,89111.1,550377.37,189354.54,47.9752,0.0697,0.4432,48.0322
2026-09,2027-06,9,DE01,Hardware,Upside,6616380.19,2097712.1,2431380.16,755154.35,1.09521,16,0.019287,37904.07,86774.31,3821.23,90595.54,560850.69,194303.66,48.8105,0.5832,0.4462,49.2876
2026-09,2027-06,9,DE01,Hardware,Downside,6180008.14,1776995.28,2143366.57,724937.3,1.09521,16,0.019287,35404.17,83023.58,3569.21,86592.79,543448.61,181488.69,47.3817,0.0,0.4384,46.0369
2026-09,2027-06,9,DE01,Software,Base,1110637.09,810869.9,860416.52,201420.6,1.05507,11,0.012153,5266.94,5658.23,741.58,6399.81,141142.22,60278.38,11.7938,0.2337,0.1069,11.985
2026-09,2027-06,9,DE01,Software,Upside,1139665.59,845656.83,892420.43,206141.16,1.05507,11,0.012153,5404.61,5788.37,760.96,6549.33,144287.29,61853.87,12.0482,0.3056,0.1086,12.2982
2026-09,2027-06,9,DE01,Software,Downside,1064500.89,758140.83,811342.86,194641.12,1.05507,11,0.012153,5048.15,5448.04,710.77,6158.81,136866.72,57774.4,11.4611,0.0318,0.1057,11.4871
2026-09,2027-06,9,ES01,Events,Base,3781318.45,1480804.31,1687616.15,548026.43,1.13636,12,0.012153,17932.04,30129.41,2065.13,32194.54,380163.69,167862.74,52.0708,0.0021,0.4817,52.0725
2026-09,2027-06,9,ES01,Events,Upside,3880150.0,1565604.38,1763992.65,561160.76,1.13636,12,0.012153,18400.73,30672.49,2119.11,32791.6,388910.63,172250.13,52.9772,0.5577,0.485,53.4335
2026-09,2027-06,9,ES01,Events,Downside,3624241.34,1354706.71,1572302.89,536863.25,1.13636,12,0.012153,17187.14,29220.25,1979.35,31199.6,375973.58,160889.67,51.498,0.0,0.4764,49.9094
2026-09,2027-06,9,ES01,Hardware,Base,5867324.19,1746932.33,2064155.93,512903.74,1.07309,16,0.019287,33612.86,78175.67,3388.74,81564.41,340591.9,172311.85,44.0503,0.0285,0.4073,44.0736
2026-09,2027-06,9,ES01,Hardware,Upside,6020677.26,1863657.19,2167852.3,525036.13,1.07309,16,0.019287,34491.39,79450.35,3477.31,82927.66,348220.6,176815.53,44.8168,0.4997,0.41,45.2256
2026-09,2027-06,9,ES01,Hardware,Downside,5623593.78,1574796.29,1908712.71,501707.09,1.07309,16,0.019287,32216.57,76005.08,3247.97,79253.05,336553.13,165153.96,43.5411,0.0,0.4028,42.2428
2026-09,2027-06,9,ES01,Spare Parts,Base,2444390.54,1071223.5,1155591.9,231991.01,1.03963,11,0.012153,11591.97,13384.34,890.19,14274.53,159632.39,72358.62,22.1845,0.0811,0.2045,22.2509
2026-09,2027-06,9,ES01,Spare Parts,Upside,2508279.09,1129139.41,1206737.66,237585.82,1.03963,11,0.012153,11894.94,13695.11,913.46,14608.57,163335.98,74249.84,22.571,0.3196,0.2059,22.8325
2026-09,2027-06,9,ES01,Spare Parts,Downside,2342849.82,984807.96,1078246.65,226356.96,1.03963,11,0.012153,11110.43,12883.06,853.21,13736.27,157004.14,69352.82,21.8625,0.0,0.2023,21.3266
2026-09,2027-06,9,JP01,Hardware,Base,3817094.7,1264536.9,1465665.16,424068.48,1.00756,18,0.019287,21867.46,49473.85,2204.36,51678.21,311980.06,112088.41,29.0983,0.0,0.2692,28.9876
2026-09,2027-06,9,JP01,Hardware,Upside,3916861.33,1343820.9,1536336.09,432276.84,1.00756,18,0.019287,22439.0,50266.92,2261.98,52528.9,317258.79,115018.05,29.5415,0.249,0.271,29.7453
2026-09,2027-06,9,JP01,Hardware,Downside,3658531.43,1147231.92,1359437.97,416022.86,1.00756,18,0.019287,20959.08,48119.25,2112.79,50232.04,308590.64,107432.23,28.7822,0.0,0.2663,27.7835
2026-09,2027-06,9,JP01,Software,Base,936566.13,683206.85,725142.67,161770.5,1.06127,13,0.012153,4441.45,4772.16,625.34,5397.5,110939.91,50830.59,9.9061,0.1973,0.0898,10.0675
2026-09,2027-06,9,JP01,Software,Upside,961044.97,712526.57,752119.6,165598.63,1.06127,13,0.012153,4557.54,4881.92,641.69,5523.61,113439.49,52159.14,10.1198,0.2577,0.0912,10.3307
2026-09,2027-06,9,JP01,Software,Downside,897660.89,638765.92,683777.81,156209.26,1.06127,13,0.012153,4256.95,4594.88,599.37,5194.25,107490.19,48719.07,9.6256,0.029,0.0888,9.6493
2026-09,2027-06,9,JP01,Spare Parts,Base,3424475.64,1501412.96,1620026.35,410115.6,1.04722,13,0.012153,16239.8,18749.94,1247.1,19997.04,308745.68,101369.92,30.9639,0.1223,0.2853,31.064
2026-09,2027-06,9,JP01,Spare Parts,Upside,3513980.47,1582568.17,1691707.81,418970.45,1.04722,13,0.012153,16664.25,19185.3,1279.7,20465.0,314951.04,104019.41,31.5034,0.4553,0.2872,31.8759
2026-09,2027-06,9,JP01,Spare Parts,Downside,3282221.89,1380320.64,1511623.75,401031.36,1.04722,13,0.012153,15565.19,18047.71,1195.3,19243.01,303872.37,97158.99,30.5053,0.0,0.2822,29.7736
2026-09,2027-06,9,US01,Events,Base,2890813.01,1156309.18,1313908.11,657764.07,1.13636,14,0.022505,13709.02,22905.39,2921.26,25826.65,530880.19,126883.88,38.206,0.0219,0.3533,38.2239
2026-09,2027-06,9,US01,Events,Upside,2966369.61,1221772.18,1372918.01,670537.27,1.13636,14,0.022505,14067.33,23317.22,2997.62,26314.84,540337.05,130200.22,38.8713,0.4298,0.3556,39.223
2026-09,2027-06,9,US01,Events,Downside,2770727.77,1058900.94,1224765.61,646355.01,1.13636,14,0.022505,13139.55,22215.68,2799.91,25015.59,524741.92,121613.09,37.765,0.0,0.3494,36.6361
2026-09,2027-06,9,US01,Hardware,Base,6787559.99,2070217.54,2435055.63,948100.45,1.05661,18,0.029486,38884.72,89903.67,5986.97,95890.64,751043.08,197057.36,51.053,0.0,0.4723,51.0505
2026-09,2027-06,9,US01,Hardware,Upside,6964965.08,2206538.03,2556248.33,966351.11,1.05661,18,0.029486,39901.05,91364.33,6143.45,97507.78,764143.3,202207.81,51.9394,0.5444,0.4755,52.3848
2026-09,2027-06,9,US01,Hardware,Downside,6505602.7,1869035.82,2253273.7,931724.36,1.05661,18,0.029486,37269.44,87414.79,5738.26,93153.05,742852.82,188871.54,50.4962,0.0,0.4672,48.9298
2026-09,2027-06,9,US01,Software,Base,1432971.78,1047474.41,1111347.49,308342.01,1.08654,13,0.022505,6795.54,7298.73,1770.1,9068.83,231458.38,76883.63,15.15,0.3079,0.1373,15.4019
2026-09,2027-06,9,US01,Software,Upside,1470425.07,1092390.57,1152671.53,315331.13,1.08654,13,0.022505,6973.16,7466.6,1816.37,9282.97,236438.0,78893.12,15.4769,0.4004,0.1395,15.8045
2026-09,2027-06,9,US01,Software,Downside,1373445.7,979389.3,1047980.88,298541.2,1.08654,13,0.022505,6513.25,7027.61,1696.57,8724.18,224851.33,73689.86,14.7147,0.0579,0.1356,14.7621
2026-09,2027-07,10,DE01,Hardware,Base,5850520.78,1785840.49,2101602.95,718457.77,1.09521,16,0.019287,33516.59,77476.88,3378.92,80855.8,546645.15,171812.61,47.5354,0.0,0.4398,43.5392
2026-09,2027-07,10,DE01,Hardware,Upside,6020669.91,1908843.16,2212469.2,732972.18,1.09521,16,0.019287,34491.35,78961.53,3477.19,82438.72,556162.78,176809.39,48.363,0.0,0.4474,44.8054
2026-09,2027-07,10,DE01,Hardware,Downside,5581115.79,1604790.19,1935657.16,703783.25,1.09521,16,0.019287,31973.22,74977.93,3223.33,78201.26,539882.27,163900.98,46.9473,0.0,0.4343,41.5343
2026-09,2027-07,10,DE01,Software,Base,1013257.91,739773.91,784976.35,194860.17,1.05507,11,0.012153,4805.15,5162.12,676.56,5838.68,139866.92,54993.25,11.6857,0.0,0.1081,10.9233
2026-09,2027-07,10,DE01,Software,Upside,1042726.22,773725.7,816511.6,199476.52,1.05507,11,0.012153,4944.89,5296.01,696.23,5992.24,142883.91,56592.61,11.9378,0.0,0.1104,11.241
2026-09,2027-07,10,DE01,Software,Downside,966599.37,688415.07,736724.14,188381.89,1.05507,11,0.012153,4583.88,4946.99,645.4,5592.39,135920.97,52460.92,11.356,0.0,0.1051,10.4203
2026-09,2027-07,10,ES01,Events,Base,3428239.98,1342535.05,1530035.95,529849.74,1.13636,12,0.012153,16257.65,27316.09,1872.3,29188.39,377661.09,152188.65,51.5935,0.0,0.4773,47.1633
2026-09,2027-07,10,ES01,Events,Upside,3527942.57,1423491.96,1603872.21,540849.5,1.13636,12,0.012153,16730.47,27888.3,1926.75,29815.05,384234.79,156614.71,52.4915,0.0,0.4856,48.535
2026-09,2027-07,10,ES01,Events,Downside,3270376.26,1222435.33,1418785.77,518686.94,1.13636,12,0.012153,15509.02,26367.23,1786.09,28153.32,373506.28,145180.66,51.0259,0.0,0.4721,44.9916
2026-09,2027-07,10,ES01,Hardware,Base,5323771.67,1585095.44,1872931.25,494603.1,1.07309,16,0.019287,30498.94,70933.43,3074.8,74008.23,338254.32,156348.77,43.6465,0.0,0.4038,39.9509
2026-09,2027-07,10,ES01,Hardware,Upside,5478601.5,1695861.55,1972668.25,505035.61,1.07309,16,0.019287,31385.93,72296.98,3164.23,75461.21,344139.79,160895.82,44.4059,0.0,0.4108,41.1128
2026-09,2027-07,10,ES01,Hardware,Downside,5078622.44,1422185.9,1723743.14,483493.74,1.07309,16,0.019287,29094.52,68639.58,2933.21,71572.79,334344.52,149149.22,43.142,0.0,0.3991,38.1112
2026-09,2027-07,10,ES01,Spare Parts,Base,2220601.74,973150.86,1049795.17,224005.04,1.03963,11,0.012153,10530.7,12158.98,808.69,12967.67,158270.99,65734.04,21.9812,0.0,0.2034,20.1937
2026-09,2027-07,10,ES01,Spare Parts,Upside,2285182.91,1028709.32,1099405.68,228673.79,1.03963,11,0.012153,10836.96,12477.02,832.21,13309.23,161028.02,67645.77,22.3641,0.0,0.2069,20.781
2026-09,2027-07,10,ES01,Spare Parts,Downside,2118347.4,890439.22,974924.19,218680.93,1.03963,11,0.012153,10045.78,11648.55,771.46,12420.01,155973.81,62707.12,21.6621,0.0,0.2004,19.2638
2026-09,2027-07,10,JP01,Hardware,Base,3463476.7,1147389.42,1329885.04,411637.19,1.00756,18,0.019287,19841.64,44890.56,2000.15,46890.71,309932.72,101704.48,28.8316,0.0,0.2667,26.2761
2026-09,2027-07,10,JP01,Hardware,Upside,3564204.07,1222829.07,1398011.03,419316.03,1.00756,18,0.019287,20418.69,45741.1,2058.32,47799.42,314653.71,104662.32,29.2707,0.0,0.2708,27.0402
2026-09,2027-07,10,JP01,Hardware,Downside,3303990.4,1036055.94,1227697.53,403586.72,1.00756,18,0.019287,18927.97,43456.11,1908.05,45364.16,306565.53,97021.18,28.5183,0.0,0.2638,25.0661
2026-09,2027-07,10,JP01,Software,Base,854449.26,623304.18,661563.13,156214.53,1.06127,13,0.012153,4052.03,4353.74,570.51,4924.25,109840.69,46373.83,9.8153,0.0,0.0908,9.1757
2026-09,2027-07,10,JP01,Software,Upside,879298.98,651919.43,688144.7,159932.72,1.06127,13,0.012153,4169.88,4466.67,587.11,5053.78,112210.2,47722.51,10.027,0.0,0.0928,9.4425
2026-09,2027-07,10,JP01,Software,Downside,815103.55,580019.0,620891.17,150968.58,1.06127,13,0.012153,3865.44,4172.3,544.24,4716.54,106730.17,44238.41,9.5373,0.0,0.0882,8.7532
2026-09,2027-07,10,JP01,Spare Parts,Base,3110958.1,1363955.63,1471709.72,398505.47,1.04722,13,0.012153,14753.01,17033.35,1132.93,18166.28,306416.16,92089.3,30.6801,0.0,0.2838,28.192
2026-09,2027-07,10,JP01,Spare Parts,Upside,3201433.27,1441808.36,1541240.68,406522.62,1.04722,13,0.012153,15182.07,17478.88,1165.88,18644.76,311755.11,94767.51,31.2146,0.0,0.2888,29.0119
2026-09,2027-07,10,JP01,Spare Parts,Downside,2967704.6,1248052.1,1366773.15,389727.01,1.04722,13,0.012153,14073.67,16318.3,1080.76,17399.06,301878.23,87848.77,30.2257,0.0,0.2796,26.8938
2026-09,2027-07,10,US01,Events,Base,2620884.98,1048339.46,1191222.68,642421.16,1.13636,14,0.022505,12428.95,20766.61,2648.49,23415.1,527384.99,115036.17,37.8557,0.0,0.3502,34.6203
2026-09,2027-07,10,US01,Events,Upside,2697107.48,1110869.96,1248296.04,654950.58,1.13636,14,0.022505,12790.42,21200.68,2725.52,23926.2,536568.85,118381.74,38.515,0.0,0.3563,35.6272
2026-09,2027-07,10,US01,Events,Downside,2500198.38,955511.56,1105181.47,631037.32,1.13636,14,0.022505,11856.62,20046.58,2526.54,22573.12,521298.34,109738.98,37.4188,0.0,0.3462,33.0261
2026-09,2027-07,10,US01,Hardware,Base,6158756.26,1878431.31,2209470.58,924916.27,1.05661,18,0.029486,35282.42,81574.94,5432.33,87007.27,746114.42,178801.85,50.585,0.0,0.468,46.2751
2026-09,2027-07,10,US01,Hardware,Upside,6337869.72,2007870.88,2326094.78,943070.75,1.05661,18,0.029486,36308.53,83138.28,5590.32,88728.6,759068.86,184001.89,51.4633,0.0,0.4761,47.6209
2026-09,2027-07,10,US01,Hardware,Downside,5875157.63,1687911.26,2034913.41,908546.28,1.05661,18,0.029486,33657.73,78943.59,5182.18,84125.77,737977.9,170568.37,50.0334,0.0,0.4629,44.1442
2026-09,2027-07,10,US01,Software,Base,1307330.72,955633.25,1013906.02,300135.83,1.08654,13,0.022505,6199.72,6658.78,1614.9,8273.68,229993.25,70142.58,15.0111,0.0,0.1389,14.0376
2026-09,2027-07,10,US01,Software,Upside,1345351.47,999472.38,1054625.88,307138.86,1.08654,13,0.022505,6380.02,6831.49,1661.87,8493.36,234956.35,72182.52,15.335,0.0,0.1419,14.4458
2026-09,2027-07,10,US01,Software,Downside,1247130.71,889315.44,951598.7,290298.53,1.08654,13,0.022505,5914.23,6381.28,1540.54,7921.82,223385.88,66912.65,14.5799,0.0,0.1349,13.3912
2026-09,2027-08,11,DE01,Hardware,Base,5187943.48,1583592.27,1863594.32,695412.5,1.09521,16,0.019287,29720.81,68702.54,2996.25,71698.79,543057.84,152354.66,47.0997,0.0,0.4357,38.57
2026-09,2027-08,11,DE01,Hardware,Upside,5354150.28,1697524.25,1967537.29,709748.68,1.09521,16,0.019287,30672.97,70220.07,3092.24,73312.31,552513.01,157235.67,47.9197,0.0,0.4433,39.8056
2026-09,2027-08,11,DE01,Hardware,Downside,4925773.0,1416353.37,1708369.46,680994.82,1.09521,16,0.019287,28218.88,66173.91,2844.84,69018.75,536339.33,144655.49,46.517,0.0,0.4304,36.6208
2026-09,2027-08,11,DE01,Software,Base,903418.97,659581.11,699883.53,187980.94,1.05507,11,0.012153,4284.26,4602.54,603.22,5205.76,138949.05,49031.89,11.5786,0.0,0.1071,9.7295
2026-09,2027-08,11,DE01,Software,Upside,932361.92,691832.97,730090.33,192548.97,1.05507,11,0.012153,4421.51,4735.47,622.54,5358.01,141946.24,50602.73,11.8283,0.0,0.1094,10.0412
2026-09,2027-08,11,DE01,Software,Downside,857765.08,610902.95,653772.66,181583.08,1.05507,11,0.012153,4067.76,4389.98,572.73,4962.71,135029.0,46554.08,11.2519,0.0,0.1041,9.2378
2026-09,2027-08,11,ES01,Events,Base,3037529.83,1189528.82,1355660.59,510026.71,1.13636,12,0.012153,14404.8,24202.93,1658.92,25861.85,375182.72,134843.99,51.1205,0.0,0.4729,41.7467
2026-09,2027-08,11,ES01,Events,Upside,3134843.55,1264880.17,1425161.65,520877.28,1.13636,12,0.012153,14866.28,24780.86,1712.07,26492.93,381713.28,139164.01,52.0104,0.0,0.4812,43.0841
2026-09,2027-08,11,ES01,Events,Downside,2884029.57,1078022.64,1251177.17,499084.88,1.13636,12,0.012153,13676.86,23252.33,1575.09,24827.42,371055.17,128029.71,50.5581,0.0,0.4677,39.637
2026-09,2027-08,11,ES01,Hardware,Base,4720849.23,1405581.81,1660819.92,474676.67,1.07309,16,0.019287,27044.91,62900.15,2726.58,65626.73,336034.56,138642.12,43.2464,0.0,0.4001,35.3912
2026-09,2027-08,11,ES01,Hardware,Upside,4872091.67,1508120.81,1754283.56,484965.21,1.07309,16,0.019287,27911.35,64293.33,2813.93,67107.26,341881.4,143083.81,43.9989,0.0,0.4071,36.525
2026-09,2027-08,11,ES01,Hardware,Downside,4482283.15,1255190.75,1521338.69,463786.31,1.07309,16,0.019287,25678.2,60579.82,2588.79,63168.61,332150.41,131635.9,42.7465,0.0,0.3955,33.6027
2026-09,2027-08,11,ES01,Spare Parts,Base,1971478.89,863975.9,932021.7,215591.88,1.03963,11,0.012153,9349.29,10794.9,717.97,11512.87,157232.35,58359.53,21.7797,0.0,0.2015,17.9104
2026-09,2027-08,11,ES01,Spare Parts,Upside,2034639.41,915923.41,978868.75,220200.49,1.03963,11,0.012153,9648.82,11109.06,740.97,11850.03,159971.29,60229.2,22.1591,0.0,0.205,18.4842
2026-09,2027-08,11,ES01,Spare Parts,Downside,1871851.06,786825.43,861479.51,210360.6,1.03963,11,0.012153,8876.83,10293.09,681.69,10974.78,154950.25,55410.36,21.4635,0.0,0.1986,17.0053
2026-09,2027-08,11,JP01,Hardware,Base,3071234.52,1017446.43,1179274.24,398085.15,1.00756,18,0.019287,17594.56,39806.66,1773.63,41580.29,307898.81,90186.34,28.5673,0.0,0.2643,23.2771
2026-09,2027-08,11,JP01,Hardware,Upside,3169628.04,1087455.5,1243243.9,405664.48,1.00756,18,0.019287,18158.24,40677.32,1830.45,42507.77,312588.82,93075.65,29.0024,0.0,0.2683,24.0229
2026-09,2027-08,11,JP01,Hardware,Downside,2916031.01,914400.74,1083539.49,390182.54,1.00756,18,0.019287,16705.42,38353.43,1684.0,40037.43,304553.72,85628.81,28.2569,0.0,0.2614,22.1008
2026-09,2027-08,11,JP01,Software,Base,761825.46,555736.91,589848.52,150466.7,1.06127,13,0.012153,3612.78,3881.79,508.67,4390.46,109119.87,41346.83,9.7253,0.0,0.09,8.1729
2026-09,2027-08,11,JP01,Software,Upside,786232.16,582918.93,615310.04,154145.3,1.06127,13,0.012153,3728.53,3993.91,524.97,4518.88,111473.83,42671.46,9.9351,0.0,0.0919,8.4347
2026-09,2027-08,11,JP01,Software,Downside,723326.94,514711.74,550981.91,145287.14,1.06127,13,0.012153,3430.21,3702.52,482.96,4185.48,106029.76,39257.38,9.4499,0.0,0.0874,7.7599
2026-09,2027-08,11,JP01,Spare Parts,Base,2761948.77,1210937.41,1306602.89,386163.41,1.04722,13,0.012153,13097.91,15122.42,1005.83,16128.25,304405.33,81758.07,30.3988,0.0,0.2812,25.0043
2026-09,2027-08,11,JP01,Spare Parts,Upside,2850433.67,1283730.98,1372261.72,394086.61,1.04722,13,0.012153,13517.53,15562.53,1038.05,16600.58,309709.24,84377.37,30.9285,0.0,0.2861,25.8054
2026-09,2027-08,11,JP01,Spare Parts,Downside,2622374.88,1102825.56,1207731.92,377523.64,1.04722,13,0.012153,12436.02,14419.46,955.0,15374.46,299897.18,77626.46,29.9486,0.0,0.2771,23.7408
2026-09,2027-08,11,US01,Events,Base,2322187.58,928862.16,1055461.24,625849.77,1.13636,14,0.022505,11012.45,18399.88,2346.65,20746.53,523924.06,101925.71,37.5087,0.0,0.347,30.6442
2026-09,2027-08,11,US01,Events,Upside,2396583.8,987091.9,1109205.35,638238.77,1.13636,14,0.022505,11365.25,18838.4,2421.83,21260.23,533047.66,105191.12,38.1619,0.0,0.3531,31.626
2026-09,2027-08,11,US01,Events,Downside,2204836.84,842631.97,974620.59,614652.3,1.13636,14,0.022505,10455.94,17678.37,2228.06,19906.43,517877.36,96774.94,37.0758,0.0,0.343,29.0957
2026-09,2027-08,11,US01,Hardware,Base,5461270.98,1665697.1,1959245.84,899770.46,1.05661,18,0.029486,31286.65,72336.5,4817.11,77153.61,741218.1,158552.36,50.1213,0.0,0.4637,40.9936
2026-09,2027-08,11,US01,Hardware,Upside,5636234.41,1785589.08,2068583.92,917719.45,1.05661,18,0.029486,32288.98,73934.44,4971.44,78905.88,754087.53,163631.92,50.9915,0.0,0.4717,42.307
2026-09,2027-08,11,US01,Hardware,Downside,5185288.02,1489714.25,1795970.9,883674.97,1.05661,18,0.029486,29705.59,69673.92,4573.68,74247.6,733134.98,150539.99,49.5747,0.0,0.4586,38.922
2026-09,2027-08,11,US01,Software,Base,1165613.77,852040.92,903996.83,291022.93,1.08654,13,0.022505,5527.66,5936.96,1439.84,7376.8,228483.94,62539.0,14.8735,0.0,0.1376,12.5034
2026-09,2027-08,11,US01,Software,Upside,1202956.69,893686.16,943002.09,297957.03,1.08654,13,0.022505,5704.75,6108.43,1485.97,7594.4,233414.46,64542.57,15.1945,0.0,0.1406,12.904
2026-09,2027-08,11,US01,Software,Downside,1106709.98,789182.94,844453.41,281298.55,1.08654,13,0.022505,5248.32,5662.78,1367.08,7029.86,221919.93,59378.62,14.4462,0.0,0.1336,11.8716
2026-09,2027-09,12,DE01,Hardware,Base,6404705.55,1880962.36,2232386.87,737846.74,1.09521,0,0.0,0.0,0.0,0.0,0.0,546060.36,191786.38,47.1634,0.4954,0.4317,47.5687
2026-09,2027-09,12,DE01,Hardware,Upside,6628870.25,2026342.48,2366202.92,760165.69,1.09521,0,0.0,0.0,0.0,0.0,0.0,561666.79,198498.9,48.4447,0.9642,0.4393,49.2336
2026-09,2027-09,12,DE01,Hardware,Downside,6052446.75,1668565.39,2033344.76,714057.77,1.09521,0,0.0,0.0,0.0,0.0,0.0,532819.65,181238.13,46.0906,0.0,0.4264,44.9524
2026-09,2027-09,12,DE01,Software,Base,1122515.48,817701.27,868082.08,204195.53,1.05507,0,0.0,0.0,0.0,0.0,0.0,142522.96,61672.57,11.805,0.3326,0.1061,12.0771
2026-09,2027-09,12,DE01,Software,Upside,1161803.52,860262.46,908224.11,210631.58,1.05507,0,0.0,0.0,0.0,0.0,0.0,146800.46,63831.11,12.1489,0.4289,0.1084,12.4998
2026-09,2027-09,12,DE01,Software,Downside,1060777.13,753633.71,806971.78,194382.6,1.05507,0,0.0,0.0,0.0,0.0,0.0,136102.02,58280.58,11.294,0.1452,0.1031,11.4129
2026-09,2027-09,12,ES01,Events,Base,3750626.5,1445756.34,1652959.78,546451.27,1.13636,0,0.0,0.0,-0.0,0.0,0.0,377902.65,168548.61,51.1162,0.4642,0.4686,51.496
2026-09,2027-09,12,ES01,Events,Upside,3881898.43,1542940.59,1743421.32,564490.56,1.13636,0,0.0,0.0,0.0,0.0,0.0,390042.75,174447.82,52.5042,0.9706,0.4768,53.2984
2026-09,2027-09,12,ES01,Events,Downside,3544342.04,1302441.58,1517388.28,527898.59,1.13636,0,0.0,0.0,0.0,0.0,0.0,368620.15,159278.44,50.0947,0.0,0.4634,48.6637
2026-09,2027-09,12,ES01,Hardware,Base,5828060.66,1667140.26,1987484.1,513349.87,1.07309,0,0.0,0.0,-0.0,0.0,0.0,338825.05,174524.81,43.2891,0.4391,0.3964,43.6483
2026-09,2027-09,12,ES01,Hardware,Upside,6032042.78,1797874.68,2107715.2,530160.89,1.07309,0,0.0,0.0,0.0,0.0,0.0,349527.7,180633.18,44.4648,0.8693,0.4033,45.176
2026-09,2027-09,12,ES01,Hardware,Downside,5507517.32,1476312.23,1808777.75,494896.65,1.07309,0,0.0,0.0,-0.0,0.0,0.0,329970.7,164925.95,42.3547,0.0,0.3918,41.2477
2026-09,2027-09,12,ES01,Spare Parts,Base,2439200.6,1060622.91,1145323.75,232698.31,1.03963,0,0.0,0.0,0.0,0.0,0.0,159605.03,73093.29,21.8867,0.3066,0.1996,22.1375
2026-09,2027-09,12,ES01,Spare Parts,Upside,2524572.62,1128039.58,1206616.49,240413.34,1.03963,0,0.0,0.0,0.0,0.0,0.0,164761.79,75651.55,22.482,0.526,0.2031,22.9124
2026-09,2027-09,12,ES01,Spare Parts,Downside,2305044.57,960797.85,1053287.38,223006.55,1.03963,0,0.0,0.0,-0.0,0.0,0.0,153933.4,69073.16,21.2668,0.0,0.1967,20.92
2026-09,2027-09,12,JP01,Hardware,Base,3791551.09,1213886.11,1416992.69,422257.11,1.00756,0,0.0,0.0,0.0,0.0,0.0,308729.17,113527.94,28.5268,0.2214,0.2619,28.7079
2026-09,2027-09,12,JP01,Hardware,Upside,3924255.38,1303463.19,1499551.18,434952.81,1.00756,0,0.0,0.0,0.0,0.0,0.0,317451.39,117501.42,29.2734,0.5369,0.2659,29.7127
2026-09,2027-09,12,JP01,Hardware,Downside,3583015.78,1082628.09,1293912.09,409839.02,1.00756,0,0.0,0.0,0.0,0.0,0.0,302555.11,107283.91,27.9979,0.0,0.259,27.129
2026-09,2027-09,12,JP01,Software,Base,946582.82,688957.85,731599.73,164075.25,1.06127,0,0.0,0.0,0.0,0.0,0.0,112068.98,52006.26,9.916,0.2798,0.0891,10.1449
2026-09,2027-09,12,JP01,Software,Upside,979713.21,724827.94,765435.31,169294.45,1.06127,0,0.0,0.0,0.0,0.0,0.0,115467.97,53826.48,10.2048,0.3608,0.0911,10.5
2026-09,2027-09,12,JP01,Software,Downside,894520.76,634963.8,680090.79,156091.18,1.06127,0,0.0,0.0,0.0,0.0,0.0,106945.26,49145.92,9.4863,0.123,0.0866,9.5869
2026-09,2027-09,12,JP01,Spare Parts,Base,3417204.77,1486564.72,1605645.47,410206.22,1.04722,0,0.0,0.0,0.0,0.0,0.0,307807.07,102399.15,30.5522,0.4321,0.2787,30.9057
2026-09,2027-09,12,JP01,Spare Parts,Upside,3536806.94,1581036.16,1691552.24,422886.98,1.04722,0,0.0,0.0,0.0,0.0,0.0,316903.86,105983.12,31.3833,0.7383,0.2835,31.9874
2026-09,2027-09,12,JP01,Spare Parts,Downside,3229258.51,1346677.0,1476646.31,394696.32,1.04722,0,0.0,0.0,0.0,0.0,0.0,297929.13,96767.2,29.6741,0.0,0.2745,29.2059
2026-09,2027-09,12,US01,Events,Base,2867349.06,1129560.94,1287458.28,654297.99,1.13636,0,0.0,0.0,0.0,0.0,0.0,525546.44,128751.55,37.5146,0.3497,0.3438,37.8008
2026-09,2027-09,12,US01,Events,Upside,2967706.28,1204708.05,1357448.05,673246.74,1.13636,0,0.0,0.0,0.0,0.0,0.0,539988.88,133257.86,38.5335,0.7214,0.3498,39.1238
2026-09,2027-09,12,US01,Events,Downside,2709644.86,1018661.48,1182506.55,636149.05,1.13636,0,0.0,0.0,-0.0,0.0,0.0,514478.83,121670.22,36.736,0.0,0.3399,35.7217
2026-09,2027-09,12,US01,Hardware,Base,6742138.33,1978395.69,2346822.35,945372.19,1.05661,0,0.0,0.0,-0.0,0.0,0.0,743686.61,201685.58,50.1547,0.4928,0.4594,50.5579
2026-09,2027-09,12,US01,Hardware,Upside,6978113.17,2131376.89,2487577.29,972641.01,1.05661,0,0.0,0.0,0.0,0.0,0.0,763896.44,208744.57,51.5159,0.9918,0.4674,52.3274
2026-09,2027-09,12,US01,Hardware,Downside,6371320.72,1754900.15,2137468.48,918916.71,1.05661,0,0.0,0.0,0.0,0.0,0.0,728323.84,190592.87,49.1203,0.0,0.4544,47.7772
2026-09,2027-09,12,US01,Software,Base,1448297.58,1056309.79,1121258.27,313011.72,1.08654,0,0.0,0.0,0.0,0.0,0.0,233516.77,79494.95,15.1679,0.4307,0.1363,15.5203
2026-09,2027-09,12,US01,Software,Upside,1498987.99,1111268.49,1173093.81,322570.56,1.08654,0,0.0,0.0,0.0,0.0,0.0,240293.3,82277.27,15.6098,0.5546,0.1393,16.0635
2026-09,2027-09,12,US01,Software,Downside,1368641.21,973577.21,1042344.19,298529.89,1.08654,0,0.0,0.0,0.0,0.0,0.0,223407.17,75122.72,14.5079,0.1941,0.1324,14.6667
